TipType	TipTemplateId	Notice	zh_CN	en_US	pt_BR	ru_RU	ko_KR	de_DE	fr_FR	es_ES	it_IT	in_ID	th_TH	tr_TR	vi_VN	ja_JP													
枚举类型	模板说明	备注	中文	英文	葡萄牙语	俄语	韩语	德语	法语	西语	意大利语	印尼语	泰语	土耳其	越南语	日语													
1018001	EnchantmentOpen	EnchantmentOpen	▢FFFF0000附魔已开启，可前往中心岛进行装备附魔！	▢FFFF0000The enchantment has been turned on and you can go to the center island for equipment enchantment now!	▢FFFF0000O encantamento foi ativado e você pode ir para a ilha central para encantar o equipamento agora!	"▢FFFF0000Зачарование включено	 и вы можете отправиться на центральный остров для зачарования снаряжения!"	"▢FFFF0000마법이 켜졌고	 장비 마법에 대한 섬 중앙에 갈 수 있습니다!"	"▢FFFF0000Die Verzauberung wurde aktiviert und du kannst jetzt zur Mittelinsel gehen	 um die Ausrüstung zu verzaubern!"	▢FFFF0000L'enchantement a été activé et vous pouvez maintenant vous rendre sur l'île centrale pour un enchantement d'équipement!	▢FFFF0000El encantamiento se ha activado y ahora puedes ir a la isla central para el encantamiento de equipos.	▢FFFF0000L'incantesimo è stato attivato e ora puoi andare all'isola centrale per l'incantesimo delle attrezzature!	▢FFFF0000Pesona telah dihidupkan dan Anda dapat pergi ke pulau tengah untuk pesona peralatan sekarang!	▢FFFF0000ความลุ่มหลงได้รับการเปิดใช้แล้วและคุณสามารถไปที่เกาะกลางเพื่อรับมนต์เสน่ห์ได้แล้วตอนนี้!	▢FFFF0000Büyü açıldı ve şimdi ekipman büyü için merkez adaya gidebilirsiniz!	▢FFFF0000Bùa mê đã được bật và bạn có thể đến đảo trung tâm để mê hoặc thiết bị ngay bây giờ!	▢FFFF0000エンチャントがオンになっています。今度からあなたは装備品のエンチャントを求めて中央の島に行くことができます！													
1018002	EnchantMentLeftTime	EnchantMentLeftTime	▢FF00FF00距离附魔台开启剩余▢FFFF0000%1s▢FF00FF00秒	▢FFFF0000%1s ▢FF00FF00seconds left for the opening of the enchantment table	▢FFFF0000%1s ▢FF00FF00 segundo restante para a abertura da mesa de encantamento	▢FFFF0000%1s ▢FF00FF00 секунда до открытия стола чар	매혹적인 테이블의 남은 시간은 ▢FFFF0000%1s ▢FF00FF00 초입니다.	Noch ▢FFFF0000%1s ▢FF00FF00 Sekunde für das Öffnen der Verzauberungstabelle	▢FFFF0000%1s ▢FF00FF00 seconde pour l'ouverture de la table d'enchantement	Quedan ▢FFFF0000%1s ▢FF00FF00 segundos para la apertura de la mesa de encantamientos.	▢FFFF0000%1s ▢FF00FF00 secondo rimasto per l'apertura del tavolo dell'incantesimo	▢FFFF0000%1s ▢FF00FF00 detik tersisa untuk pembukaan tabel pesona	เหลือ ▢FFFF0000%1s ▢FF00FF00 วินาทีสำหรับการเปิดตารางเสริมเสน่ห์	Büyü masasının açılması için ▢FFFF0000%1s ▢FF00FF00 saniye kaldı	Còn lại ▢FFFF0000%1s ▢FF00FF00 giây để mở bảng bùa mê	エンチャントテーブルを開くまであと▢FFFF0000%1s ▢FF00FF00秒													
1018003	EnchantmentConsumenotEnough	EnchantmentConsumenotEnough	▢FFFF0000缺少附魔材料，请到附近的附魔商店购买	▢FFFF0000Lack of enchanting material	▢FFFF0000Falta de material encantador	▢FFFF0000Недостаток чарующего материала	▢FFFF0000마법 자료가 누락 된 경우 인근 마법 상점에 가서 구매하십시오	▢FFFF0000Mangel an bezauberndem Material	▢FFFF0000Manque de matériel enchanteur	▢FFFF0000Falta de material encantador	▢FFFF0000Mancanza di materiale incantevole	▢FFFF0000Kurangnya bahan yang mempesona	▢FFFF0000ขาดวัสดุที่มีเสน่ห์	▢FFFF0000Büyüleyici malzeme eksikliği	▢FFFF0000Thiếu nguyên liệu mê hoặc	▢FFFF0000魅惑的な材料の欠如	 please buy some from the material merchant nearby	▢FFFF0000Lack of enchanting material	 please buy some from the material merchant nearby	▢FFFF0000Lack of enchanting material	 please buy some from the material merchant nearby	▢FFFF0000Lack of enchanting material	 please buy some from the material merchant nearby	▢FFFF0000Lack of enchanting material	 please buy some from the material merchant nearby	▢FFFF0000Lack of enchanting material	 please buy some from the material merchant nearby	▢FFFF0000Lack of enchanting material	 please buy some from the material merchant nearby
