序号	商品组ID	商品类型(0-6)	商品详情	商品图片(#为默认)	商品ID	商品Meta	商品数量	货币ID	价格
index	groupId	type	desc	image	id	meta	num	coinId	price
1	1001	1	item.chestplateCloth.name	#	299	0	1	1	50
2	1001	1	item.helmetCloth.name	#	298	0	1	1	20
3	1001	1	item.leggingsCloth.name	#	300	0	1	1	30
4	1001	1	item.bootsCloth.name	#	301	0	1	1	20
5	1001	1	item.chestplateIron.name	#	307	0	1	1	100
6	1001	1	item.helmetIron.name	#	306	0	1	1	40
7	1001	1	item.leggingsIron.name	#	308	0	1	1	70
8	1001	1	item.bootsIron.name	#	309	0	1	1	40
9	1001	1	item.chestplateDiamond.name	#	311	0	1	1	200
10	1001	1	item.helmetDiamond.name	#	310	0	1	1	100
11	1001	1	item.leggingsDiamond.name	#	312	0	1	1	150
12	1001	1	item.bootsDiamond.name	#	313	0	1	1	100
13	1001	2	item.swordWood.name	#	268	0	1	1	90
15	1001	2	item.swordIron.name	#	267	0	1	1	180
16	1001	2	item.swordDiamond.name	#	276	0	1	1	270
17	1001	2	item.bow.name	#	261	0	1	1	270
18	1001	2	item.arrow.name	#	262	0	8	1	36
19	1001	2	item.snowball.name	#	332	0	30	1	30
20	1001	5	item.bread.name	#	297	0	5	1	20
22	1001	5	gui.chest.small.chest	#	54	0	1	1	100
23	1001	5	tile.tnt.name	#	46	0	1	1	500
