id	类型(1为普通npc，2为分页npc)	Npc头上的名字	模型	x坐标	y坐标	z坐标	npc的朝向方位	显示的标题(#为空)	需要显示的消息(#来用分页)
id	type	name	actor	x	y	z	yaw	title	message
1	1	gem_NPC4_name	npc14.actor	253	40	111	270	gem_NPC4_name	gem_NPC4_content
2	1	gem_NPC4_name	npc14.actor	133	40	111	270	gem_NPC4_name	gem_NPC4_content
3	1	gem_NPC4_name	npc14.actor	257	40	288	90	gem_NPC4_name	gem_NPC4_content
4	1	gem_NPC4_name	npc14.actor	137	40	288	90	gem_NPC4_name	gem_NPC4_content
5	1	gem_NPC3_name	angel.actor	256	15	108	0	gem_NPC3_name	gem_NPC3_content
6	1	gem_NPC3_name	angel.actor	136	15	108	0	gem_NPC3_name	gem_NPC3_content
7	1	gem_NPC3_name	angel.actor	255	15	291	180	gem_NPC3_name	gem_NPC3_content
8	1	gem_NPC3_name	angel.actor	135	15	291	180	gem_NPC3_name	gem_NPC3_content
9	2	gem_NPC1_name	npc14.actor	196	60	36	0	gem_NPC1_name	gem_NPC1_content1#gem_NPC1_content2#gem_NPC1_content3#gem_NPC1_content4#gem_NPC1_content5
10	2	gem_NPC2_name	npc14.actor	202	60	36	0	gem_NPC2_name	gem_NPC2_content1#gem_NPC2_content2#gem_NPC2_content3#gem_NPC2_content4#gem_NPC2_content5
11	1	gem_NPC5_name	boy.actor	280	9	137	0	gem_NPC5_name	gem_NPC5_content2
12	1	gem_NPC5_name	boy.actor	112	9	137	0	gem_NPC5_name	gem_NPC5_content2
13	1	gem_NPC5_name	boy.actor	111	9	262	0	gem_NPC5_name	gem_NPC5_content2
14	1	gem_NPC5_name	boy.actor	279	9	262	0	gem_NPC5_name	gem_NPC5_content2
15	1	gem_NPC5_name	boy.actor	199	60	36	0	gem_NPC5_name	gem_NPC5_content
16	2	gem_NPC1_name	npc14.actor	217	20	36	0	gem_NPC1_name	gem_NPC1_content1#gem_NPC1_content2#gem_NPC1_content3#gem_NPC1_content4#gem_NPC1_content5
17	2	gem_NPC2_name	npc14.actor	181	20	36	0	gem_NPC2_name	gem_NPC2_content1#gem_NPC2_content2#gem_NPC2_content3#gem_NPC2_content4#gem_NPC2_content5
