ID	名字	传送地点x坐标	传送地点y坐标	传送地点z坐标	朝向yaw	兑换区域起始x坐标	兑换区域起始y坐标	兑换区域起始z坐标	兑换区域终点x坐标	兑换区域终点y坐标	兑换区域终点z坐标	最大资源数	雕像名字	雕像actor	雕像x坐标	雕像y坐标	雕像z坐标	雕像的yaw面向角度
id	name	initPositionX	initPositionY	initPositionZ	yaw	exchangeStartX	exchangeStartY	exchangeStartZ	exchangeEndX	exchangeEndY	exchangeEndZ	maxResource	statueName	statueActor	statuePosX	statuePosY	statuePosZ	statueYaw
1	Red	256	40	110	0	251	13	107	261	15	111	5000	Red	gargoyle_1.actor	256	17	134	0
2	Blue	136	40	110	0	131	13	107	141	15	111	5000	Blue	gargoyle_1.actor	136	17	134	0
3	Green	255	40	290	180	260	13	292	250	15	288	5000	Green	gargoyle_1.actor	255	17	265	180
4	Yellow	135	40	291	180	140	13	292	130	15	288	5000	Yellow	gargoyle_1.actor	135	17	265	180
