TipType	TipTemplateId	Notice	zh_CN	en_US	pt_BR	ru_RU	ko_KR	de_DE	fr_FR	es_ES	it_IT	in_ID	th_TH	tr_TR	vi_VN	ja_JP
枚举类型	模板说明	备注	中文	英文	葡萄牙语	俄语	韩语	德语	法语	西语	意大利语	印尼语	泰语	土耳其	越南语	日语
1033001	GameName	GameName	反恐精英	Block Counter-Strike	Block Counter-Strike	Block Counter-Strike	Block Counter-Strike	Block Counter-Strike	Block Counter-Strike	Block Counter-Strike	Block Counter-Strike	Block Counter-Strike	Block Counter-Strike	Block Counter-Strike	Block Counter-Strike	Block Counter-Strike
1033002	msgStandToBuy	msgStandToBuy	▢FF00FFFF购买基础枪械时间！	▢FF00FFFFIt's time to buy basic guns!	▢FF00FFFFIt's time to buy basic guns!	▢FF00FFFFСамое время купить стандартные пушки!	▢FF00FFFFIt's time to buy basic guns!	▢FF00FFFFIt's time to buy basic guns!	▢FF00FFFFIt's time to buy basic guns!	▢FF00FFFFIt's time to buy basic guns!	▢FF00FFFFIt's time to buy basic guns!	▢FF00FFFFIt's time to buy basic guns!	▢FF00FFFFIt's time to buy basic guns!	▢FF00FFFFIt's time to buy basic guns!	▢FF00FFFFIt's time to buy basic guns!	▢FF00FFFFIt's time to buy basic guns!
1033003	msgPurchaseFailed	msgPurchaseFailed	▢FF00FFFF购买失败!(可能已有此类型物品)	▢FF00FFFFBuy failure!(this type goods might have been)	▢FF00FFFFBuy failure!(this type goods might have been)	▢FF00FFFFОтказано в покупке!(этот тип товара наверное был у вас)	▢FF00FFFFBuy failure!(this type goods might have been)	▢FF00FFFFBuy failure!(this type goods might have been)	▢FF00FFFFBuy failure!(this type goods might have been)	▢FF00FFFFBuy failure!(this type goods might have been)	▢FF00FFFFBuy failure!(this type goods might have been)	▢FF00FFFFBuy failure!(this type goods might have been)	▢FF00FFFFBuy failure!(this type goods might have been)	▢FF00FFFFBuy failure!(this type goods might have been)	▢FF00FFFFBuy failure!(this type goods might have been)	▢FF00FFFFBuy failure!(this type goods might have been)
1033004	NotOperate	NotOperate	▢FF00FFFF请进行操作！否则将会在10秒后离开游戏	▢FF00FFFFPlease operate！Otherwise it will leave the game after 10 seconds	▢FF00FFFFPlease operate！Otherwise it will leave the game after 10 seconds	▢FF00FFFFДействуйте! Или он покинет игру через 10 секунд!	▢FF00FFFFPlease operate！Otherwise it will leave the game after 10 seconds	▢FF00FFFFPlease operate！Otherwise it will leave the game after 10 seconds	▢FF00FFFFPlease operate！Otherwise it will leave the game after 10 seconds	▢FF00FFFFPlease operate！Otherwise it will leave the game after 10 seconds	▢FF00FFFFPlease operate！Otherwise it will leave the game after 10 seconds	▢FF00FFFFPlease operate！Otherwise it will leave the game after 10 seconds	▢FF00FFFFPlease operate！Otherwise it will leave the game after 10 seconds	▢FF00FFFFPlease operate！Otherwise it will leave the game after 10 seconds	▢FF00FFFFPlease operate！Otherwise it will leave the game after 10 seconds	▢FF00FFFFPlease operate！Otherwise it will leave the game after 10 seconds
