首充Id	按性别展示	首充入口UI界面名称	首充UI界面名称	首充领取结果UI界面名称	首充奖励UI界面名称	首充主界面图标	首充主界面图标特效	首充主打图片	首充次要图片	标题多语言	补充提示多语言	领取按钮背景图	充值按钮背景图	需要充值的金魔方数	每日登陆是否提醒	下一个首充Id
Id	Sex	MainUIName	LayoutUIName	ResultUIName	RewardUIName	MainIcon	MainIconEffect	LayoutMainImage	LayoutSubImage	TitleLang	HintLang	ReceiveImage	RechargeImage	Gcube	DailyRemind	NextId
1	1	SKSumRechargeMain.json	SKSumRechargeLayout.json	SKSumRechargeResult.json	SKSumRechargeReward.json	set:skyblock_recharge.json image:blue_main_btn	170_jiangliquan_jianshen.effect	set:skyblock_recharge.json image:img3	set:task_and_shop.json image:product_6	First Recharge1	Recharge Gift1	set:skyblock_recharge.json image:green_btn	set:skyblock_recharge.json image:yellow_btn	300	1	2
2	1	SKSumRechargeMain.json	SKSumRechargeLayout.json	SKSumRechargeResult.json	SKSumRechargeReward.json	set:skyblock_recharge.json image:pink_main_btn	170_jiangliquan_jianshen.effect	set:skyblock_recharge.json image:img2	set:task_and_shop.json image:product_6	First Recharge2	Recharge Gift2	set:skyblock_recharge.json image:green_btn	set:skyblock_recharge.json image:yellow_btn	900	1	3
3	1	SKSumRechargeMain.json	SKSumRechargeLayout.json	SKSumRechargeResult.json	SKSumRechargeReward.json	set:skyblock_recharge.json image:red_main_btn	170_jiangliquan_jianshen.effect	set:skyblock_recharge.json image:img1	set:task_and_shop.json image:product_6	First Recharge3	Recharge Gift3	set:skyblock_recharge.json image:green_btn	set:skyblock_recharge.json image:yellow_btn	960	1	0
4	2	SKSumRechargeMain.json	SKSumRechargeLayout.json	SKSumRechargeResult.json	SKSumRechargeReward.json	set:skyblock_recharge.json image:blue_main_btn	170_jiangliquan_jianshen.effect	set:skyblock_recharge.json image:img3	set:task_and_shop.json image:product_6	First Recharge1	Recharge Gift1	set:skyblock_recharge.json image:green_btn	set:skyblock_recharge.json image:yellow_btn	300	1	5
5	2	SKSumRechargeMain.json	SKSumRechargeLayout.json	SKSumRechargeResult.json	SKSumRechargeReward.json	set:skyblock_recharge.json image:pink_main_btn	170_jiangliquan_jianshen.effect	set:skyblock_recharge.json image:img2	set:task_and_shop.json image:product_6	First Recharge2	Recharge Gift2	set:skyblock_recharge.json image:green_btn	set:skyblock_recharge.json image:yellow_btn	900	1	6
6	2	SKSumRechargeMain.json	SKSumRechargeLayout.json	SKSumRechargeResult.json	SKSumRechargeReward.json	set:skyblock_recharge.json image:red_main_btn	170_jiangliquan_jianshen.effect	set:skyblock_recharge.json image:img1	set:task_and_shop.json image:product_6	First Recharge3	Recharge Gift3	set:skyblock_recharge.json image:green_btn	set:skyblock_recharge.json image:yellow_btn	960	1	0
