序号	商品组ID	商品类型(0-6)	商品详情	商品图片(#为默认)	商品ID	商品Meta	商品数量	货币ID	价格
index	groupId	type	desc	image	id	meta	num	coinId	price
1	1001	1	tile.snow.name	#	80	0	1	1	1
2	1001	2	tile.snow.name	#	80	0	1	1	1
3	1001	3	tile.snow.name	#	80	0	1	1	1
4	1001	4	tile.snow.name	#	80	0	1	1	1
5	1001	5	tile.snow.name	#	80	0	1	1	1
6	1001	6	tile.snow.name	#	80	0	1	1	1
7	1002	1	tile.snow.name	#	80	0	1	1	1
8	1002	2	tile.snow.name	#	80	0	1	1	1
9	1002	3	tile.snow.name	#	80	0	1	1	1
10	1002	4	tile.snow.name	#	80	0	1	1	1
11	1002	5	tile.snow.name	#	80	0	1	1	1
12	1002	6	tile.snow.name	#	80	0	1	1	1
