时装ID	时装类型（同种类型不能叠加穿戴）	时装名称（多语言）	时装图片	时装描述（多语言）	时装价格	时装部件（name=id）	时装附加效果（id#lv）（0#0为没效果）
id	type	name	image	desc	price	actor	effect
1	1	flag.war.shop.Halo.name1	set:items.json image:potion_bottle_green	flag.war.shop.Halo.attribute1	10000	custom_foot_halo=1	21#99
2	1	flag.war.shop.Halo.name3	set:items.json image:potion_bottle_fill	flag.war.shop.Halo.attribute3	10000	custom_foot_halo=2	8#0
3	1	flag.war.shop.Halo.name2	set:items.json image:potion_bottle_yellow	flag.war.shop.Halo.attribute2	10000	custom_foot_halo=3	1#0
