职业ID(1-6)	职业NPC造型	职业NPC名称	职业NPC（x坐标）	职业NPC（y坐标）	职业NPC（z坐标）	职业NPC（yaw转向）	职业姓名板标示	职业部件	职业背包标示	选择职业提示语	职业初始血量	职业初始防御值	职业固定伤害	职业伤害系数	拿到旗子后是否获得旗子buff
id	actor	name	x	y	z	yaw	displayName	actors	inventoryId	hint	health	defense	damage	attackX	isGetFlagBuff
6	flag.war.swordsman.actor	flag.war.swordsman	264.5	55	3235.5	270	▢FFC0FF3E[Swordsman]▥	custom_hand=2	1001	flag.war.select.swordsman	7500	0.42	0	1	1
2	flag.war.shooter.actor	flag.war.shooter	264.5	55	3233.5	270	▢FFC0FF3E[Shooter]▥	custom_hand=1	1002	flag.war.select.shooter	4000	0.2	0	1	1
3	flag.war.thieves.actor	flag.war.thieves	264.5	55	3231.5	270	▢FFC0FF3E[Thieves]▥	custom_shoes=18	1003	flag.war.select.thieves	6000	0.4	0	1	1
4	flag.war.wizard.actor	flag.war.wizard	264.5	55	3229.5	270	▢FFC0FF3E[Wizard]▥	custom_decorate_hat=1	1004	flag.war.select.wizard	3000	0.25	0	1	1
5	flag.war.bomber.actor	flag.war.bomber	264.5	55	3227.5	270	▢FFC0FF3E[Bomber]▥	custom_wing=11	1005	flag.war.select.bomber	4500	0.35	0	1	1
1	flag.war.icemage.actor	flag.war.icemage	264.5	55	3225.5	270	▢FFC0FF3E[IceMage]▥	custom_decorate_hat=2	1006	flag.war.select.icemage	4000	0.3	0	1	1
