技能ID	技能名称（多语言）	技能介绍图片	技能介绍详情（多语言）	技能对应物品ID（扔：715-724；吃：725-734）	技能的职业ID	技能弹道图片所属文件名	技能弹道图片名字	水平速度	下落速度	技能投掷距离	技能特效ID（0代表没特效）	技能释放CD	技能长度	技能宽度	技能高度	技能作用对象（1：自己，2：队友，3：敌人）（1#2#3代表所有都选）	技能作用人数	是否为一次性作用（0：否，1：是）	技能作用时间（秒）	技能作用CD（几秒作用一次）	技能作用类型（1：加血，2：伤害，3：加速（-500~1000），4：减免X点伤害）	技能作用数值	技能附加药水效果（0#0#0没效果）
id	name	image	desc	itemId	occupationId	atlasName	iconName	moveSpeed	dropSpeed	distance	effectId	freeCd	length	width	height	targets	effectNum	isMoment	duration	effectCd	effectType	damage	effect
16	flag.war.swordsman.skillname1	set:flagwar.json image:skill_01	flag.war.swordsman.dsc21	715	6	items.json	gold_sword	1	0	10	0	9	1	1	4	3	1	1	1	100	2	1000	0#0#0
17	flag.war.swordsman.skillname2	set:flagwar.json image:skill_02	flag.war.swordsman.dsc22	726	6	throwable.json	0	0	0	0	0	9	0	0	0	1	1	0	0.5	100	3	400	0#0#0
18	flag.war.swordsman.skillname3	set:flagwar.json image:skill_03	flag.war.swordsman.dsc23	727	6	throwable.json	0	0	0	0	0	20	0	0	0	1	1	0	5	100	4	10000	0#0#0
4	flag.war.shooter.skillname1	set:flagwar.json image:skill_01	flag.war.shooter.dsc21	715	2	throwable.json	arrow_rain	1	0	15	1	6	2	2	4	3	100	1	1	100	2	550	0#0#0
5	flag.war.shooter.skillname2	set:flagwar.json image:skill_02	flag.war.shooter.dsc22	716	2	items.json	arrow_poison	1	0	15	2	9	1	1	4	3	1	1	2	100	2	1000	2#2#3
6	flag.war.shooter.skillname3	set:flagwar.json image:skill_03	flag.war.shooter.dsc23	717	2	throwable.json	headshot	1	0	25	3	20	1	1	4	3	1	1	1	100	2	3000	0#0#0
7	flag.war.thieves.skillname1	set:flagwar.json image:skill_01	flag.war.thieves.dsc21	715	3	throwable.json	toxic_bomb	1	0	10	4	9	1	1	4	3	1	1	1	100	2	1500	0#0#0
8	flag.war.thieves.skillname2	set:flagwar.json image:skill_02	flag.war.thieves.dsc22	726	3	throwable.json	0	0	0	0	0	9	0	0	0	1	1	0	3	100	3	250	0#0#0
9	flag.war.thieves.skillname3	set:flagwar.json image:skill_03	flag.war.thieves.dsc23	727	3	throwable.json	0	0	0	0	0	20	0	0	0	1	1	1	2	100	0	0	14#3#1
10	flag.war.wizard.skillname1	set:flagwar.json image:skill_01	flag.war.wizard.dsc21	715	4	throwable.json	heal	1	0	10	5	3	1	1	4	1#2	1	1	1	100	1	300	0#0#0
11	flag.war.wizard.skillname2	set:flagwar.json image:skill_02	flag.war.wizard.dsc22	716	4	throwable.json	witchery	1	0	0	6	6	12	12	4	3	1	0	5	1	2	200	19#1#100
12	flag.war.wizard.skillname3	set:flagwar.json image:skill_03	flag.war.wizard.dsc23	717	4	throwable.json	drum_dance	1	0	10	7	20	8	8	4	1#2	100	0	5	1	1	200	0#0#0
13	flag.war.bomber.skillname1	set:flagwar.json image:skill_01	flag.war.bomber.dsc21	715	5	throwable.json	napalm	1	0	12	0	2	2	2	4	3	1	0	2	1	2	150	19#1#100
14	flag.war.bomber.skillname2	set:flagwar.json image:skill_02	flag.war.bomber.dsc22	716	5	throwable.json	explosion	1	0	12	8	9	3	3	4	3	100	1	3	100	2	650	2#3#4
15	flag.war.bomber.skillname3	set:flagwar.json image:skill_03	flag.war.bomber.dsc23	717	5	throwable.json	dynamic	1	0	30	9	20	8	8	4	3	100	1	1	100	2	1500	0#0#0
1	flag.war.icemage.skillname1	set:flagwar.json image:skill_01	flag.war.icemage.dsc21	715	1	throwable.json	freeze	1	0	12	0	2	1	1	4	3	1	1	1	100	2	200	2#2#3
2	flag.war.icemage.skillname2	set:flagwar.json image:skill_02	flag.war.icemage.dsc22	716	1	throwable.json	ice_shards	1	0	0	10	9	12	12	4	3	100	1	1	100	3	-500	2#3#100
3	flag.war.icemage.skillname3	set:flagwar.json image:skill_03	flag.war.icemage.dsc23	717	1	throwable.json	blizzard	1	0	12	11	20	5	5	4	3	100	0	5	1	2	500	2#2#3
19	flag.war.attribute	set:items.json image:skull_steve	flag.war.swordsman.attribute.dsc2	325	6	throwable.json	blizzard	1	0	1	0	20	5	5	4	3	100	0	5	1	2	1	0#0#0
20	flag.war.attribute	set:items.json image:skull_steve	flag.war.shooter.attribute.dsc2	325	2	throwable.json	blizzard	1	0	1	0	20	5	5	4	3	100	0	5	1	2	1	0#0#0
21	flag.war.attribute	set:items.json image:skull_steve	flag.war.thieves.attribute.dsc2	325	3	throwable.json	blizzard	1	0	1	0	20	5	5	4	3	100	0	5	1	2	1	0#0#0
22	flag.war.attribute	set:items.json image:skull_steve	flag.war.wizard.attribute.dsc2	325	4	throwable.json	blizzard	1	0	1	0	20	5	5	4	3	100	0	5	1	2	1	0#0#0
23	flag.war.attribute	set:items.json image:skull_steve	flag.war.bomber.attribute.dsc2	325	5	throwable.json	blizzard	1	0	1	0	20	5	5	4	3	100	0	5	1	2	1	0#0#0
24	flag.war.attribute	set:items.json image:skull_steve	flag.war.icemage.attribute.dsc2	325	1	throwable.json	blizzard	1	0	1	0	20	5	5	4	3	100	0	5	1	2	1	0#0#0
