序号	商品类型(0-6)	商品详情	商品图片(#为默认)	商品弹出提示(#为没有)	商品ID	商品Meta	商品数量	货币ID	价格
index	type	desc	image	tipDesc	id	meta	num	coinId	price
1	11	item.skill.book.1.name	#	item.skill.book.1.desc	735	0	1	2	2
2	11	item.skill.book.2.name	#	item.skill.book.2.desc	736	0	1	3	2
3	11	item.skill.book.3.name	#	item.skill.book.3.desc	737	0	1	4	5
4	11	item.skill.book.4.name	#	item.skill.book.4.desc	738	0	1	5	5
5	11	item.skill.book.5.name	#	item.skill.book.5.desc	739	0	1	6	10
6	11	item.skill.book.6.name	#	item.skill.book.6.desc	740	0	1	7	10
7	11	item.skill.book.7.name	#	item.skill.book.7.desc	741	0	1	8	10
8	12	item.skill.chip.1.name	#	item.skill.chip.1.desc	742	0	1	1	50
9	12	item.skill.chip.2.name	#	item.skill.chip.2.desc	743	0	1	1	10
10	12	item.skill.chip.3.name	#	item.skill.chip.3.desc	744	0	1	1	100
11	12	item.skill.chip.4.name	#	item.skill.chip.4.desc	745	0	1	1	100
12	12	item.skill.chip.5.name	#	item.skill.chip.5.desc	746	0	1	1	200
13	12	item.skill.chip.6.name	#	item.skill.chip.6.desc	747	0	1	1	200
14	12	item.skill.chip.7.name	#	item.skill.chip.7.desc	748	0	1	1	200
15	12	item.skill.chip.chest.1.name	#	item.skill.chip.chest.1.desc	749	0	1	1	45
16	13	throw.pot.money	#	throw.pot.money.desc	10000	0	15	2	1
17	13	throw.pot.money	#	throw.pot.money.desc	10000	0	3	3	1
18	13	throw.pot.money	#	throw.pot.money.desc	10000	0	30	4	1
19	13	throw.pot.money	#	throw.pot.money.desc	10000	0	30	5	1
20	13	throw.pot.money	#	throw.pot.money.desc	10000	0	60	6	1
21	13	throw.pot.money	#	throw.pot.money.desc	10000	0	60	7	1
22	13	throw.pot.money	#	throw.pot.money.desc	10000	0	60	8	1
