称号ID（不可修改）	称号颜色	称号名字（只支持一种语言）	称号物品名字（多语言）	称号图片	称号描述（多语言）
id	color	title	name	image	desc
1	▢FF09BB07	*Tyro*	throw.pot.title.name.1	set:throwpot.json image:title_01	throw.pot.title.desc.1
2	▢FF54ECEF	*Shot to fame*	throw.pot.title.name.2	set:throwpot.json image:title_02	throw.pot.title.desc.2
3	▢FFCD1076	**Unstoppable**	throw.pot.title.name.3	set:throwpot.json image:title_03	throw.pot.title.desc.3
4	▢FFFFFB11	**TNT King**	throw.pot.title.name.4	set:throwpot.json image:title_04	throw.pot.title.desc.4
5	▢FFC10D00	***1000 Kills***	throw.pot.title.name.5	set:throwpot.json image:title_05	throw.pot.title.desc.5
6	▢FFFFFF00	***Almighty***	throw.pot.title.name.6	set:throwpot.json image:title_06	throw.pot.title.desc.6
