TipType	TipTemplateId	Notice	zh_CN	en_US	pt_BR	ru_RU	ko_KR	de_DE	fr_FR	es_ES	it_IT	in_ID	th_TH	tr_TR	vi_VN	ja_JP
枚举类型	模板说明	备注	中文	英文	葡萄牙语	俄语	韩语	德语	法语	西语	意大利语	印尼语	泰语	土耳其	越南语	日语
1036001	KillPlayerTip	击杀玩家提示	%1s▢FF3CB371%2s▢FF00FFFF击杀了%3s▢FF3CB371%4s▢FF00FFFF，获得了▢FF7FFF00%5s现金	%1s▢FF3CB371%2s▢FF00FFFF killed %3s▢FF3CB371%4s▢FF00FFFF, obtained ▢FF7FFF00%5s cash	%1s▢FF3CB371%2s▢FF00FFFF killed %3s▢FF3CB371%4s▢FF00FFFF, obtained ▢FF7FFF00%5s cash	%1s▢FF3CB371%2s▢FF00FFFF killed %3s▢FF3CB371%4s▢FF00FFFF, obtained ▢FF7FFF00%5s cash	%1s▢FF3CB371%2s▢FF00FFFF killed %3s▢FF3CB371%4s▢FF00FFFF, obtained ▢FF7FFF00%5s cash	%1s▢FF3CB371%2s▢FF00FFFF killed %3s▢FF3CB371%4s▢FF00FFFF, obtained ▢FF7FFF00%5s cash	%1s▢FF3CB371%2s▢FF00FFFF killed %3s▢FF3CB371%4s▢FF00FFFF, obtained ▢FF7FFF00%5s cash	%1s▢FF3CB371%2s▢FF00FFFF killed %3s▢FF3CB371%4s▢FF00FFFF, obtained ▢FF7FFF00%5s cash	%1s▢FF3CB371%2s▢FF00FFFF killed %3s▢FF3CB371%4s▢FF00FFFF, obtained ▢FF7FFF00%5s cash	%1s▢FF3CB371%2s▢FF00FFFF killed %3s▢FF3CB371%4s▢FF00FFFF, obtained ▢FF7FFF00%5s cash	%1s▢FF3CB371%2s▢FF00FFFF killed %3s▢FF3CB371%4s▢FF00FFFF, obtained ▢FF7FFF00%5s cash	%1s▢FF3CB371%2s▢FF00FFFF killed %3s▢FF3CB371%4s▢FF00FFFF, obtained ▢FF7FFF00%5s cash	%1s▢FF3CB371%2s▢FF00FFFF killed %3s▢FF3CB371%4s▢FF00FFFF, obtained ▢FF7FFF00%5s cash	%1s▢FF3CB371%2s▢FF00FFFF killed %3s▢FF3CB371%4s▢FF00FFFF, obtained ▢FF7FFF00%5s cash
1036002		队伍玩家推车提示	%1s▢FF3CB371%2s▢FF00FFFF推动了车子	%1s▢FF3CB371%2s▢FF00FFFF pushed the car	%1s▢FF3CB371%2s▢FF00FFFF pushed the car	%1s▢FF3CB371%2s▢FF00FFFF pushed the car	%1s▢FF3CB371%2s▢FF00FFFF pushed the car	%1s▢FF3CB371%2s▢FF00FFFF pushed the car	%1s▢FF3CB371%2s▢FF00FFFF pushed the car	%1s▢FF3CB371%2s▢FF00FFFF pushed the car	%1s▢FF3CB371%2s▢FF00FFFF pushed the car	%1s▢FF3CB371%2s▢FF00FFFF pushed the car	%1s▢FF3CB371%2s▢FF00FFFF pushed the car	%1s▢FF3CB371%2s▢FF00FFFF pushed the car	%1s▢FF3CB371%2s▢FF00FFFF pushed the car	%1s▢FF3CB371%2s▢FF00FFFF pushed the car
1036003		触发buff提示	%1s▢FF00FFFF的车子即将到达目的地，%2s▢FF00FFFF玩家的移速和生命值得到提升	%1s▢FF00FFFF car is near the destination,▢FF00FFFFand the speed and HP have been improved	%1s▢FF00FFFF car is near the destination,▢FF00FFFFand the speed and HP have been improved	%1s▢FF00FFFF car is near the destination,▢FF00FFFFand the speed and HP have been improved	%1s▢FF00FFFF car is near the destination,▢FF00FFFFand the speed and HP have been improved	%1s▢FF00FFFF car is near the destination,▢FF00FFFFand the speed and HP have been improved	%1s▢FF00FFFF car is near the destination,▢FF00FFFFand the speed and HP have been improved	%1s▢FF00FFFF car is near the destination,▢FF00FFFFand the speed and HP have been improved	%1s▢FF00FFFF car is near the destination,▢FF00FFFFand the speed and HP have been improved	%1s▢FF00FFFF car is near the destination,▢FF00FFFFand the speed and HP have been improved	%1s▢FF00FFFF car is near the destination,▢FF00FFFFand the speed and HP have been improved	%1s▢FF00FFFF car is near the destination,▢FF00FFFFand the speed and HP have been improved	%1s▢FF00FFFF car is near the destination,▢FF00FFFFand the speed and HP have been improved	%1s▢FF00FFFF car is near the destination,▢FF00FFFFand the speed and HP have been improved
1036004		购买成功提示	购买成功	Buy succeeded	Buy succeeded	Buy succeeded	Buy succeeded	Buy succeeded	Buy succeeded	Buy succeeded	Buy succeeded	Buy succeeded	Buy succeeded	Buy succeeded	Buy succeeded	Buy succeeded
1036005		购买失败提示	购买失败	Buy failed	Buy failed	Buy failed	Buy failed	Buy failed	Buy failed	Buy failed	Buy failed	Buy failed	Buy failed	Buy failed	Buy failed	Buy failed
1036006		游戏结束提醒	%1s▢FF00FFFF队伍的车子到达目的地，游戏结束	%1s▢FF00FFFF car has reached their destination. Game over!	%1s▢FF00FFFF car has reached their destination. Game over!	%1s▢FF00FFFF car has reached their destination. Game over!	%1s▢FF00FFFF car has reached their destination. Game over!	%1s▢FF00FFFF car has reached their destination. Game over!	%1s▢FF00FFFF car has reached their destination. Game over!	%1s▢FF00FFFF car has reached their destination. Game over!	%1s▢FF00FFFF car has reached their destination. Game over!	%1s▢FF00FFFF car has reached their destination. Game over!	%1s▢FF00FFFF car has reached their destination. Game over!	%1s▢FF00FFFF car has reached their destination. Game over!	%1s▢FF00FFFF car has reached their destination. Game over!	%1s▢FF00FFFF car has reached their destination. Game over!
1036007		欢迎进入提示语	黑影VS鬼影	Ender vs Slender	Ender vs Slender	Ender vs Slender	Ender vs Slender	Ender vs Slender	Ender vs Slender	Ender vs Slender	Ender vs Slender	Ender vs Slender	Ender vs Slender	Ender vs Slender	Ender vs Slender	Ender vs Slender
1036008		游戏倒计时	▢FF00FF00游戏将在▢FFFF0000%1s▢FF00FF00秒后结束	▢FF00FF00The game will end after ▢FFFF0000%1s	▢FF00FF00The game will end after ▢FFFF0000%1s	▢FF00FF00The game will end after ▢FFFF0000%1s	▢FF00FF00The game will end after ▢FFFF0000%1s	▢FF00FF00The game will end after ▢FFFF0000%1s	▢FF00FF00The game will end after ▢FFFF0000%1s	▢FF00FF00The game will end after ▢FFFF0000%1s	▢FF00FF00The game will end after ▢FFFF0000%1s	▢FF00FF00The game will end after ▢FFFF0000%1s	▢FF00FF00The game will end after ▢FFFF0000%1s	▢FF00FF00The game will end after ▢FFFF0000%1s	▢FF00FF00The game will end after ▢FFFF0000%1s	▢FF00FF00The game will end after ▢FFFF0000%1s
1036009		自定义商店购买失败提示	购买失败	Buy failed	Buy failed	Buy failed	Buy failed	Buy failed	Buy failed	Buy failed	Buy failed	Buy failed	Buy failed	Buy failed	Buy failed	Buy failed
