TipType	TipTemplateId	Notice	zh_CN	en_US	pt_BR	ru_RU	ko_KR	de_DE	fr_FR	es_ES	it_IT	in_ID	th_TH	tr_TR	vi_VN	ja_JP
枚举类型	模板说明	备注	中文	英文	葡萄牙语	俄语	韩语	德语	法语	西语	意大利语	印尼语	泰语	土耳其	越南语	日语
1032001	GameName	GameName	游戏匹配大厅	Game matching Hall	Game matching Hall	Игровой Зал	Game matching Hall	Game matching Hall	Game matching Hall	Game matching Hall	Game matching Hall	Game matching Hall	Game matching Hall	Game matching Hall	Game matching Hall	Game matching Hall
1032002	HaveSameGun	HaveSameGun	▢FF00FFFF枪械已获得！	▢FF00FFFFGuns have been obtained!	▢FF00FFFFGuns have been obtained!	▢FF00FFFFОружие было получено!	▢FF00FFFFGuns have been obtained!	▢FF00FFFFGuns have been obtained!	▢FF00FFFFGuns have been obtained!	▢FF00FFFFGuns have been obtained!	▢FF00FFFFGuns have been obtained!	▢FF00FFFFGuns have been obtained!	▢FF00FFFFGuns have been obtained!	▢FF00FFFFGuns have been obtained!	▢FF00FFFFGuns have been obtained!	▢FF00FFFFGuns have been obtained!
1032003	GunForgingFailure	GunForgingFailure	▢FF00FFFF抱歉！枪械强化失败！	▢FF00FFFFSorry!Gun forging failure!	▢FF00FFFFSorry!Gun forging failure!	▢FF00FFFFПростите! Неуспешно!	▢FF00FFFFSorry!Gun forging failure!	▢FF00FFFFSorry!Gun forging failure!	▢FF00FFFFSorry!Gun forging failure!	▢FF00FFFFSorry!Gun forging failure!	▢FF00FFFFSorry!Gun forging failure!	▢FF00FFFFSorry!Gun forging failure!	▢FF00FFFFSorry!Gun forging failure!	▢FF00FFFFSorry!Gun forging failure!	▢FF00FFFFSorry!Gun forging failure!	▢FF00FFFFSorry!Gun forging failure!
1032004	GunForgingSuccess	GunForgingSuccess	▢FF00FFFF枪械强化成功！	▢FF00FFFFGun forging success!	▢FF00FFFFGun forging success!	▢FF00FFFFУспешно!	▢FF00FFFFGun forging success!	▢FF00FFFFGun forging success!	▢FF00FFFFGun forging success!	▢FF00FFFFGun forging success!	▢FF00FFFFGun forging success!	▢FF00FFFFGun forging success!	▢FF00FFFFGun forging success!	▢FF00FFFFGun forging success!	▢FF00FFFFGun forging success!	▢FF00FFFFGun forging success!
1032005	NotOperate	NotOperate	▢FF00FFFF请进行操作！否则将会在10秒后离开游戏。	▢FF00FFFFPlease operate！Otherwise it will leave the game after 10 seconds.	▢FF00FFFFPlease operate！Otherwise it will leave the game after 10 seconds.	▢FF00FFFFДействуйте！Или он покинет игру через 10 секунд!	▢FF00FFFFPlease operate！Otherwise it will leave the game after 10 seconds.	▢FF00FFFFPlease operate！Otherwise it will leave the game after 10 seconds.	▢FF00FFFFPlease operate！Otherwise it will leave the game after 10 seconds.	▢FF00FFFFPlease operate！Otherwise it will leave the game after 10 seconds.	▢FF00FFFFPlease operate！Otherwise it will leave the game after 10 seconds.	▢FF00FFFFPlease operate！Otherwise it will leave the game after 10 seconds.	▢FF00FFFFPlease operate！Otherwise it will leave the game after 10 seconds.	▢FF00FFFFPlease operate！Otherwise it will leave the game after 10 seconds.	▢FF00FFFFPlease operate！Otherwise it will leave the game after 10 seconds.	▢FF00FFFFPlease operate！Otherwise it will leave the game after 10 seconds.
1032006	SuccessBuySP	SuccessBuySP	▢FF00FFFF涂装获取成功！	▢FF00FFFFSpray paint is a success!	▢FF00FFFFSpray paint is a success!	▢FF00FFFFПокрашено успешно!	▢FF00FFFFSpray paint is a success!	▢FF00FFFFSpray paint is a success!	▢FF00FFFFSpray paint is a success!	▢FF00FFFFSpray paint is a success!	▢FF00FFFFSpray paint is a success!	▢FF00FFFFSpray paint is a success!	▢FF00FFFFSpray paint is a success!	▢FF00FFFFSpray paint is a success!	▢FF00FFFFSpray paint is a success!	▢FF00FFFFSpray paint is a success!
1032007	PurchaseFailed	PurchaseFailed	▢FF00FFFF涂装购买失败！金币不足或者已拥有。。	▢FF00FFFFSpray paint is a failed!Lack of money or already have…	▢FF00FFFFSpray paint is a failed!Lack of money or already have…	▢FF00FFFFНеуспешная покраска! Недостаточно денег или у вас уже есть...	▢FF00FFFFSpray paint is a failed!Lack of money or already have…	▢FF00FFFFSpray paint is a failed!Lack of money or already have…	▢FF00FFFFSpray paint is a failed!Lack of money or already have…	▢FF00FFFFSpray paint is a failed!Lack of money or already have…	▢FF00FFFFSpray paint is a failed!Lack of money or already have…	▢FF00FFFFSpray paint is a failed!Lack of money or already have…	▢FF00FFFFSpray paint is a failed!Lack of money or already have…	▢FF00FFFFSpray paint is a failed!Lack of money or already have…	▢FF00FFFFSpray paint is a failed!Lack of money or already have…	▢FF00FFFFSpray paint is a failed!Lack of money or already have…
1032008	SuccessBuySPActor	SuccessBuySPActor	▢FF00FFFF装扮购买成功！	▢FF00FFFFSuccessful clothing purchase！	▢FF00FFFFSuccessful clothing purchase！	▢FF00FFFFУспешная покупка одежды	▢FF00FFFFSuccessful clothing purchase！	▢FF00FFFFSuccessful clothing purchase！	▢FF00FFFFSuccessful clothing purchase！	▢FF00FFFFSuccessful clothing purchase！	▢FF00FFFFSuccessful clothing purchase！	▢FF00FFFFSuccessful clothing purchase！	▢FF00FFFFSuccessful clothing purchase！	▢FF00FFFFSuccessful clothing purchase！	▢FF00FFFFSuccessful clothing purchase！	▢FF00FFFFSuccessful clothing purchase！
1032009	FailedBuySPActor	FailedBuySPActor	▢FF00FFFF装扮购买失败！金币不足或者已拥有。。	▢FF00FFFFFailed clothing purchase!Lack of money or already have…	▢FF00FFFFFailed clothing purchase!Lack of money or already have…	▢FF00FFFFНеуспешная покупка одежды! Недостаточно денег или у вас уже есть...	▢FF00FFFFFailed clothing purchase!Lack of money or already have…	▢FF00FFFFFailed clothing purchase!Lack of money or already have…	▢FF00FFFFFailed clothing purchase!Lack of money or already have…	▢FF00FFFFFailed clothing purchase!Lack of money or already have…	▢FF00FFFFFailed clothing purchase!Lack of money or already have…	▢FF00FFFFFailed clothing purchase!Lack of money or already have…	▢FF00FFFFFailed clothing purchase!Lack of money or already have…	▢FF00FFFFFailed clothing purchase!Lack of money or already have…	▢FF00FFFFFailed clothing purchase!Lack of money or already have…	▢FF00FFFFFailed clothing purchase!Lack of money or already have…
1032010	NotOwningTheGun	NotOwningTheGun	▢FF00FFFF未拥有此枪，请到NPC商店购买	▢FF00FFFFNot owning the gun,Purchase at NPC store	▢FF00FFFFNot owning the gun,Purchase at NPC store	▢FF00FFFFНепреобретённое оружие, купите в магазине NPC	▢FF00FFFFNot owning the gun,Purchase at NPC store	▢FF00FFFFNot owning the gun,Purchase at NPC store	▢FF00FFFFNot owning the gun,Purchase at NPC store	▢FF00FFFFNot owning the gun,Purchase at NPC store	▢FF00FFFFNot owning the gun,Purchase at NPC store	▢FF00FFFFNot owning the gun,Purchase at NPC store	▢FF00FFFFNot owning the gun,Purchase at NPC store	▢FF00FFFFNot owning the gun,Purchase at NPC store	▢FF00FFFFNot owning the gun,Purchase at NPC store	▢FF00FFFFNot owning the gun,Purchase at NPC store
1032011	WaitMatching	WaitMatching	▢FF00FFFF正在匹配游戏，请耐心等待	▢FF00FFFFMatching game, please be patient	▢FF00FFFFMatching game, please be patient	▢FF00FFFFПоиск игры, пожалуйста будьте терпеливы	▢FF00FFFFMatching game, please be patient	▢FF00FFFFMatching game, please be patient	▢FF00FFFFMatching game, please be patient	▢FF00FFFFMatching game, please be patient	▢FF00FFFFMatching game, please be patient	▢FF00FFFFMatching game, please be patient	▢FF00FFFFMatching game, please be patient	▢FF00FFFFMatching game, please be patient	▢FF00FFFFMatching game, please be patient	▢FF00FFFFMatching game, please be patient
