建筑ID	购买建筑名称	建筑组ID	建造建筑所需建筑ID（0代表不需要）	建筑文件名	建筑起点（x坐标）	建筑起点（y坐标）	建筑起点（z坐标）	购买NPC模型	购买NPC（x坐标）	购买NPC（y坐标）	购买NPC（z坐标）	购买NPC（yaw转向）	建筑增值进度	建筑价格	奖励物数量（0表示不奖励）	奖励物id	奖励物品Meta		建筑名称	前置建筑
id	name	groupId	buildingIds	fileName	startX	startY	startZ	npcActor	npcX	npcY	npcZ	npcYaw	value	price	rewardNum	rewardId	rewardMeta			
101041101	mytycoon.building.wall.name	10104	0	1Punisher_q1.schematic	118	27	508	Mytycoon_Arm.actor	131.5	27	510.5	270	15	30	1	65	0		墙1	###
101041102	mytycoon.building.wall.name	10104	101041101	1Punisher_q234.schematic	118	28	507	Mytycoon_Arm.actor	131.5	27	510.5	270	35	70	1	65	0		墙2	墙1
101041103	mytycoon.building.wall.name	10104	101041102	1Punisher_q234.schematic	118	29	507	Mytycoon_Arm.actor	131.5	27	510.5	270	55	110	1	65	0		墙3	墙2
101041104	mytycoon.building.wall.name	10104	101041103	1Punisher_q234.schematic	118	30	507	Mytycoon_Arm.actor	131.5	27	510.5	270	115	230	1	65	0		墙4	墙3
101041105	mytycoon.building.wall.name	10104	101041104	1Punisher_q5.schematic	118	31	507	Mytycoon_Arm.actor	131.5	27	510.5	270	140	280	1	65	0		墙5	墙4
101041106	mytycoon.building.wall.name	10104	101041105	1Punisher_q6.schematic	118	27	504	Mytycoon_Arm.actor	131.5	27	510.5	270	220	440	1	65	0		墙6	墙5
101041207	mytycoon.building.wall.name	10104	101044101	1Punisher_q7.schematic	118	33	504	Mytycoon_Arm.actor	129.5	33	510.5	270	330	660	1	65	0		墙7	楼梯1
101041208	mytycoon.building.wall.name	10104	101041207	1Punisher_q8.schematic	118	34	504	Mytycoon_Arm.actor	129.5	33	510.5	270	360	720	1	65	0		墙8	墙7
101041209	mytycoon.building.wall.name	10104	101041208	1Punisher_q9.schematic	118	35	504	Mytycoon_Arm.actor	129.5	33	510.5	270	390	780	1	65	0		墙9	墙8
101041210	mytycoon.building.wall.name	10104	101041209	1Punisher_q10.schematic	118	36	504	Mytycoon_Arm.actor	129.5	33	510.5	270	695	1390	1	65	0		墙10	墙9
101041211	mytycoon.building.wall.name	10104	101041210	1Punisher_q11.schematic	118	37	504	Mytycoon_Arm.actor	129.5	33	510.5	270	745	1490	1	65	0		墙11	墙10
101041212	mytycoon.building.wall.name	10104	101041211	1Punisher_q12.schematic	118	38	504	Mytycoon_Arm.actor	129.5	33	510.5	270	795	1590	1	65	0		墙12	墙11
101041313	mytycoon.building.wall.name	10104	101041212	1Punisher_q13.schematic	118	39	504	Mytycoon_Arm.actor	129.5	33	510.5	270	840	1680	1	65	0		墙13	墙12
101041314	mytycoon.building.wall.name	10104	101041313	1Punisher_q14.schematic	118	40	504	Mytycoon_Arm.actor	129.5	33	510.5	270	890	1780	1	65	0		墙14	墙13
101041315	mytycoon.building.wall.name	10104	101041314	1Punisher_q15.schematic	118	41	504	Mytycoon_Arm.actor	129.5	33	510.5	270	940	1880	1	65	0		墙15	墙14
101041316	mytycoon.building.wall.name	10104	101044202	1Punisher_q16.schematic	118	42	504	Mytycoon_Arm.actor	130.5	41	513.5	270	990	1980	1	65	0		墙16	楼梯2
101041317	mytycoon.building.wall.name	10104	101041316	1Punisher_q17.schematic	118	43	504	Mytycoon_Arm.actor	130.5	41	513.5	270	2145	4290	1	65	0		墙17	墙16
101041318	mytycoon.building.wall.name	10104	101041317	1Punisher_q18.schematic	118	44	504	Mytycoon_Arm.actor	130.5	41	513.5	270	2245	4490	1	65	0		墙18	墙17
101041319	mytycoon.building.wall.name	10104	101041318	1Punisher_q19.schematic	118	45	504	Mytycoon_Arm.actor	130.5	41	513.5	270	2350	4700	1	65	0		墙19	墙18
101041320	mytycoon.building.wall.name	10104	101041319	1Punisher_q20.schematic	118	46	504	Mytycoon_Arm.actor	130.5	41	513.5	270	2450	4900	1	65	0		墙20	墙19
101041321	mytycoon.building.wall.name	10104	101041320	1Punisher_q21.schematic	118	47	504	Mytycoon_Arm.actor	130.5	41	513.5	270	2550	5110	1	65	0		墙21	墙20
101042101	mytycoon.building.furniture.name	10104	0	1Punisher_z1.schematic	118	25	501	Mytycoon_Arm.actor	131.5	27	506.5	270	55	110	0	65	0		装饰1	###
101042102	mytycoon.building.furniture.name	10104	101042101	1Punisher_z2.schematic	118	27	502	Mytycoon_Arm.actor	127.5	27	506.5	270	115	230	0	65	0		装饰2	装饰1
101042203	mytycoon.building.furniture.name	10104	101044101	1Punisher_z3.schematic	121	33	507	Mytycoon_Arm.actor	122.5	33	509.5	270	450	900	0	65	0		装饰3	楼梯1
101042304	mytycoon.building.furniture.name	10104	101044202	1Punisher_z4.schematic	120	33	511	Mytycoon_Arm.actor	126.5	41	511	270	1490	2980	0	65	0		装饰4	楼梯2
101043101	mytycoon.building.ceiling.name	10104	101041106	1Punisher_t1.schematic	119	32	509	Mytycoon_Arm.actor	129.5	27	513.5	270	400	800	0	65	0		天花板1	墙6
101043202	mytycoon.building.ceiling.name	10104	101041315	1Punisher_t2.schematic	120	40	509	Mytycoon_Arm.actor	127.5	33	510.5	270	1240	2480	0	65	0		天花板2	墙15
101043303	mytycoon.building.ceiling.name	10104	101041321	1Punisher_t3.schematic	122	48	509	Mytycoon_Arm.actor	131.5	41	510.5	270	4000	80000	0	65	0		天花板3	墙21
101044101	mytycoon.building.stairs.name	10104	101043101	1Punisher_l1.schematic	119	27	511	Mytycoon_Arm.actor	129.5	27	513.5	270	560	1120	0	65	0		楼梯1	天花板1
101044202	mytycoon.building.stairs.name	10104	101043202	1Punisher_l2.schematic	119	33	512	Mytycoon_Arm.actor	129.5	33	510.5	270	1490	2980	0	65	0		楼梯2	天花板2
102041101	mytycoon.building.wall.name	10204	0	1Hulk_q1.schematic	167	39	501	Mytycoon_Arm.actor	198.5	39	504.5	270	15	30	1	65	0		墙1	###
102041102	mytycoon.building.wall.name	10204	102041101	1Hulk_q2.schematic	167	40	501	Mytycoon_Arm.actor	198.5	39	504.5	270	35	70	1	65	0		墙2	墙1
102041103	mytycoon.building.wall.name	10204	102041102	1Hulk_q3.schematic	167	41	501	Mytycoon_Arm.actor	198.5	39	504.5	270	55	110	1	65	0		墙3	墙2
102041104	mytycoon.building.wall.name	10204	102041103	1Hulk_q4.schematic	167	42	501	Mytycoon_Arm.actor	198.5	39	504.5	270	115	230	1	65	0		墙4	墙3
102041105	mytycoon.building.wall.name	10204	102041104	1Hulk_q5.schematic	167	43	501	Mytycoon_Arm.actor	198.5	39	504.5	270	140	280	1	65	0		墙5	墙4
102041106	mytycoon.building.wall.name	10204	102041105	1Hulk_q6.schematic	167	44	501	Mytycoon_Arm.actor	198.5	39	504.5	270	220	440	1	65	0		墙6	墙5
102041207	mytycoon.building.wall.name	10204	102044101	1Hulk_q7.schematic	170	50	519	Mytycoon_Arm.actor	178.5	51	522.5	270	330	660	1	65	0		墙7	楼梯1
102041208	mytycoon.building.wall.name	10204	102041207	1Hulk_q89101112.schematic	170	51	519	Mytycoon_Arm.actor	178.5	51	522.5	270	360	720	1	65	0		墙8	墙7
102041209	mytycoon.building.wall.name	10204	102041208	1Hulk_q89101112.schematic	170	52	519	Mytycoon_Arm.actor	178.5	51	522.5	270	390	780	1	65	0		墙9	墙8
102041210	mytycoon.building.wall.name	10204	102041209	1Hulk_q89101112.schematic	170	53	519	Mytycoon_Arm.actor	178.5	51	522.5	270	695	1390	1	65	0		墙10	墙9
102041211	mytycoon.building.wall.name	10204	102041210	1Hulk_q89101112.schematic	170	54	519	Mytycoon_Arm.actor	178.5	51	522.5	270	745	1490	1	65	0		墙11	墙10
102041212	mytycoon.building.wall.name	10204	102041211	1Hulk_q89101112.schematic	170	55	519	Mytycoon_Arm.actor	178.5	51	522.5	270	795	1590	1	65	0		墙12	墙11
102041313	mytycoon.building.wall.name	10204	102044202	1Hulk_q13141516172021.schematic	189	45	501	Mytycoon_Arm.actor	198.5	46	511.5	270	840	1680	1	65	0		墙13	楼梯2
102041314	mytycoon.building.wall.name	10204	102041313	1Hulk_q13141516172021.schematic	189	46	501	Mytycoon_Arm.actor	198.5	46	511.5	270	890	1780	1	65	0		墙14	墙13
102041315	mytycoon.building.wall.name	10204	102041314	1Hulk_q13141516172021.schematic	189	47	501	Mytycoon_Arm.actor	198.5	46	511.5	270	940	1880	1	65	0		墙15	墙14
102041316	mytycoon.building.wall.name	10204	102041315	1Hulk_q13141516172021.schematic	189	48	501	Mytycoon_Arm.actor	198.5	46	511.5	270	990	1980	1	65	0		墙16	墙15
102041317	mytycoon.building.wall.name	10204	102041316	1Hulk_q13141516172021.schematic	189	49	501	Mytycoon_Arm.actor	198.5	46	511.5	270	2145	4290	1	65	0		墙17	墙16
102041318	mytycoon.building.wall.name	10204	102041317	1Hulk_q1819.schematic	189	50	501	Mytycoon_Arm.actor	198.5	46	511.5	270	2245	4490	1	65	0		墙18	墙17
102041319	mytycoon.building.wall.name	10204	102041318	1Hulk_q1819.schematic	189	51	501	Mytycoon_Arm.actor	198.5	46	511.5	270	2350	4700	1	65	0		墙19	墙18
102041320	mytycoon.building.wall.name	10204	102041319	1Hulk_q13141516172021.schematic	189	52	501	Mytycoon_Arm.actor	198.5	46	511.5	270	2450	4900	1	65	0		墙20	墙19
102041321	mytycoon.building.wall.name	10204	102041320	1Hulk_q13141516172021.schematic	189	53	501	Mytycoon_Arm.actor	198.5	46	511.5	270	2550	5110	1	65	0		墙21	墙20
102042101	mytycoon.building.furniture.name	10204	0	1Hulk_z1.schematic	173	38	506	Mytycoon_Arm.actor	174.5	39	506.5	270	55	110	0	65	0		装饰1	###
102042102	mytycoon.building.furniture.name	10204	102042101	1Hulk_z2.schematic	170	38	502	Mytycoon_Arm.actor	171.5	39	503.5	270	115	230	0	65	0		装饰2	装饰1
102042203	mytycoon.building.furniture.name	10204	102044101	1Hulk_z3.schematic	171	50	525	Mytycoon_Arm.actor	173.5	51	527.5	270	450	900	0	65	0		装饰3	楼梯1
102042304	mytycoon.building.furniture.name	10204	102044202	1Hulk_z4.schematic	199	46	502	Mytycoon_Arm.actor	200.5	46	503.5	270	1490	2980	0	65	0		装饰4	楼梯2
102043101	mytycoon.building.ceiling.name	10204	102041106	1Hulk_t1.schematic	170	48	519	Mytycoon_Arm.actor	197.5	39	506.5	270	400	800	0	65	0		天花板1	墙6
102043202	mytycoon.building.ceiling.name	10204	102041212	1Hulk_t2.schematic	185	44	502	Mytycoon_Arm.actor	178.5	51	522.5	270	1240	2480	0	65	0		天花板2	墙12
102043303	mytycoon.building.ceiling.name	10204	102041321	1Hulk_t3.schematic	170	52	499	Mytycoon_Arm.actor	197.5	52	507.5	270	4000	80000	0	65	0		天花板3	墙21
102044101	mytycoon.building.stairs.name	10204	102043101	1Hulk_l1.schematic	169	38	500	Mytycoon_Arm.actor	195.5	39	506.5	270	560	1120	0	65	0		楼梯1	天花板1
102044202	mytycoon.building.stairs.name	10204	102043202	1Hulk_l2.schematic	184	46	505	Mytycoon_Arm.actor	180.5	51	522.5	270	1490	2980	0	65	0		楼梯2	天花板2
103041101	mytycoon.building.wall.name	10304	0	1BlackPanther_q1.schematic	212	22	446	Mytycoon_Arm.actor	228.5	17	466.5	270	15	30	1	65	0		墙1	###
103041102	mytycoon.building.wall.name	10304	103041101	1BlackPanther_q2.schematic	212	21	446	Mytycoon_Arm.actor	228.5	17	466.5	270	35	70	1	65	0		墙2	墙1
103041103	mytycoon.building.wall.name	10304	103041102	1BlackPanther_q3.schematic	212	20	446	Mytycoon_Arm.actor	228.5	17	466.5	270	55	110	1	65	0		墙3	墙2
103041104	mytycoon.building.wall.name	10304	103041103	1BlackPanther_q4.schematic	212	19	446	Mytycoon_Arm.actor	228.5	17	466.5	270	115	230	1	65	0		墙4	墙3
103041105	mytycoon.building.wall.name	10304	103041104	1BlackPanther_q5.schematic	212	18	446	Mytycoon_Arm.actor	228.5	17	466.5	270	140	280	1	65	0		墙5	墙4
103041106	mytycoon.building.wall.name	10304	103041105	1BlackPanther_q6.schematic	212	17	446	Mytycoon_Arm.actor	228.5	17	466.5	270	220	440	1	65	0		墙6	墙5
103041207	mytycoon.building.wall.name	10304	103043101	1BlackPanther_q7.schematic	212	15	446	Mytycoon_Arm.actor	229.5	10	459.5	270	330	660	1	65	0		墙7	天花板1
103041208	mytycoon.building.wall.name	10304	103041207	1BlackPanther_q8.schematic	212	14	446	Mytycoon_Arm.actor	229.5	10	459.5	270	360	720	1	65	0		墙8	墙7
103041209	mytycoon.building.wall.name	10304	103041208	1BlackPanther_q9.schematic	212	13	446	Mytycoon_Arm.actor	229.5	10	459.5	270	390	780	1	65	0		墙9	墙8
103041210	mytycoon.building.wall.name	10304	103041209	1BlackPanther_q10.schematic	212	12	446	Mytycoon_Arm.actor	229.5	10	459.5	270	695	1390	1	65	0		墙10	墙9
103041211	mytycoon.building.wall.name	10304	103041210	1BlackPanther_q11.schematic	212	11	446	Mytycoon_Arm.actor	229.5	10	459.5	270	745	1490	1	65	0		墙11	墙10
103041212	mytycoon.building.wall.name	10304	103041211	1BlackPanther_q12.schematic	212	10	446	Mytycoon_Arm.actor	229.5	10	459.5	270	795	1590	1	65	0		墙12	墙11
103041313	mytycoon.building.wall.name	10304	103043202	1BlackPanther_q13.schematic	212	8	446	Mytycoon_Arm.actor	220	2	460	270	840	1680	1	65	0		墙13	天花板2
103041314	mytycoon.building.wall.name	10304	103041313	1BlackPanther_q14.schematic	212	7	446	Mytycoon_Arm.actor	220	2	460	270	890	1780	1	65	0		墙14	墙13
103041315	mytycoon.building.wall.name	10304	103041314	1BlackPanther_q15.schematic	212	6	446	Mytycoon_Arm.actor	220	2	460	270	940	1880	1	65	0		墙15	墙14
103041316	mytycoon.building.wall.name	10304	103041315	1BlackPanther_q16.schematic	212	5	446	Mytycoon_Arm.actor	220	2	460	270	990	1980	1	65	0		墙16	墙15
103041317	mytycoon.building.wall.name	10304	103041316	1BlackPanther_q17.schematic	212	4	446	Mytycoon_Arm.actor	220	2	460	270	2145	4290	1	65	0		墙17	墙16
103041318	mytycoon.building.wall.name	10304	103041317	1BlackPanther_q18.schematic	212	3	446	Mytycoon_Arm.actor	220	2	460	270	2245	4490	1	65	0		墙18	墙17
103041319	mytycoon.building.wall.name	10304	103041318	1BlackPanther_q19.schematic	212	2	446	Mytycoon_Arm.actor	220	2	460	270	2350	4700	1	65	0		墙19	墙18
103041320	mytycoon.building.wall.name	10304	103041319	1BlackPanther_q20.schematic	220	2	455	Mytycoon_Arm.actor	220	2	460	270	2450	4900	1	65	0		墙20	墙19
103041321	mytycoon.building.wall.name	10304	103041320	1BlackPanther_q21.schematic	217	25	445	Mytycoon_Arm.actor	220	2	460	270	2550	5110	1	65	0		墙21	墙20
103042101	mytycoon.building.furniture.name	10304	0	1BlackPanther_z1.schematic	217	25	457	Mytycoon_Arm.actor	217.5	26	459.5	270	55	110	0	65	0		装饰1	###
103042102	mytycoon.building.furniture.name	10304	103042101	1BlackPanther_z2.schematic	212	29	447	Mytycoon_Arm.actor	211.5	33	458.5	90	115	230	0	65	0		装饰2	装饰1
103042203	mytycoon.building.furniture.name	10304	103043101	1BlackPanther_z3.schematic	217	18	452	Mytycoon_Arm.actor	224.5	17	451.5	270	450	900	0	65	0		装饰3	天花板1
103042304	mytycoon.building.furniture.name	10304	103043202	1BlackPanther_z4.schematic	216	9	449	Mytycoon_Arm.actor	228.5	10	467.5	270	1490	2980	0	65	0		装饰4	天花板2
103043101	mytycoon.building.ceiling.name	10304	103044101	1BlackPanther_t1.schematic	212	16	446	Mytycoon_Arm.actor	230.5	17	466.5	270	400	800	0	65	0		天花板1	楼梯1
103043202	mytycoon.building.ceiling.name	10304	103044202	1BlackPanther_t2.schematic	212	9	446	Mytycoon_Arm.actor	229.5	10	461.5	270	1240	2480	0	65	0		天花板2	楼梯2
103043303	mytycoon.building.ceiling.name	10304	103041321	1BlackPanther_t3.schematic	212	1	446	Mytycoon_Arm.actor	228	3	460	0	4000	80000	0	65	0		天花板3	墙21
103044101	mytycoon.building.stairs.name	10304	103041106	1BlackPanther_l1.schematic	213	17	447	Mytycoon_Arm.actor	228.5	17	466.5	270	560	1120	0	65	0		楼梯1	墙6
103044202	mytycoon.building.stairs.name	10304	103041212	1BlackPanther_l2.schematic	231	10	454	Mytycoon_Arm.actor	229.5	10	459.5	270	1490	2980	0	65	0		楼梯2	墙12
104041101	mytycoon.building.wall.name	10404	0	1CaptainAmerica_q1.schematic	81	27	446	Mytycoon_Arm.actor	85.5	27	449.5	270	15	30	1	65	0		墙1	###
104041102	mytycoon.building.wall.name	10404	104041101	1CaptainAmerica_q2.schematic	81	28	446	Mytycoon_Arm.actor	85.5	27	449.5	270	35	70	1	65	0		墙2	墙1
104041103	mytycoon.building.wall.name	10404	104041102	1CaptainAmerica_q3.schematic	81	29	446	Mytycoon_Arm.actor	85.5	27	449.5	270	55	110	1	65	0		墙3	墙2
104041104	mytycoon.building.wall.name	10404	104041103	1CaptainAmerica_q4.schematic	81	30	446	Mytycoon_Arm.actor	85.5	27	449.5	270	115	230	1	65	0		墙4	墙3
104041105	mytycoon.building.wall.name	10404	104041104	1CaptainAmerica_q5.schematic	81	31	446	Mytycoon_Arm.actor	85.5	27	449.5	270	140	280	1	65	0		墙5	墙4
104041106	mytycoon.building.wall.name	10404	104041105	1CaptainAmerica_q6.schematic	81	32	446	Mytycoon_Arm.actor	85.5	27	449.5	270	220	440	1	65	0		墙6	墙5
104041207	mytycoon.building.wall.name	10404	104044101	1CaptainAmerica_q7.schematic	81	33	446	Mytycoon_Arm.actor	83.5	33	448.5	270	330	660	1	65	0		墙7	楼梯1
104041208	mytycoon.building.wall.name	10404	104041207	1CaptainAmerica_q8.schematic	81	34	446	Mytycoon_Arm.actor	83.5	33	448.5	270	360	720	1	65	0		墙8	墙7
104041209	mytycoon.building.wall.name	10404	104041208	1CaptainAmerica_q9.schematic	81	35	446	Mytycoon_Arm.actor	83.5	33	448.5	270	390	780	1	65	0		墙9	墙8
104041210	mytycoon.building.wall.name	10404	104041209	1CaptainAmerica_q10.schematic	81	36	446	Mytycoon_Arm.actor	83.5	33	448.5	270	695	1390	1	65	0		墙10	墙9
104041211	mytycoon.building.wall.name	10404	104041210	1CaptainAmerica_q11.schematic	81	37	446	Mytycoon_Arm.actor	83.5	33	448.5	270	745	1490	1	65	0		墙11	墙10
104041212	mytycoon.building.wall.name	10404	104041211	1CaptainAmerica_q12.schematic	81	38	446	Mytycoon_Arm.actor	83.5	33	448.5	270	795	1590	1	65	0		墙12	墙11
104041313	mytycoon.building.wall.name	10404	104044202	1CaptainAmerica_q13.schematic	81	39	446	Mytycoon_Arm.actor	83.5	39	468.5	270	840	1680	1	65	0		墙13	楼梯2
104041314	mytycoon.building.wall.name	10404	104041313	1CaptainAmerica_q14.schematic	81	40	446	Mytycoon_Arm.actor	83.5	39	468.5	270	890	1780	1	65	0		墙14	墙13
104041315	mytycoon.building.wall.name	10404	104041314	1CaptainAmerica_q15.schematic	81	41	446	Mytycoon_Arm.actor	83.5	39	468.5	270	940	1880	1	65	0		墙15	墙14
104041316	mytycoon.building.wall.name	10404	104041315	1CaptainAmerica_q16.schematic	81	42	446	Mytycoon_Arm.actor	83.5	39	468.5	270	990	1980	1	65	0		墙16	墙15
104041317	mytycoon.building.wall.name	10404	104041316	1CaptainAmerica_q17.schematic	81	43	446	Mytycoon_Arm.actor	83.5	39	468.5	270	2145	4290	1	65	0		墙17	墙16
104041318	mytycoon.building.wall.name	10404	104041317	1CaptainAmerica_q18.schematic	81	44	446	Mytycoon_Arm.actor	83.5	39	468.5	270	2245	4490	1	65	0		墙18	墙17
104041319	mytycoon.building.wall.name	10404	104041318	1CaptainAmerica_q19.schematic	81	45	446	Mytycoon_Arm.actor	83.5	39	468.5	270	2350	4700	1	65	0		墙19	墙18
104041320	mytycoon.building.wall.name	10404	104041319	1CaptainAmerica_q20.schematic	81	46	446	Mytycoon_Arm.actor	83.5	39	468.5	270	2450	4900	1	65	0		墙20	墙19
104041321	mytycoon.building.wall.name	10404	104041320	1CaptainAmerica_q21.schematic	81	47	446	Mytycoon_Arm.actor	83.5	39	468.5	270	2550	5110	1	65	0		墙21	墙20
104042101	mytycoon.building.furniture.name	10404	0	1CaptainAmerica_z1.schematic	100	25	449	Mytycoon_Arm.actor	96.5	27	453.5	270	55	110	0	65	0		装饰1	###
104042102	mytycoon.building.furniture.name	10404	104041106	1CaptainAmerica_z2.schematic	99	27	452	Mytycoon_Arm.actor	96.5	27	455.5	270	115	230	0	65	0		装饰2	墙6
104042203	mytycoon.building.furniture.name	10404	104044101	1CaptainAmerica_z3.schematic	93	33	451	Mytycoon_Arm.actor	92.5	33	464.5	270	450	900	0	65	0		装饰3	楼梯1
104042304	mytycoon.building.furniture.name	10404	104044202	1CaptainAmerica_z4.schematic	94	39	451	Mytycoon_Arm.actor	93.5	39	464.5	270	1490	2980	0	65	0		装饰4	楼梯2
104043101	mytycoon.building.ceiling.name	10404	104041106	1CaptainAmerica_t1.schematic	82	32	447	Mytycoon_Arm.actor	87.5	27	449.5	270	400	800	0	65	0		天花板1	墙6
104043202	mytycoon.building.ceiling.name	10404	104041212	1CaptainAmerica_t2.schematic	81	38	446	Mytycoon_Arm.actor	83.5	33	450.5	270	1240	2480	0	65	0		天花板2	墙12
104043303	mytycoon.building.ceiling.name	10404	104041321	1CaptainAmerica_t3.schematic	81	48	446	Mytycoon_Arm.actor	86.5	39	458.5	270	4000	80000	0	65	0		天花板3	墙21
104044101	mytycoon.building.stairs.name	10404	104043101	1CaptainAmerica_l1.schematic	87	27	447	Mytycoon_Arm.actor	85.5	27	449.5	270	560	1120	0	65	0		楼梯1	天花板1
104044202	mytycoon.building.stairs.name	10404	104043202	1CaptainAmerica_l2.schematic	82	33	447	Mytycoon_Arm.actor	83.5	33	448.5	270	1490	2980	0	65	0		楼梯2	天花板2
105041101	mytycoon.building.wall.name	10504	0	1SpiderMan_q1.schematic	117	27	395	Mytycoon_Arm.actor	123.5	27	406.5	270	15	30	1	65	0		墙1	###
105041102	mytycoon.building.wall.name	10504	105041101	1SpiderMan_q2.schematic	117	28	395	Mytycoon_Arm.actor	123.5	27	406.5	270	35	70	1	65	0		墙2	墙1
105041103	mytycoon.building.wall.name	10504	105041102	1SpiderMan_q3.schematic	117	29	395	Mytycoon_Arm.actor	123.5	27	406.5	270	55	110	1	65	0		墙3	墙2
105041104	mytycoon.building.wall.name	10504	105041103	1SpiderMan_q4.schematic	117	30	395	Mytycoon_Arm.actor	123.5	27	406.5	270	115	230	1	65	0		墙4	墙3
105041105	mytycoon.building.wall.name	10504	105041104	1SpiderMan_qboli.schematic	117	31	395	Mytycoon_Arm.actor	123.5	27	406.5	270	140	280	1	65	0		墙5	墙4
105041106	mytycoon.building.wall.name	10504	105041105	1SpiderMan_qhl.schematic	117	32	395	Mytycoon_Arm.actor	123.5	27	406.5	270	220	440	1	65	0		墙6	墙5
105041207	mytycoon.building.wall.name	10504	105044101	1SpiderMan_q78.schematic	117	33	395	Mytycoon_Arm.actor	124.5	33	402.5	270	330	660	1	65	0		墙7	楼梯1
105041208	mytycoon.building.wall.name	10504	105041207	1SpiderMan_q78.schematic	117	34	395	Mytycoon_Arm.actor	124.5	33	402.5	270	360	720	1	65	0		墙8	墙7
105041209	mytycoon.building.wall.name	10504	105041208	1SpiderMan_qlh.schematic	117	35	395	Mytycoon_Arm.actor	124.5	33	402.5	270	390	780	1	65	0		墙9	墙8
105041210	mytycoon.building.wall.name	10504	105041209	1SpiderMan_qboli.schematic	117	36	395	Mytycoon_Arm.actor	124.5	33	402.5	270	695	1390	1	65	0		墙10	墙9
105041211	mytycoon.building.wall.name	10504	105041210	1SpiderMan_qboli.schematic	117	37	395	Mytycoon_Arm.actor	124.5	33	402.5	270	745	1490	1	65	0		墙11	墙10
105041212	mytycoon.building.wall.name	10504	105041211	1SpiderMan_q12.schematic	117	38	395	Mytycoon_Arm.actor	124.5	33	402.5	270	795	1590	1	65	0		墙12	墙11
105041313	mytycoon.building.wall.name	10504	105044202	1SpiderMan_qlh.schematic	117	41	395	Mytycoon_Arm.actor	121.5	41	399.5	270	840	1680	1	65	0		墙13	楼梯2
105041314	mytycoon.building.wall.name	10504	105041313	1SpiderMan_qboli.schematic	117	42	395	Mytycoon_Arm.actor	121.5	41	399.5	270	890	1780	1	65	0		墙14	墙13
105041315	mytycoon.building.wall.name	10504	105041314	1SpiderMan_qboli.schematic	117	43	395	Mytycoon_Arm.actor	121.5	41	399.5	270	940	1880	1	65	0		墙15	墙14
105041316	mytycoon.building.wall.name	10504	105041315	1SpiderMan_qhl.schematic	117	44	395	Mytycoon_Arm.actor	121.5	41	399.5	270	990	1980	1	65	0		墙16	墙15
105041317	mytycoon.building.wall.name	10504	105041316	1SpiderMan_qboli.schematic	117	45	395	Mytycoon_Arm.actor	121.5	41	399.5	270	2145	4290	1	65	0		墙17	墙16
105041318	mytycoon.building.wall.name	10504	105041317	1SpiderMan_qboli.schematic	117	46	395	Mytycoon_Arm.actor	121.5	41	399.5	270	2245	4490	1	65	0		墙18	墙17
105041319	mytycoon.building.wall.name	10504	105041318	1SpiderMan_qlh.schematic	117	47	395	Mytycoon_Arm.actor	121.5	41	399.5	270	2350	4700	1	65	0		墙19	墙18
105041320	mytycoon.building.wall.name	10504	105041319	1SpiderMan_q20.schematic	117	48	395	Mytycoon_Arm.actor	121.5	41	399.5	270	2450	4900	1	65	0		墙20	墙19
105041321	mytycoon.building.wall.name	10504	105041320	1SpiderMan_q20.schematic	117	49	395	Mytycoon_Arm.actor	121.5	41	399.5	270	2550	5110	1	65	0		墙21	墙20
105042101	mytycoon.building.furniture.name	10504	0	1SpiderMan_z1.schematic	117	25	414	Mytycoon_Arm.actor	136.5	27	413.5	270	55	110	0	65	0		装饰1	###
105042102	mytycoon.building.furniture.name	10504	105042101	1SpiderMan_z2.schematic	125	27	409	Mytycoon_Arm.actor	134.5	27	413.5	270	115	230	0	65	0		装饰2	装饰1
105042203	mytycoon.building.furniture.name	10504	105044101	1SpiderMan_z3.schematic	126	33	399	Mytycoon_Arm.actor	126.5	33	404.5	270	450	900	0	65	0		装饰3	楼梯1
105042304	mytycoon.building.furniture.name	10504	105044202	1SpiderMan_z4.schematic	126	41	399	Mytycoon_Arm.actor	129.5	41	396.5	270	1490	2980	0	65	0		装饰4	楼梯2
105043101	mytycoon.building.ceiling.name	10504	105041106	1SpiderMan_t1.schematic	117	32	394	Mytycoon_Arm.actor	125.5	27	406.5	270	400	800	0	65	0		天花板1	墙6
105043202	mytycoon.building.ceiling.name	10504	105041212	1SpiderMan_t2.schematic	118	40	396	Mytycoon_Arm.actor	124.5	33	404.5	270	1240	2480	0	65	0		天花板2	墙12
105043303	mytycoon.building.ceiling.name	10504	105041321	1SpiderMan_t3.schematic	117	50	395	Mytycoon_Arm.actor	121.5	41	405.5	270	4000	80000	0	65	0		天花板3	墙21
105044101	mytycoon.building.stairs.name	10504	105043101	1SpiderMan_l1.schematic	118	27	397	Mytycoon_Arm.actor	123.5	27	406.5	270	560	1120	0	65	0		楼梯1	天花板1
105044202	mytycoon.building.stairs.name	10504	105043202	1SpiderMan_l2.schematic	118	33	403	Mytycoon_Arm.actor	124.5	33	402.5	270	1490	2980	0	65	0		楼梯2	天花板2
106041101	mytycoon.building.wall.name	10604	0	1IronMan_q1.schematic	165	27	395	Mytycoon_Arm.actor	170.5	27	405.5	270	15	30	1	65	0		墙1	###
106041102	mytycoon.building.wall.name	10604	106041101	1IronMan_q2.schematic	165	28	395	Mytycoon_Arm.actor	170.5	27	405.5	270	35	70	1	65	0		墙2	墙1
106041103	mytycoon.building.wall.name	10604	106041102	1IronMan_q3.schematic	165	29	395	Mytycoon_Arm.actor	170.5	27	405.5	270	55	110	1	65	0		墙3	墙2
106041104	mytycoon.building.wall.name	10604	106041103	1IronMan_q4.schematic	165	30	395	Mytycoon_Arm.actor	170.5	27	405.5	270	115	230	1	65	0		墙4	墙3
106041105	mytycoon.building.wall.name	10604	106041104	1IronMan_q5.schematic	165	31	395	Mytycoon_Arm.actor	170.5	27	405.5	270	140	280	1	65	0		墙5	墙4
106041106	mytycoon.building.wall.name	10604	106041105	1IronMan_q6.schematic	165	32	395	Mytycoon_Arm.actor	170.5	27	405.5	270	220	440	1	65	0		墙6	墙5
106041207	mytycoon.building.wall.name	10604	106044101	1IronMan_q7.schematic	165	33	395	Mytycoon_Arm.actor	171.5	33	408.5	270	330	660	1	65	0		墙7	楼梯1
106041208	mytycoon.building.wall.name	10604	106041207	1IronMan_q8.schematic	165	34	395	Mytycoon_Arm.actor	171.5	33	408.5	270	360	720	1	65	0		墙8	墙7
106041209	mytycoon.building.wall.name	10604	106041208	1IronMan_q9.schematic	165	35	395	Mytycoon_Arm.actor	171.5	33	408.5	270	390	780	1	65	0		墙9	墙8
106041210	mytycoon.building.wall.name	10604	106041209	1IronMan_q10.schematic	165	36	395	Mytycoon_Arm.actor	171.5	33	408.5	270	695	1390	1	65	0		墙10	墙9
106041211	mytycoon.building.wall.name	10604	106041210	1IronMan_q11.schematic	165	37	395	Mytycoon_Arm.actor	171.5	33	408.5	270	745	1490	1	65	0		墙11	墙10
106041212	mytycoon.building.wall.name	10604	106041211	1IronMan_q12.schematic	165	38	395	Mytycoon_Arm.actor	171.5	33	408.5	270	795	1590	1	65	0		墙12	墙11
106041313	mytycoon.building.wall.name	10604	106044202	1IronMan_q13.schematic	165	39	395	Mytycoon_Arm.actor	180.5	38	407.5	270	840	1680	1	65	0		墙13	楼梯2
106041314	mytycoon.building.wall.name	10604	106041313	1IronMan_q14.schematic	165	40	395	Mytycoon_Arm.actor	180.5	38	407.5	270	890	1780	1	65	0		墙14	墙13
106041315	mytycoon.building.wall.name	10604	106041314	1IronMan_q15.schematic	165	41	395	Mytycoon_Arm.actor	180.5	38	407.5	270	940	1880	1	65	0		墙15	墙14
106041316	mytycoon.building.wall.name	10604	106041315	1IronMan_q16.schematic	165	42	395	Mytycoon_Arm.actor	180.5	38	407.5	270	990	1980	1	65	0		墙16	墙15
106041317	mytycoon.building.wall.name	10604	106041316	1IronMan_q17.schematic	165	43	395	Mytycoon_Arm.actor	180.5	38	407.5	270	2145	4290	1	65	0		墙17	墙16
106041318	mytycoon.building.wall.name	10604	106041317	1IronMan_q18.schematic	165	44	395	Mytycoon_Arm.actor	180.5	38	407.5	270	2245	4490	1	65	0		墙18	墙17
106041319	mytycoon.building.wall.name	10604	106041318	1IronMan_q19.schematic	165	45	395	Mytycoon_Arm.actor	180.5	38	407.5	270	2350	4700	1	65	0		墙19	墙18
106041320	mytycoon.building.wall.name	10604	106041319	1IronMan_q20.schematic	165	46	395	Mytycoon_Arm.actor	180.5	38	407.5	270	2450	4900	1	65	0		墙20	墙19
106041321	mytycoon.building.wall.name	10604	106041320	1IronMan_q21.schematic	165	47	395	Mytycoon_Arm.actor	180.5	38	407.5	270	2550	5110	1	65	0		墙21	墙20
106042101	mytycoon.building.furniture.name	10604	0	1IronMan_z1.schematic	172	25	414	Mytycoon_Arm.actor	191.5	64	406.5	270	55	110	0	65	0		装饰1	###
106042102	mytycoon.building.furniture.name	10604	106041106	1IronMan_z2.schematic	171	27	414	Mytycoon_Arm.actor	191.5	64	403.5	270	115	230	0	65	0		装饰2	墙6
106042203	mytycoon.building.furniture.name	10604	106043202	1IronMan_z3.schematic	188	35	396	Mytycoon_Arm.actor	170	33	406	270	450	900	0	65	0		装饰3	天花板2
106042304	mytycoon.building.furniture.name	10604	106041316	1IronMan_z4.schematic	172	41	401	Mytycoon_Arm.actor	178.5	38	404.5	270	1490	2980	0	65	0		装饰4	墙16
106043101	mytycoon.building.ceiling.name	10604	106041106	1IronMan_t1.schematic	166	32	397	Mytycoon_Arm.actor	170.5	27	405.5	270	400	800	0	65	0		天花板1	墙6
106043202	mytycoon.building.ceiling.name	10604	106041212	1IronMan_t2.schematic	172	37	397	Mytycoon_Arm.actor	171.5	33	408.5	270	1240	2480	0	65	0		天花板2	墙12
106043303	mytycoon.building.ceiling.name	10604	106041321	1IronMan_t3.schematic	165	48	395	Mytycoon_Arm.actor	203.5	38	404.5	270	4000	80000	0	65	0		天花板3	墙21
106044101	mytycoon.building.stairs.name	10604	106043101	1IronMan_l1.schematic	166	27	398	Mytycoon_Arm.actor	170.5	27	405.5	270	560	1120	0	65	0		楼梯1	天花板1
106044202	mytycoon.building.stairs.name	10604	106043202	1IronMan_l2.schematic	171	33	409	Mytycoon_Arm.actor	171.5	33	408.5	270	1490	2980	0	65	0		楼梯2	天花板2
