领地ID	职业ID	职业NPC（x坐标）	职业NPC（y坐标）	职业NPC（z坐标）	职业NPC（yaw转向）	职业NPC特效	资源点ID（为私有资源ID 和 资源建筑的资源ID）	装备柜组ID	门ID	建筑组ID	传送点ID	领地开始区域（x坐标）	领地开始区域（y坐标）	领地开始区域（z坐标）	领地结束区域（x坐标）	领地结束区域（Y坐标）	领地开始区域（Z坐标）	cd时间	回复血量	一层提示分数	二层提示分数
id	occupationId	occX	occY	occZ	occYaw	occEffect	resourceId	equipGroupId	gateId	buildingGroupId	portalId	damainStartX	damainStartY	damainStartZ	damainEndX	damainEndY	damainEndZ	cd	hp	buildOne	buildTwo
101	1	139	25	497	180	flag_halo_2.effect	10101	10102	101030101	10104	101050301	118	25	508	144	55	520	5	15	2440	9535
102	2	173	25	497	180	flag_halo_2.effect	10201	10202	102030101	10204	102050301	164	37	501	211	55	536	5	15	2440	9535
103	3	203	25	454	90	flag_halo_2.effect	10301	10302	103030101	10304	103050301	205	1	446	242	55	474	5	15	2440	9535
104	4	108	25	467	270	flag_halo_2.effect	10401	10402	104030101	10404	104050301	81	25	446	95	55	471	5	15	2440	9535
105	5	137	25	422	0	flag_halo_2.effect	10501	10502	105030101	10504	105050301	117	25	395	143	55	410	5	15	2440	9535
106	6	171	25	422	0	flag_halo_2.effect	10601	10602	106030101	10604	106050301	166	26	395	192	55	414	5	15	2440	9535
