﻿序号	物品标识	物品部件（名字=id=性别）		Actor部件序号
index	itemId	clothes		
1010201	10102	custom_hair=31=1		01
1010202	10102	custom_face=27=1		02
1010203	10102	clothes_tops=37=1		03
1010204	10102	clothes_pants=37=1		04
1010205	10102	custom_shoes=4=1		05
1010206	10102	custom_hair=18=2		06
1010207	10102	custom_face=10=2		07
1010208	10102	clothes_tops=39=2		08
1010209	10102	clothes_pants=39=2		09
1010210	10102	custom_shoes=4=2		10
1020201	10202	custom_hair=31=1		01
1020202	10202	custom_face=26=1		02
1020203	10202	clothes_tops=36=1		03
1020204	10202	clothes_pants=36=1		04
1020205	10202	custom_shoes=19=1		05
1020206	10202	custom_hair=18=2		06
1020207	10202	custom_face=24=2		07
1020208	10202	clothes_tops=37=2		08
1020209	10202	clothes_pants=37=2		09
1020210	10202	custom_shoes=19=2		10
1030201	10302	custom_hair=30=1		01
1030202	10302	custom_face=25=1		02
1030203	10302	clothes_tops=35=1		03
1030204	10302	clothes_pants=35=1		04
1030205	10302	custom_shoes=20=1		05
1030206	10302	custom_hair=30=2		06
1030207	10302	custom_face=25=2		07
1030208	10302	clothes_tops=38=2		08
1030209	10302	clothes_pants=38=2		09
1030210	10302	custom_shoes=20=2		10
1040201	10402	custom_hair=16=1		01
1040202	10402	custom_face=02=1		02
1040203	10402	clothes_tops=14=1		03
1040204	10402	clothes_pants=14=1		04
1040205	10402	custom_shoes=11=1		05
1040206	10402	custom_hair=23=2		06
1040207	10402	custom_face=08=2		07
1040208	10402	clothes_tops=36=2		08
1040209	10402	clothes_pants=36=2		09
1040210	10402	custom_shoes=11=2		10
1050201	10502	custom_hair=17=1		01
1050202	10502	custom_face=13=1		02
1050203	10502	clothes_tops=18=1		03
1050204	10502	clothes_pants=18=1		04
1050205	10502	custom_shoes=10=1		05
1050206	10502	custom_hair=19=2		06
1050207	10502	custom_face=19=2		07
1050208	10502	clothes_tops=20=2		08
1050209	10502	clothes_pants=20=2		09
1050210	10502	custom_shoes=10=2		10
1060201	10602	custom_hair=15=1		01
1060202	10602	custom_face=12=1		02
1060203	10602	clothes_tops=17=1		03
1060204	10602	clothes_pants=17=1		04
1060205	10602	custom_shoes=9=1		05
1060206	10602	custom_hair=20=2		06
1060207	10602	custom_face=20=2		07
1060208	10602	clothes_tops=35=2		08
1060209	10602	clothes_pants=35=2		09
1060210	10602	custom_shoes=9=2		10
