装备柜ID	装备柜建造名称	装备组ID	建造建筑所需建筑ID(0表不需要，#表并)	装备柜模型	装备柜建造模型	装备柜（x坐标）	装备柜（y坐标）	装备柜（z坐标）	装备柜（yaw转向）	装备柜特效	装备柜类型（1:套装，2:药水，3:武器）	物品标示	套装物品造型	药水效果（0#0#0没效果）	武器物品ID（可对应技能）	物品获取数量上限	附魔	武器子弹（id#num）	武器伤害	装备柜增值进度	装备柜价格		建筑名称	前置建筑	
id	name	groupId	buildingIds	actor	builderActor	x	y	z	yaw	equipEffect	type	itemId	clothesActor	effect	armsId	num	enchantments	bullet	damage	value	price				
101020101	mytycoon.equipbox.1.name	10102	101042101	Mytycoon_Showcase.actor	Mytycoon_Arm.actor	131	27	514	270	zhanshiguangzhu.effect	3	10102	Mytycoon_Showcase.actor	0#0#0	430	1	0#0	446#30	30	85	170		装备柜1	装饰1	惩罚者
101020102	mytycoon.equipbox.2.name	10102	101042102	Mytycoon_Showcase.actor	Mytycoon_Arm.actor	127	27	514	270	zhanshiguangzhu.effect	2	10102	Mytycoon_Showcase.actor	1#0#15	373	0	0#0	0#0	2	430	860		装备柜2	装饰2	惩罚者
101020203	mytycoon.equipbox.3.name	10102	101042203	Mytycoon_Showcase.actor	Mytycoon_Arm.actor	120	33	510.5	270	zhanshiguangzhu.effect	1	10102	Mytycoon_Punisher.actor	0#0#0	715	1	0#0	0#0	2	600	1200		装备柜3	装饰3	惩罚者
101020304	mytycoon.equipbox.4.name	10102	101042304	Mytycoon_Showcase.actor	Mytycoon_Arm.actor	126	41	510.5	270	zhanshiguangzhu.effect	3	10102	Mytycoon_Showcase.actor	0#0#0	718	1	0#0	0#0	2	2235	4470		装备柜4	装饰4	惩罚者
102020101	mytycoon.equipbox.1.name	10202	102042101	Mytycoon_Showcase.actor	Mytycoon_Arm.actor	178.5	38	502.5	270	zhanshiguangzhu.effect	3	10202	Mytycoon_Showcase.actor	0#0#0	258	1	48#10	0#0	10	85	170		装备柜1	装饰1	绿巨人
102020102	mytycoon.equipbox.2.name	10202	102042102	Mytycoon_Showcase.actor	Mytycoon_Arm.actor	175.5	38	502.5	270	zhanshiguangzhu.effect	2	10202	Mytycoon_Showcase.actor	2#0#50	373	0	0#0	0#0	2	430	860		装备柜2	装饰2	绿巨人
102020203	mytycoon.equipbox.3.name	10202	102042203	Mytycoon_Showcase.actor	Mytycoon_Arm.actor	174	51	531	270	zhanshiguangzhu.effect	1	10202	Mytycoon_Hulk.actor	0#0#0	715	1	0#0	0#0	2	600	1200		装备柜3	装饰3	绿巨人
102020304	mytycoon.equipbox.4.name	10202	102042304	Mytycoon_Showcase.actor	Mytycoon_Arm.actor	208.5	45	512.5	270	zhanshiguangzhu.effect	3	10202	Mytycoon_Showcase.actor	0#0#0	719	1	0#0	0#0	2	2235	4470		装备柜4	装饰4	绿巨人
103020101	mytycoon.equipbox.1.name	10302	103042101	Mytycoon_Showcase.actor	Mytycoon_Arm.actor	222	24	472	270	zhanshiguangzhu.effect	3	10302	Mytycoon_Showcase.actor	0#0#0	280	1	19#5	0#0	16	85	170		装备柜1	装饰1	黑豹
103020102	mytycoon.equipbox.2.name	10302	103042102	Mytycoon_Showcase.actor	Mytycoon_Arm.actor	226	24	472	270	zhanshiguangzhu.effect	2	10302	Mytycoon_Showcase.actor	3#0#200	373	0	0#0	0#0	2	430	860		装备柜2	装饰2	黑豹
103020203	mytycoon.equipbox.3.name	10302	103042203	Mytycoon_Showcase.actor	Mytycoon_Arm.actor	227	17	448	0	zhanshiguangzhu.effect	1	10302	Mytycoon_BlackPanther.actor	0#0#0	715	1	0#0	0#0	2	600	1200		装备柜3	装饰3	黑豹
103020304	mytycoon.equipbox.4.name	10302	103042304	Mytycoon_Showcase.actor	Mytycoon_Arm.actor	236	10	468	270	zhanshiguangzhu.effect	3	10302	Mytycoon_Showcase.actor	0#0#0	720	1	0#0	0#0	2	2235	4470		装备柜4	装饰4	黑豹
104020101	mytycoon.equipbox.1.name	10402	104042101	Mytycoon_Showcase.actor	Mytycoon_Arm.actor	93	27	468	270	zhanshiguangzhu.effect	3	10402	Mytycoon_Showcase.actor	0#0#0	426	1	0#0	441#64	2	85	170		装备柜1	装饰1	美国队长
104020102	mytycoon.equipbox.2.name	10402	104042102	Mytycoon_Showcase.actor	Mytycoon_Arm.actor	93	27	449	270	zhanshiguangzhu.effect	2	10402	Mytycoon_Showcase.actor	4#5#5	373	0	0#0	0#0	2	430	860		装备柜2	装饰2	美国队长
104020203	mytycoon.equipbox.3.name	10402	104042203	Mytycoon_Showcase.actor	Mytycoon_Arm.actor	93	33	468	90	zhanshiguangzhu.effect	1	10402	Mytycoon_CaptainAmerica.actor	0#0#0	715	1	0#0	0#0	2	600	1200		装备柜3	装饰3	美国队长
104020304	mytycoon.equipbox.4.name	10402	104042304	Mytycoon_Showcase.actor	Mytycoon_Arm.actor	93	39	468	270	zhanshiguangzhu.effect	3	10402	Mytycoon_Showcase.actor	0#0#0	721	1	0#0	0#0	2	2235	4470		装备柜4	装饰4	美国队长
105020101	mytycoon.equipbox.1.name	10502	105042101	Mytycoon_Showcase.actor	Mytycoon_Arm.actor	131.5	27	407.5	270	zhanshiguangzhu.effect	3	10502	Mytycoon_Showcase.actor	0#0#0	65	8	0#0	0#0	6	85	170		装备柜1	装饰1	蜘蛛侠
105020102	mytycoon.equipbox.2.name	10502	105042102	Mytycoon_Showcase.actor	Mytycoon_Arm.actor	128.5	27	407.5	270	zhanshiguangzhu.effect	2	10502	Mytycoon_Showcase.actor	5#0#0.3	373	0	0#0	0#0	2	430	860		装备柜2	装饰2	蜘蛛侠
105020203	mytycoon.equipbox.3.name	10502	105042203	Mytycoon_Showcase.actor	Mytycoon_Arm.actor	130	33	408	180	zhanshiguangzhu.effect	1	10502	Mytycoon_SpiderMan.actor	0#0#0	715	1	0#0	0#0	2	600	1200		装备柜3	装饰3	蜘蛛侠
105020304	mytycoon.equipbox.4.name	10502	105042304	Mytycoon_Showcase.actor	Mytycoon_Arm.actor	122.5	41	398.5	270	zhanshiguangzhu.effect	3	10502	Mytycoon_Showcase.actor	0#0#0	722	1	0#0	0#0	2	2235	4470		装备柜4	装饰4	蜘蛛侠
106020101	mytycoon.equipbox.1.name	10602	106042101	Mytycoon_Showcase.actor	Mytycoon_Arm.actor	173	27	410	270	zhanshiguangzhu.effect	3	10602	Mytycoon_Showcase.actor	0#0#0	46	6	0#0	0#0	50	85	170		装备柜1	装饰1	钢铁侠
106020102	mytycoon.equipbox.2.name	10602	106042102	Mytycoon_Showcase.actor	Mytycoon_Arm.actor	167	27	407	270	zhanshiguangzhu.effect	2	10602	Mytycoon_Showcase.actor	6#0#5	373	0	0#0	0#0	2	430	860		装备柜2	装饰2	钢铁侠
106020203	mytycoon.equipbox.3.name	10602	106042203	Mytycoon_Showcase.actor	Mytycoon_Arm.actor	170	33	410	180	zhanshiguangzhu.effect	1	10602	Mytycoon_IronMan.actor	0#0#0	715	1	0#0	0#0	2	600	1200		装备柜3	装饰3	钢铁侠
106020304	mytycoon.equipbox.4.name	10602	106042304	Mytycoon_Showcase.actor	Mytycoon_Arm.actor	193	38	412	270	zhanshiguangzhu.effect	3	10602	Mytycoon_Showcase.actor	0#0#0	723	1	0#0	0#0	2	2235	4470		装备柜4	装饰4	钢铁侠
