﻿职业ID(1-6)	职业NPC名称	职业NPC造型	职业NPC（x坐标）	职业NPC（y坐标）	职业NPC（z坐标）	职业NPC（yaw转向）	NPC类型（4 or 5）	NPC标题	NPC内容
id	name	actor	x	y	z	yaw	type	title	content
1	mytycoon.Punisher	Mytycoon_Punisher.actor	134.5	2	473.5	270	5	mytycoon.npc.Punisher.title	mytycoon.explain.content.Punisher.1#mytycoon.explain.content.Punisher.2#mytycoon.explain.content.Punisher.3
2	mytycoon.Hulk	Mytycoon_Hulk.actor	134.5	2	470.5	270	5	mytycoon.npc.Hulk.title	mytycoon.explain.content.Hulk.1#mytycoon.explain.content.Hulk.2#mytycoon.explain.content.Hulk.3
3	mytycoon.BlackPanther	Mytycoon_BlackPanther.actor	134.5	2	467.5	270	5	mytycoon.npc.BlackPanther.title	mytycoon.explain.content.BlackPanther.1#mytycoon.explain.content.BlackPanther.2#mytycoon.explain.content.BlackPanther.3
4	mytycoon.CaptainAmercia	Mytycoon_CaptainAmerica.actor	134.5	2	455.5	270	5	mytycoon.npc.CaptainAmercia.title	mytycoon.explain.content.CaptainAmercia.1#mytycoon.explain.content.CaptainAmercia.2#mytycoon.explain.content.CaptainAmercia.3
5	mytycoon.SpiderMan	Mytycoon_SpiderMan.actor	134.5	2	452.5	270	5	mytycoon.npc.SpiderMan.title	mytycoon.explain.content.SpiderMan.1#mytycoon.explain.content.SpiderMan.2#mytycoon.explain.content.SpiderMan.3
6	mytycoon.IronMan	Mytycoon_IronMan.actor	134.5	2	449.5	270	5	mytycoon.npc.IronMan.title	mytycoon.explain.content.IronMan.1#mytycoon.explain.content.IronMan.2#mytycoon.explain.content.IronMan.3
