﻿门ID	门建造Npc名称	门的材质BlockID	建造建筑所需建筑ID（0代表不需要）	区域起点（x坐标）	区域起点（y坐标）	区域起点（z坐标）	区域终点（x坐标）	区域终点（y坐标）	区域终点（z坐标）	门建造Npc模型	门建造Npc（x坐标）	门建造Npc（y坐标）	门建造Npc（z坐标）	门建造Npc（yaw转向）	门卫名字	门卫造型Actor	门卫开门提示语	门卫关门提示语	门卫一（x坐标）	门卫一（y坐标）	门卫一（z坐标）	门卫一（yaw转向）	门卫二（x坐标）	门卫二（y坐标）	门卫二（z坐标）	门卫二（yaw转向）	门建造进度增值	门建造价格		建筑名称	前置建筑
id	gateNpcName	blockId	buildingIds	startX	startY	startZ	endX	endY	endZ	gateNpcActor	x	y	z	yaw	guardName	guardActor	openHint	closeHint	guard1x	guard1y	guard1z	guard1yaw	guard2x	guard2y	guard2z	guard2yaw	value	price			
101030101	mytycoon.gate.name	101	101041103	140	27	508	141	29	508	Mytycoon_Arm.actor	138.5	27	510.5	0	mytycoon.guard.name	merchant.actor	mytycoon.guardopen	mytycoon.guardclose	139.5	28	507.5	180	142.5	28	509.5	0	215	430		门	墙3
102030101	mytycoon.gate.name	101	102041103	183	32	518	183	34	520	Mytycoon_Arm.actor	194.5	39	515.5	0	mytycoon.guard.name	merchant.actor	mytycoon.guardopen	mytycoon.guardclose	182.5	33	521.5	90	184.5	34	521.5	270	215	430		门	墙3
103030101	mytycoon.gate.name	101	103041103	209	25	459	209	28	460	Mytycoon_Arm.actor	212.5	28	461.5	90	mytycoon.guard.name	merchant.actor	mytycoon.guardopen	mytycoon.guardclose	208.5	27	461.5	90	210.5	28	461.5	180	215	430		门	墙3
104030101	mytycoon.gate.name	101	104041103	98	27	457	98	29	459	Mytycoon_Arm.actor	96.5	27	460.5	0	mytycoon.guard.name	merchant.actor	mytycoon.guardopen	mytycoon.guardclose	99.5	28	456.5	270	97.5	28	460.5	90	215	430		门	墙3
105030101	mytycoon.gate.name	101	105041103	134	27	408	135	30	408	Mytycoon_Arm.actor	137.5	27	405.5	0	mytycoon.guard.name	merchant.actor	mytycoon.guardopen	mytycoon.guardclose	137.5	28	409.5	0	133.5	28	407.5	180	215	430		门	墙3
106030101	mytycoon.gate.name	101	106041103	174	27	403	174	30	405	Mytycoon_Arm.actor	172.5	27	402.5	0	mytycoon.guard.name	merchant.actor	mytycoon.guardopen	mytycoon.guardclose	172.5	28	406.5	90	176.5	28	402.5	270	215	430		门	墙3
