﻿职业ID(1-6)	职业NPC造型	职业NPC名称	职业姓名板标示	职业部件	职业背包标示	选择职业提示语	职业初始血量	职业初始防御值	职业固定伤害	职业伤害系数	盗取资源比例		
id	actor	name	displayName	actors	inventoryId	hint	health	defense	damage	attackX	stealPercent		
1	Mytycoon_Punisher.actor	mytycoon.Punisher	▢FFABB3B7Punisher	0	1089	mytycoon.select.Punisher	100	0	25	1	0.3		
2	Mytycoon_Hulk.actor	mytycoon.Hulk	▢FF389803Hulk	0	1089	mytycoon.select.Hulk	240	0.4	5	1	0.3		
3	Mytycoon_BlackPanther.actor	mytycoon.BlackPanther	▢FF111111BlackPanther	0	1089	mytycoon.select.BlackPanther	200	0.2	8	1	0.3		
4	Mytycoon_CaptainAmerica.actor	mytycoon.CaptainAmercia	▢FF71A0D3CaptainAmerica	0	1089	mytycoon.select.CaptainAmercia	150	0.25	10	1	0.3		
5	Mytycoon_SpiderMan.actor	mytycoon.SpiderMan	▢FFCB3737SpiderMan	0	1089	mytycoon.select.SpiderMan	140	0.3	6	1	0.3		
6	Mytycoon_IronMan.actor	mytycoon.IronMan	▢FFDC8928IronMan	0	1089	mytycoon.select.IronMan	130	0.35	12	1	0.3		
