﻿传送点ID	传送点名称	建造建筑所需建筑ID（0代表不需要）	传送点造型	传送入口（x坐标）	传送入口（y坐标）	传送入口（z坐标）	传送入口（yaw转向）	传送出口（x坐标）	传送出口（y坐标）	传送出口（z坐标）	购买NPC模型	购买建筑名称	购买NPC（x坐标）	购买NPC（y坐标）	购买NPC（z坐标）	购买NPC（yaw转向）	返回传送造型	返回传送名称	返回传送入口（x坐标）	返回传送入口（y坐标）	返回传送入口（z坐标）	返回传送入口（yaw转向）	返回传送出口（x坐标）	返回传送出口（y坐标）	返回传送出口（z坐标）	建筑增值进度	建筑价格		建筑名称	前置建筑
id	name	buildingIds	actor	entryX	entryY	entryZ	entryYaw	exitX	exitY	exitZ	npcActor	npcName	npcX	npcY	npcZ	npcYaw	goBackActor	goBackName	goBackEntryX	goBackEntryY	goBackEntryZ	goBackEntryYaw	goBackExitX	goBackExitY	goBackExitZ	value	price			
101050301	mytycoon.portallbuilding.entrance.name	101041321	anvil01.actor	130.5	41	514.5	0	155.5	44	459.5	Mytycoon_Arm.actor	mytycoon.portallbuilding.name	130.5	41	514.5	90	anvil01.actor	mytycoon.portallbuilding.exit.name	155.5	44	459.5	0	130.5	41	515.5	2340	4080		传送点	墙21
102050301	mytycoon.portallbuilding.entrance.name	102041321	anvil01.actor	197.5	46	512.5	0	155.5	44	459.5	Mytycoon_Arm.actor	mytycoon.portallbuilding.name	197.5	46	512.5	0	anvil01.actor	mytycoon.portallbuilding.exit.name	155.5	44	459.5	0	198.5	48	512.5	2340	4080		传送点	墙21
103050301	mytycoon.portallbuilding.entrance.name	103041321	anvil01.actor	217	5	460	0	155.5	44	459.5	Mytycoon_Arm.actor	mytycoon.portallbuilding.name	217	5	460	0	anvil01.actor	mytycoon.portallbuilding.exit.name	155.5	44	459.5	0	218	5	460	2340	4080		传送点	墙21
104050301	mytycoon.portallbuilding.entrance.name	104041321	anvil01.actor	93.5	39	458.5	0	155.5	44	459.5	Mytycoon_Arm.actor	mytycoon.portallbuilding.name	93.5	39	458.5	0	anvil01.actor	mytycoon.portallbuilding.exit.name	155.5	44	459.5	0	92.5	41	458.5	2340	4080		传送点	墙21
105050301	mytycoon.portallbuilding.entrance.name	105041321	anvil01.actor	140.5	41	402.5	0	155.5	44	459.5	Mytycoon_Arm.actor	mytycoon.portallbuilding.name	140.5	41	402.5	0	anvil01.actor	mytycoon.portallbuilding.exit.name	155.5	44	459.5	0	139.5	43	402.5	2340	4080		传送点	墙21
106050301	mytycoon.portallbuilding.entrance.name	106041321	anvil01.actor	197.5	40	404.5	0	155.5	44	459.5	Mytycoon_Arm.actor	mytycoon.portallbuilding.name	197.5	40	404.5	0	anvil01.actor	mytycoon.portallbuilding.exit.name	155.5	44	459.5	0	196.5	40	404.5	2340	4080		传送点	墙21
