﻿私有资源点Id	资源领取点名称	资源存储上限	字体颜色	产出间隔	默认产量(每间隔几秒产出多少）	领取CD	资源领取点造型	资源领取点（x坐标）	资源领取点（y坐标）	资源领取点（z坐标）	资源领取点（yaw转向）
id	recNpcName	resSaveMax	color	interval	output	getCd	recNpcActor	recNpcX	recNpcY	recNpcZ	recNpcYaw
10101	mytycoon.private.resource.Punisher.name	10000	▢FF00FF00	1	0	30	barrel01.actor	135.5	27	509.5	0
10201	mytycoon.private.resource.Hulk.name	10000	▢FF00FF00	1	0	30	barrel01.actor	191.5	39	518.5	0
10301	mytycoon.private.resource.BlackPanther.name	10000	▢FF00FF00	1	0	30	barrel01.actor	218.5	24	472.5	0
10401	mytycoon.private.resource.CaptainAmercia.name	10000	▢FF00FF00	1	0	30	barrel01.actor	96.5	27	464.5	0
10501	mytycoon.private.resource.SpiderMan.name	10000	▢FF00FF00	1	0	30	barrel01.actor	140.5	27	402.5	0
10601	mytycoon.private.resource.IronMan.name	10000	▢FF00FF00	1	0	30	barrel01.actor	173.5	27	407.5	0
