﻿公共资源点Id	资源领取点名称	资源存储上限	字体颜色(建筑名称颜色不改变)	产出间隔	默认产量（每间隔几秒产出多少）	生成时间（出生时间，多少秒后出现）	资源领取点造型	资源领取点（x坐标）	资源领取点（y坐标）	资源领取点（z坐标）	资源领取点（yaw转向）	领取CD	资源提示开始区域（x坐标）	资源提示开始区域（y坐标）	资源提示开始区域（z坐标）	资源提示结束区域（x坐标）	资源提示结束区域（Y坐标）	资源提示开始区域（Z坐标）
id	recNpcName	resSaveMax	color	interval	output	time	recNpcActor	x	y	z	yaw	getCd	resourceStartX	resourceStartY	resourceStartZ	resourceEndX	resourceEndY	resourceEndZ
110010101	mytycoon.public.resource.1.name	300	▢FF00FF00	1	6	0	barrel01.actor	240.5	25	459.5	0	0	235.5	25	454.5	245.5	25	464.5
110010102	mytycoon.public.resource.1.name	300	▢FF00FF00	1	6	0	barrel01.actor	173.5	25	384.5	90	0	235.5	25	454.5	245.5	25	464.5
110010103	mytycoon.public.resource.1.name	300	▢FF00FF00	1	6	0	barrel01.actor	137.5	25	384.5	180	0	235.5	25	454.5	245.5	25	464.5
110010104	mytycoon.public.resource.1.name	300	▢FF00FF00	1	6	0	barrel01.actor	70.5	25	459.5	270	0	235.5	25	454.5	245.5	25	464.5
110010105	mytycoon.public.resource.1.name	300	▢FF00FF00	1	6	0	barrel01.actor	137.5	25	533.5	0	0	235.5	25	454.5	245.5	25	464.5
110010106	mytycoon.public.resource.1.name	300	▢FF00FF00	1	6	0	barrel01.actor	173.5	25	533.5	90	0	235.5	25	454.5	245.5	25	464.5
110010201	mytycoon.public.resource.2.name	450	▢FF00FF00	1	9	180	barrel01.actor	183.5	25	459.5	180	0	235.5	25	454.5	245.5	25	464.5
110010202	mytycoon.public.resource.2.name	450	▢FF00FF00	1	9	180	barrel01.actor	173.5	25	441.5	270	0	235.5	25	454.5	245.5	25	464.5
110010203	mytycoon.public.resource.2.name	450	▢FF00FF00	1	9	180	barrel01.actor	137.5	25	441.5	0	0	235.5	25	454.5	245.5	25	464.5
110010204	mytycoon.public.resource.2.name	450	▢FF00FF00	1	9	180	barrel01.actor	127.5	25	459.5	90	0	235.5	25	454.5	245.5	25	464.5
110010205	mytycoon.public.resource.2.name	450	▢FF00FF00	1	9	180	barrel01.actor	137.5	25	476.5	180	0	235.5	25	454.5	245.5	25	464.5
110010206	mytycoon.public.resource.2.name	450	▢FF00FF00	1	9	180	barrel01.actor	173.5	25	476.5	270	0	235.5	25	454.5	245.5	25	464.5
110010301	mytycoon.public.resource.3.name	900	▢FF00FF00	1	18	420	barrel01.actor	163.5	25	467.5	0	0	235.5	25	454.5	245.5	25	464.5
110010302	mytycoon.public.resource.3.name	900	▢FF00FF00	1	18	420	barrel01.actor	163.5	25	451.5	90	0	235.5	25	454.5	245.5	25	464.5
110010303	mytycoon.public.resource.3.name	900	▢FF00FF00	1	18	420	barrel01.actor	147.5	25	451.5	180	0	235.5	25	454.5	245.5	25	464.5
110010304	mytycoon.public.resource.3.name	900	▢FF00FF00	1	18	420	barrel01.actor	147.5	25	467.5	270	0	235.5	25	454.5	245.5	25	464.5
110010401	mytycoon.public.resource.4.name	1200	▢FF00FF00	1	30	600	barrel01.actor	155.5	25	459.5	0	0	235.5	25	454.5	245.5	25	464.5
110010501	mytycoon.public.resource.5.name	2000	▢FF00FF00	1	96	1080	barrel01.actor	155.5	44	475.5	90	0	235.5	25	454.5	245.5	25	464.5
110010502	mytycoon.public.resource.5.name	2000	▢FF00FF00	1	96	1080	barrel01.actor	170.5	44	459.5	180	0	235.5	25	454.5	245.5	25	464.5
110010503	mytycoon.public.resource.5.name	2000	▢FF00FF00	1	96	1080	barrel01.actor	155.5	44	443.5	270	0	235.5	25	454.5	245.5	25	464.5
110010504	mytycoon.public.resource.5.name	2000	▢FF00FF00	1	96	1080	barrel01.actor	139.5	44	459.5	0	0	235.5	25	454.5	245.5	25	464.5
