资源建筑ID	资源建筑名称（#表示没有名字）	资源ID	建造建筑所需建筑ID（0代表不需要）	资源建筑等级	资源建筑造型	资源建筑（x坐标）	资源建筑（y坐标）	资源建筑（z坐标）	资源建筑（yaw转向）	升级资源Npc的造型	升级资源Npc的名称	建筑资源产出增量(每秒产出量)	建筑资源存储上限增量	升级到当前等级所需资源		建筑名称	前置建筑
id	name	resourceId	buildingIds	level	actor	x	y	z	yaw	proNpcActor	proNpcName	outputIncrement	saveMaxIncrement	price			
101010101	mytycoon.ResourceBuilding.small.name	10101	0	1	Mytycoon_Producer1.actor	122.5	27	517.5	180	Mytycoon_Arm02.actor	mytycoon.ResourceBuilding.small.name	2	1200	0		生产设备1	###
101010102	mytycoon.ResourceBuilding.small.name	10101	101041101#101010101	2	Mytycoon_Producer1.actor	125.5	27	517.5	180	Mytycoon_Arm02.actor	mytycoon.ResourceBuilding.small.name	2	1200	30		生产设备2	墙1
101010103	mytycoon.ResourceBuilding.small.name	10101	101041102#101010102	3	Mytycoon_Producer1.actor	128.5	27	517.5	180	Mytycoon_Arm02.actor	mytycoon.ResourceBuilding.small.name	2	1200	70		生产设备3	墙2
101010104	mytycoon.ResourceBuilding.middle.name	10101	101041103#101010103	4	Mytycoon_Producer2.actor	135.5	27	516.5	180	Mytycoon_Arm02.actor	mytycoon.ResourceBuilding.middle.name	8	4800	240		生产设备4	墙3
101010105	mytycoon.ResourceBuilding.small.name	10101	101041104#101010104	5	Mytycoon_Producer1.actor	131.5	27	517	180	Mytycoon_Arm02.actor	mytycoon.ResourceBuilding.small.name	2	1200	570		生产设备5	墙4
101010106	mytycoon.ResourceBuilding.middle.name	10101	101041105#101010105	6	Mytycoon_Producer2.actor	140.5	27	516.5	180	Mytycoon_Arm02.actor	mytycoon.ResourceBuilding.middle.name	8	4800	960		生产设备6	墙5
101010207	mytycoon.ResourceBuilding.middle.name	10101	101044101#101010106	7	Mytycoon_Producer2.actor	136.5	33	513.5	90	Mytycoon_Arm02.actor	mytycoon.ResourceBuilding.middle.name	8	4800	1560		生产设备7	楼梯1
101010208	mytycoon.ResourceBuilding.big.name	10101	101041209#101010207	8	Mytycoon_Producer3.actor	140.5	33	512.5	90	Mytycoon_Arm02.actor	mytycoon.ResourceBuilding.big.name	24	15000	4510		生产设备8	墙9
101010309	mytycoon.ResourceBuilding.big.name	10101	101044202#101010208	9	Mytycoon_Producer3.actor	136.5	41	510.5	90	Mytycoon_Arm02.actor	mytycoon.ResourceBuilding.big.name	24	15000	8940		生产设备9	楼梯2
102010101	mytycoon.ResourceBuilding.small.name	10201	0	1	Mytycoon_Producer1.actor	194	39	521	180	Mytycoon_Arm02.actor	mytycoon.ResourceBuilding.small.name	2	1200	0		生产设备1	###
102010102	mytycoon.ResourceBuilding.small.name	10201	102041101#102010101	2	Mytycoon_Producer1.actor	197	39	521	180	Mytycoon_Arm02.actor	mytycoon.ResourceBuilding.small.name	2	1200	30		生产设备2	墙1
102010103	mytycoon.ResourceBuilding.small.name	10201	102041102#102010102	3	Mytycoon_Producer1.actor	200	39	521	180	Mytycoon_Arm02.actor	mytycoon.ResourceBuilding.small.name	2	1200	70		生产设备3	墙2
102010104	mytycoon.ResourceBuilding.middle.name	10201	102041103#102010103	4	Mytycoon_Producer2.actor	203.5	39	518.5	180	Mytycoon_Arm02.actor	mytycoon.ResourceBuilding.middle.name	8	4800	240		生产设备4	墙3
102010105	mytycoon.ResourceBuilding.small.name	10201	102041104#102010104	5	Mytycoon_Producer1.actor	205	39	515	90	Mytycoon_Arm02.actor	mytycoon.ResourceBuilding.small.name	2	1200	570		生产设备5	墙4
102010106	mytycoon.ResourceBuilding.middle.name	10201	102041105#102010105	6	Mytycoon_Producer2.actor	204.5	39	509.5	90	Mytycoon_Arm02.actor	mytycoon.ResourceBuilding.middle.name	8	4800	960		生产设备6	墙5
102010207	mytycoon.ResourceBuilding.middle.name	10201	102044101#102010106	7	Mytycoon_Producer2.actor	178	51	532	180	Mytycoon_Arm02.actor	mytycoon.ResourceBuilding.middle.name	8	4800	1560		生产设备7	楼梯1
102010208	mytycoon.ResourceBuilding.big.name	10201	102041209#102010207	8	Mytycoon_Producer3.actor	183.5	51	526.5	90	Mytycoon_Arm02.actor	mytycoon.ResourceBuilding.big.name	24	15000	4510		生产设备8	墙9
102010309	mytycoon.ResourceBuilding.big.name	10201	102044202#102010208	9	Mytycoon_Producer3.actor	189.5	47	514.5	270	Mytycoon_Arm02.actor	mytycoon.ResourceBuilding.big.name	24	15000	8940		生产设备9	楼梯2
103010101	mytycoon.ResourceBuilding.small.name	10301	0	1	Mytycoon_Producer1.actor	218	24	448	0	Mytycoon_Arm02.actor	mytycoon.ResourceBuilding.small.name	2	1200	0		生产设备1	###
103010102	mytycoon.ResourceBuilding.small.name	10301	103041101#103010101	2	Mytycoon_Producer1.actor	222	24	448	0	Mytycoon_Arm02.actor	mytycoon.ResourceBuilding.small.name	2	1200	30		生产设备2	墙1
103010103	mytycoon.ResourceBuilding.small.name	10301	103041102#103010102	3	Mytycoon_Producer1.actor	226	24	448	0	Mytycoon_Arm02.actor	mytycoon.ResourceBuilding.small.name	2	1200	70		生产设备3	墙2
103010104	mytycoon.ResourceBuilding.middle.name	10301	103041103#103010103	4	Mytycoon_Producer2.actor	227.5	24	454.5	90	Mytycoon_Arm02.actor	mytycoon.ResourceBuilding.middle.name	8	4800	240		生产设备4	墙3
103010105	mytycoon.ResourceBuilding.small.name	10301	103041104#103010104	5	Mytycoon_Producer1.actor	228	24	460	90	Mytycoon_Arm02.actor	mytycoon.ResourceBuilding.small.name	2	1200	570		生产设备5	墙4
103010106	mytycoon.ResourceBuilding.middle.name	10301	103041105#103010105	6	Mytycoon_Producer2.actor	227.5	24	463.5	90	Mytycoon_Arm02.actor	mytycoon.ResourceBuilding.middle.name	8	4800	960		生产设备6	墙5
103010207	mytycoon.ResourceBuilding.middle.name	10301	103043101#103010106	7	Mytycoon_Producer2.actor	233.5	17	449.5	0	Mytycoon_Arm02.actor	mytycoon.ResourceBuilding.middle.name	8	4800	1560		生产设备7	天花板1
103010208	mytycoon.ResourceBuilding.big.name	10301	103041209#103010207	8	Mytycoon_Producer3.actor	235.5	17	470.5	180	Mytycoon_Arm02.actor	mytycoon.ResourceBuilding.big.name	24	15000	4510		生产设备8	墙9
103010309	mytycoon.ResourceBuilding.big.name	10301	103043202#103010208	9	Mytycoon_Producer3.actor	236.5	10	451.5	90	Mytycoon_Arm02.actor	mytycoon.ResourceBuilding.big.name	24	15000	8940		生产设备9	天花板2
104010101	mytycoon.ResourceBuilding.small.name	10401	0	1	Mytycoon_Producer1.actor	84	27	468	270	Mytycoon_Arm02.actor	mytycoon.ResourceBuilding.small.name	2	1200	0		生产设备1	###
104010102	mytycoon.ResourceBuilding.small.name	10401	104041101#104010101	2	Mytycoon_Producer1.actor	84	27	465	270	Mytycoon_Arm02.actor	mytycoon.ResourceBuilding.small.name	2	1200	30		生产设备2	墙1
104010103	mytycoon.ResourceBuilding.small.name	10401	104041102#104010102	3	Mytycoon_Producer1.actor	84	27	462	270	Mytycoon_Arm02.actor	mytycoon.ResourceBuilding.small.name	2	1200	70		生产设备3	墙2
104010104	mytycoon.ResourceBuilding.middle.name	10401	104041103#104010103	4	Mytycoon_Producer2.actor	87.5	27	467.5	270	Mytycoon_Arm02.actor	mytycoon.ResourceBuilding.middle.name	8	4800	240		生产设备4	墙3
104010105	mytycoon.ResourceBuilding.small.name	10401	104041104#104010104	5	Mytycoon_Producer1.actor	84	27	459	270	Mytycoon_Arm02.actor	mytycoon.ResourceBuilding.small.name	2	1200	570		生产设备5	墙4
104010106	mytycoon.ResourceBuilding.middle.name	10401	104041105#104010105	6	Mytycoon_Producer2.actor	87.5	27	460.5	270	Mytycoon_Arm02.actor	mytycoon.ResourceBuilding.middle.name	8	4800	960		生产设备6	墙5
104010207	mytycoon.ResourceBuilding.middle.name	10401	104044101#104010106	7	Mytycoon_Producer2.actor	84.5	33	467.5	180	Mytycoon_Arm02.actor	mytycoon.ResourceBuilding.middle.name	8	4800	1560		生产设备7	楼梯1
104010208	mytycoon.ResourceBuilding.big.name	10401	104041209#104010207	8	Mytycoon_Producer3.actor	89.5	33	465.5	270	Mytycoon_Arm02.actor	mytycoon.ResourceBuilding.big.name	24	15000	4510		生产设备8	墙9
104010309	mytycoon.ResourceBuilding.big.name	10401	104044202#104010208	9	Mytycoon_Producer3.actor	89.5	39	450.5	0	Mytycoon_Arm02.actor	mytycoon.ResourceBuilding.big.name	24	15000	8940		生产设备9	楼梯2
105010101	mytycoon.ResourceBuilding.small.name	10501	0	1	Mytycoon_Producer1.actor	137	27	399	0	Mytycoon_Arm02.actor	mytycoon.ResourceBuilding.small.name	2	1200	0		生产设备1	###
105010102	mytycoon.ResourceBuilding.small.name	10501	105041101#105010101	2	Mytycoon_Producer1.actor	134	27	399	0	Mytycoon_Arm02.actor	mytycoon.ResourceBuilding.small.name	2	1200	30		生产设备2	墙1
105010103	mytycoon.ResourceBuilding.small.name	10501	105041102#105010102	3	Mytycoon_Producer1.actor	127	27	399	0	Mytycoon_Arm02.actor	mytycoon.ResourceBuilding.small.name	2	1200	70		生产设备3	墙2
105010104	mytycoon.ResourceBuilding.middle.name	10501	105041103#105010103	4	Mytycoon_Producer2.actor	123.5	27	399.5	0	Mytycoon_Arm02.actor	mytycoon.ResourceBuilding.middle.name	8	4800	240		生产设备4	墙3
105010105	mytycoon.ResourceBuilding.small.name	10501	105041104#105010104	5	Mytycoon_Producer1.actor	127	27	402	0	Mytycoon_Arm02.actor	mytycoon.ResourceBuilding.small.name	2	1200	570		生产设备5	墙4
105010106	mytycoon.ResourceBuilding.middle.name	10501	105041105#105010105	6	Mytycoon_Producer2.actor	130.5	27	401.5	0	Mytycoon_Arm02.actor	mytycoon.ResourceBuilding.middle.name	8	4800	960		生产设备6	墙5
105010207	mytycoon.ResourceBuilding.middle.name	10501	105041106#105010106	7	Mytycoon_Producer2.actor	137	27	402	0	Mytycoon_Arm02.actor	mytycoon.ResourceBuilding.middle.name	8	4800	1560		生产设备7	墙6
105010208	mytycoon.ResourceBuilding.big.name	10501	105044101#105010207	8	Mytycoon_Producer1.actor	140.5	33	402.5	90	Mytycoon_Arm02.actor	mytycoon.ResourceBuilding.big.name	24	15000	4510		生产设备8	楼梯1
105010309	mytycoon.ResourceBuilding.big.name	10501	105044202#105010208	9	Mytycoon_Producer3.actor	0	0	0	0	Mytycoon_Arm02.actor	mytycoon.ResourceBuilding.big.name	24	15000	8940		生产设备9	楼梯2
106010101	mytycoon.ResourceBuilding.small.name	10601	0	1	Mytycoon_Producer1.actor	189	27	398	0	Mytycoon_Arm02.actor	mytycoon.ResourceBuilding.small.name	2	1200	0		生产设备1	###
106010102	mytycoon.ResourceBuilding.small.name	10601	106041101#106010101	2	Mytycoon_Producer1.actor	189	27	411	180	Mytycoon_Arm02.actor	mytycoon.ResourceBuilding.small.name	2	1200	30		生产设备2	墙1
106010103	mytycoon.ResourceBuilding.small.name	10601	106041102#106010102	3	Mytycoon_Producer1.actor	186	27	398	0	Mytycoon_Arm02.actor	mytycoon.ResourceBuilding.small.name	2	1200	70		生产设备3	墙2
106010104	mytycoon.ResourceBuilding.middle.name	10601	106041103#106010103	4	Mytycoon_Producer2.actor	182.5	27	398.5	0	Mytycoon_Arm02.actor	mytycoon.ResourceBuilding.middle.name	8	4800	240		生产设备4	墙3
106010105	mytycoon.ResourceBuilding.small.name	10601	106041104#106010104	5	Mytycoon_Producer1.actor	186	27	411	180	Mytycoon_Arm02.actor	mytycoon.ResourceBuilding.small.name	2	1200	570		生产设备5	墙4
106010106	mytycoon.ResourceBuilding.middle.name	10601	106041105#106010105	6	Mytycoon_Producer2.actor	182.5	27	411.5	180	Mytycoon_Arm02.actor	mytycoon.ResourceBuilding.middle.name	8	4800	960		生产设备6	墙5
106010207	mytycoon.ResourceBuilding.middle.name	10601	106044101#106010106	7	Mytycoon_Producer1.actor	172.5	33	398.5	0	Mytycoon_Arm02.actor	mytycoon.ResourceBuilding.middle.name	8	4800	1560		生产设备7	楼梯1
106010208	mytycoon.ResourceBuilding.big.name	10601	106041209#106010207	8	Mytycoon_Producer3.actor	167.5	33	408.5	270	Mytycoon_Arm02.actor	mytycoon.ResourceBuilding.big.name	24	15000	4510		生产设备8	墙9
106010309	mytycoon.ResourceBuilding.big.name	10601	106044202#106010208	9	Mytycoon_Producer3.actor	183.5	38	399.5	0	Mytycoon_Arm02.actor	mytycoon.ResourceBuilding.big.name	24	15000	8940		生产设备9	楼梯2
