﻿技能ID	技能名称（多语言）	技能介绍图片	技能介绍详情（多语言）	技能对应物品ID（扔：715-724；吃：725-734）	技能的职业ID	技能弹道图片所属文件名	技能弹道图片名字	水平速度	下落速度	技能投掷距离	技能特效ID（0代表没特效）	技能释放CD	技能长度	技能宽度	技能高度	技能作用对象（1：自己，2：队友，3：敌人）（1#2#3代表所有都选）	技能作用人数	是否为一次性作用（0：否，1：是）	技能作用时间（秒）	技能作用CD（几秒作用一次）	技能作用类型（1：加血，2：伤害，3：加速（-500~1000），4：减免X点伤害）	技能作用数值	技能附加药水效果（0#0#0没效果）
id	name	image	desc	itemId	occupationId	atlasName	iconName	moveSpeed	dropSpeed	distance	effectId	freeCd	length	width	height	targets	effectNum	isMoment	duration	effectCd	effectType	damage	effect
10101	item.skill_04.name	set:items.json image:skill_04	mytycoon.Punisher.dsc	718	1	throwable.json	headshot	1	0	25	0	15	1	1	4	3	1	1	1	1000	2	60	0#0#0
10102	item.skill_04.name	set:items.json image:skill_04	mytycoon.Punisher.dsc	718	2	throwable.json	headshot	1	0	25	0	15	1	1	4	3	1	1	1	1000	2	60	0#0#0
10103	item.skill_04.name	set:items.json image:skill_04	mytycoon.Punisher.dsc	718	3	throwable.json	headshot	1	0	25	0	15	1	1	4	3	1	1	1	1000	2	60	0#0#0
10104	item.skill_04.name	set:items.json image:skill_04	mytycoon.Punisher.dsc	718	4	throwable.json	headshot	1	0	25	0	15	1	1	4	3	1	1	1	1000	2	60	0#0#0
10105	item.skill_04.name	set:items.json image:skill_04	mytycoon.Punisher.dsc	718	5	throwable.json	headshot	1	0	25	0	15	1	1	4	3	1	1	1	1000	2	60	0#0#0
10106	item.skill_04.name	set:items.json image:skill_04	mytycoon.Punisher.dsc	718	6	throwable.json	headshot	1	0	25	0	15	1	1	4	3	1	1	1	1000	2	60	0#0#0
10201	item.skill_05.name	set:items.json image:skill_05	mytycoon.Hulk.dsc	719	1	throwable.json	0	0	0	0	0	25	0	0	0	1	1	0	5	1000	4	10000	0#0#0
10202	item.skill_05.name	set:items.json image:skill_05	mytycoon.Hulk.dsc	719	2	throwable.json	0	0	0	0	0	25	0	0	0	1	1	0	5	1000	4	10000	0#0#0
10203	item.skill_05.name	set:items.json image:skill_05	mytycoon.Hulk.dsc	719	3	throwable.json	0	0	0	0	0	25	0	0	0	1	1	0	5	1000	4	10000	0#0#0
10204	item.skill_05.name	set:items.json image:skill_05	mytycoon.Hulk.dsc	719	4	throwable.json	0	0	0	0	0	25	0	0	0	1	1	0	5	1000	4	10000	0#0#0
10205	item.skill_05.name	set:items.json image:skill_05	mytycoon.Hulk.dsc	719	5	throwable.json	0	0	0	0	0	25	0	0	0	1	1	0	5	1000	4	10000	0#0#0
10206	item.skill_05.name	set:items.json image:skill_05	mytycoon.Hulk.dsc	719	6	throwable.json	0	0	0	0	0	25	0	0	0	1	1	0	5	1000	4	10000	0#0#0
10301	item.skill_06.name	set:items.json image:skill_06	mytycoon.BlackPanther.dsc	720	1	throwable.json	0	0	0	0	0	15	0	0	0	1	1	1	3	1000	0	0	14#3#1
10302	item.skill_06.name	set:items.json image:skill_06	mytycoon.BlackPanther.dsc	720	2	throwable.json	0	0	0	0	0	15	0	0	0	1	1	1	3	1000	0	0	14#3#1
10303	item.skill_06.name	set:items.json image:skill_06	mytycoon.BlackPanther.dsc	720	3	throwable.json	0	0	0	0	0	15	0	0	0	1	1	1	3	1000	0	0	14#3#1
10304	item.skill_06.name	set:items.json image:skill_06	mytycoon.BlackPanther.dsc	720	4	throwable.json	0	0	0	0	0	15	0	0	0	1	1	1	3	1000	0	0	14#3#1
10305	item.skill_06.name	set:items.json image:skill_06	mytycoon.BlackPanther.dsc	720	5	throwable.json	0	0	0	0	0	15	0	0	0	1	1	1	3	1000	0	0	14#3#1
10306	item.skill_06.name	set:items.json image:skill_06	mytycoon.BlackPanther.dsc	720	6	throwable.json	0	0	0	0	0	15	0	0	0	1	1	1	3	1000	0	0	14#3#1
10401	item.skill_07.name	set:items.json image:skill_07	mytycoon.CaptainAmerica.dsc	721	1	throwable.json	0	0	0	0	0	9	0	0	0	1	1	0	0.5	1000	3	400	0#0#0
10402	item.skill_07.name	set:items.json image:skill_07	mytycoon.CaptainAmerica.dsc	721	2	throwable.json	0	0	0	0	0	9	0	0	0	1	1	0	0.5	1000	3	400	0#0#0
10403	item.skill_07.name	set:items.json image:skill_07	mytycoon.CaptainAmerica.dsc	721	3	throwable.json	0	0	0	0	0	9	0	0	0	1	1	0	0.5	1000	3	400	0#0#0
10404	item.skill_07.name	set:items.json image:skill_07	mytycoon.CaptainAmerica.dsc	721	4	throwable.json	0	0	0	0	0	9	0	0	0	1	1	0	0.5	1000	3	400	0#0#0
10405	item.skill_07.name	set:items.json image:skill_07	mytycoon.CaptainAmerica.dsc	721	5	throwable.json	0	0	0	0	0	9	0	0	0	1	1	0	0.5	1000	3	400	0#0#0
10406	item.skill_07.name	set:items.json image:skill_07	mytycoon.CaptainAmerica.dsc	721	6	throwable.json	0	0	0	0	0	9	0	0	0	1	1	0	0.5	1000	3	400	0#0#0
10501	item.skill_08.name	set:items.json image:skill_08	mytycoon.SpiderMan.dsc	722	1	throwable.json	ice_shards	1	0	0	0	9	12	12	4	3	100	1	1	1000	3	-500	2#3#100
10502	item.skill_08.name	set:items.json image:skill_08	mytycoon.SpiderMan.dsc	722	2	throwable.json	ice_shards	1	0	0	0	9	12	12	4	3	100	1	1	1000	3	-500	2#3#100
10503	item.skill_08.name	set:items.json image:skill_08	mytycoon.SpiderMan.dsc	722	3	throwable.json	ice_shards	1	0	0	0	9	12	12	4	3	100	1	1	1000	3	-500	2#3#100
10504	item.skill_08.name	set:items.json image:skill_08	mytycoon.SpiderMan.dsc	722	4	throwable.json	ice_shards	1	0	0	0	9	12	12	4	3	100	1	1	1000	3	-500	2#3#100
10505	item.skill_08.name	set:items.json image:skill_08	mytycoon.SpiderMan.dsc	722	5	throwable.json	ice_shards	1	0	0	0	9	12	12	4	3	100	1	1	1000	3	-500	2#3#100
10506	item.skill_08.name	set:items.json image:skill_08	mytycoon.SpiderMan.dsc	722	6	throwable.json	ice_shards	1	0	0	0	9	12	12	4	3	100	1	1	1000	3	-500	2#3#100
10601	item.skill_09.name	set:items.json image:skill_09	mytycoon.IronMan.dsc	723	1	throwable.json	witchery	1	0	0	0	9	12	12	4	3	1	0	5	2	2	0	0#0#0
10602	item.skill_09.name	set:items.json image:skill_09	mytycoon.IronMan.dsc	723	2	throwable.json	witchery	1	0	0	0	9	12	12	4	3	1	0	5	2	2	0	0#0#0
10603	item.skill_09.name	set:items.json image:skill_09	mytycoon.IronMan.dsc	723	3	throwable.json	witchery	1	0	0	0	9	12	12	4	3	1	0	5	2	2	0	0#0#0
10604	item.skill_09.name	set:items.json image:skill_09	mytycoon.IronMan.dsc	723	4	throwable.json	witchery	1	0	0	0	9	12	12	4	3	1	0	5	2	2	0	0#0#0
10605	item.skill_09.name	set:items.json image:skill_09	mytycoon.IronMan.dsc	723	5	throwable.json	witchery	1	0	0	0	9	12	12	4	3	1	0	5	2	2	0	0#0#0
10606	item.skill_09.name	set:items.json image:skill_09	mytycoon.IronMan.dsc	723	6	throwable.json	witchery	1	0	0	0	9	12	12	4	3	1	0	5	2	2	0	0#0#0
