﻿技能特效ID	技能名称	技能特效时长	技能宽度	技能长度	技能颜色(b#g#r)[0-1]	技能密度(越小密度越大)
id	name	duration	width	height	color	density
1	witchMagic	1	2	2	0.863#0.863#0.863	2
2	mobSpell	2	1	1	1#0#0	1
3	witchMagic	1	1	1	0#0#1	1
4	witchMagic	1	1	1	1#0.565#0.118	1
5	mobSpell	1	1	1	0#1#0	1
6	mobSpell	5	12	12	0#0#0	12
7	mobSpell	5	8	8	0#1#0	8
8	witchMagic	3	3	3	0.031#0.396#0.545	3
9	witchMagic	1	8	8	1#0#1	8
10	mobSpell	3	12	12	1#1#0	12
11	mobSpell	5	5	5	1#1#0	5
