方块ID递增	方块名字（多语言）	方块描述（多语言）	方块图片	数量	真ID	无用	无用	无用	价格				
id	name	desc	image	num	ItemID	level	value	nextValue	price				
101	Snowmanbattle.block1	Snowmanbattle.block1.desc	set:Blocks.json image:hardened_clay_stained_white	30	159	2	2	20	30				
102	Snowmanbattle.block2	Snowmanbattle.block2.desc	set:Blocks.json image:iron_block	10	42	3	3	30	60				
103	Snowmanbattle.block3	Snowmanbattle.block3.desc	set:Blocks.json image:enchanting_table_bottom	3	49	1	1	1	120				
													
													
													
													
													
													
													
													
													
													
													
													
													 
