武器商人ID	商人队伍ID	武器商人名称	武器商人模型	武器商人坐标（x坐标）	武器商人坐标（y坐标）	武器商人坐标（z坐标）	武器商人转向	范围起点（x坐标）	范围起点（y坐标）	范围起点（z坐标）	范围终点（x坐标）	范围终点（y坐标）	范围终点（z坐标）
id	teamId	name	actor	x	y	z	yaw	startX	startY	startZ	endX	endY	endZ
1	1	red.merchant.name	merchant.actor	1709.5	40	-560.5	0	1709.5	20	-560	1724.5	60	-550
2	2	blue.merchant.name	merchant.actor	1709.5	40	-583.5	180	1709.5	20	-594	1724.5	60	-584
3	1	red.merchant.name	merchant.actor	1722.5	40	-560.5	0	1709.5	20	-560	1724.5	60	-550
4	2	blue.merchant.name	merchant.actor	1722.5	40	-583.5	180	1709.5	20	-594	1724.5	60	-584
