ID	道具ID	名称	图片	武器类型	攻击力	射程	射速	子弹ID	最大子弹数	击退力	后坐力	狙击距离	击发子弹数量	子弹偏移	攻击系数	价格	爆头伤害加成	原枪械Id			
id	itemId	name	image	type	attack	range	speed	bulletId	maxBullet	knockback	recoil	sniperDistance	bulletPerShoot	bulletOffset	attackX	price	gunHeadShot	initialItemId			
1	762	gui_gun_name_42	set:strike_gun.json image:gun01	1	15	30	0.3	441	20	0	0.2	0	1	28	0.3	400	10	762			格洛克
2	767	gui_gun_name_47	set:strike_gun.json image:gun02	1	18	30	0.3	441	12	0	0.2	0	1	24	0.14	400	15	767			usp
3	438	gui_gun_name_38	set:items.json image:gun38	1	25	50	0.3	441	7	0	0.8	0	1	20	0.47	750	20	438			沙鹰
4	437	gui_gun_name_36	set:items.json image:gun36	4	65	30	0.6	444	2	0	0.2	0	8	180	0.2	1300	50	437			截短霰弹枪
5	440	gui_gun_name_29	set:items.json image:gun29	4	80	30	0.2	444	7	0	0.2	0	5	200	0.3	2880	50	440			M1014霰弹枪
6	714	gui_gun_name_15	set:items.json image:gun15	5	36	50	0.15	443	60	0	1.5	0	1	16	0.46	2880	15	714			机关枪
7	768	gui_gun_name_48	set:strike_gun.json image:gun10	5	24	30	0.035	443	30	0	1	0	1	40	0.55	1200	25	768			uzi
8	701	gui_gun_name_03	set:items.json image:gun33	5	25	30	0.085	443	25	0	0.5	0	1	30	0.18	1250	25	428			ump
9	764	gui_gun_name_44	set:strike_gun.json image:gun04	5	25	30	0.075	443	50	0	0.8	0	1	24	0.2	2000	25	764			p90
10	759	gui_gun_name_39	set:strike_gun.json image:gun07	2	28	50	0.15	442	30	0	1.5	0	1	50	0.31	1750	35	759			AK-47步枪
11	763	gui_gun_name_43	set:strike_gun.json image:gun09	2	35	50	0.16	442	20	0	0.7	0	1	10	2	1750	35	763			M4A1步枪
12	766	gui_gun_name_46	set:strike_gun.json image:gun08	2	38	50	0.11	442	30	0	1	0	1	26	0.28	3360	40	766			SG步枪
13	760	gui_gun_name_40	set:strike_gun.json image:gun05	2	42	50	0.18	442	30	0	1	0	1	26	0.48	3360	40	760			AUG步枪
14	761	gui_gun_name_41	set:strike_gun.json image:gun06	3	110	500	1.2	446	10	0	0.2	10	1	10	5.88	3400	100	761			AWP狙击枪
15	765	gui_gun_name_45	set:strike_gun.json image:gun03	3	80	500	1.2	446	10	0	0.2	10	1	10	9.2	2800	100	765			SSG狙击枪
16	771	spraypaint_gun_name_1	set:strike_gun.json image:gun17	2	35	50	0.15	442	30	0	1.5	0	1	50	0.31	1750	35	759			AK-47步枪 皮肤
17	772	spraypaint_gun_name_2	set:strike_gun.json image:gun15	2	42	50	0.18	442	30	0	1	0	1	26	0.48	3360	40	760			AUG步枪 皮肤
18	773	spraypaint_gun_name_3	set:strike_gun.json image:gun16	3	110	500	1.2	446	10	0	0.2	10	1	10	5.88	3400	100	761			AWP狙击枪 皮肤
19	774	spraypaint_gun_name_4	set:strike_gun.json image:gun11	1	18	30	0.3	441	20	0	0.2	0	1	28	0.3	400	10	762			格洛克 皮肤
20	775	spraypaint_gun_name_5	set:strike_gun.json image:gun19	2	35	50	0.16	442	20	0	0.7	0	1	10	2	1750	35	763			M4A1步枪 皮肤
21	776	spraypaint_gun_name_6	set:strike_gun.json image:gun14	5	25	30	0.075	443	50	0	0.8	0	1	24	0.2	2000	25	764			p90 皮肤
22	777	spraypaint_gun_name_8	set:strike_gun.json image:gun13	3	80	500	1.2	446	10	0	0.2	10	1	10	9.2	2800	100	765			SSG狙击枪 皮肤
23	778	spraypaint_gun_name_7	set:strike_gun.json image:gun18	2	42	50	0.11	442	30	0	1	0	1	26	0.28	3360	40	766			SG步枪 皮肤
24	779	spraypaint_gun_name_9	set:strike_gun.json image:gun12	1	15	30	0.3	441	12	0	0.2	0	1	24	0.14	400	15	767			usp 皮肤
25	780	spraypaint_gun_name_10	set:strike_gun.json image:gun20	5	24	30	0.035	443	30	0	1	0	1	40	0.55	1200	25	768			uzi 皮肤
