道具ID	道具名称（多语言）	道具图片	道具描述	道具价格	所拥有的物品	道具所属队伍(0不限制，1属于红队，2属于蓝队)	
id	name	image	desc	price	itemIds	teamId	
1	gui_gun_name_42	set:strike_gun.json image:gun01	gbt.gun1.type1.desc	400	1#21	0	格洛克
2	gui_gun_name_47	set:strike_gun.json image:gun02	gbt.gun2.type1.desc	400	2#21	0	usp
3	gui_gun_name_38	set:items.json image:gun38	gbt.gun3.type1.desc	750	3#21	0	沙鹰
4	gui_gun_name_36	set:items.json image:gun36	gbt.gun4.type1.desc	1300	4#24	0	截短霰弹枪
5	gui_gun_name_29	set:items.json image:gun29	gbt.gun5.type1.desc	2880	5#24	0	M1014霰弹枪
6	gui_gun_name_15	set:items.json image:gun15	gbt.gun6.type1.desc	2880	6#23	0	机关枪
7	gui_gun_name_48	set:strike_gun.json image:gun10	gbt.gun7.type1.desc	1200	7#23	0	uzi
8	gui_gun_name_03	set:items.json image:gun33	gbt.gun8.type1.desc	1250	8#23	0	UMP冲锋枪
9	gui_gun_name_44	set:strike_gun.json image:gun04	gbt.gun9.type1.desc	2000	9#23	0	p90
10	gui_gun_name_39	set:strike_gun.json image:gun07	gbt.gun10.type1.desc	1750	10#22	1	AK-47步枪
11	gui_gun_name_43	set:strike_gun.json image:gun09	gbt.gun11.type1.desc	1750	11#22	2	M4A1步枪
12	gui_gun_name_46	set:strike_gun.json image:gun08	gbt.gun12.type1.desc	3360	12#22	1	SG步枪
13	gui_gun_name_40	set:strike_gun.json image:gun05	gbt.gun13.type1.desc	3360	13#22	2	AUG步枪
14	gui_gun_name_41	set:strike_gun.json image:gun06	gbt.gun14.type1.desc	3400	14#25	0	AWP狙击枪
15	gui_gun_name_45	set:strike_gun.json image:gun03	gbt.gun15.type1.desc	2800	15#25	0	SSG狙击枪
16	gui_gun_name_BOOM	set:items.json image:grenade	gbt.gun23.type1.desc	500	48	0	
17	gui_gun_name_FDY1	set:items.json image:chainmail_chestplate	gbt.gun17.type1.desc	300	42	0	
18	gui_gun_name_FDY2	set:items.json image:iron_chestplate	gbt.gun18.type1.desc	450	43	0	
19	gui_gun_name_FDY3	set:items.json image:diamond_chestplate	gbt.gun19.type1.desc	600	44	0	
20	gui_gun_name_ZD	set:items.json image:bullet05	gbt.gun26.type1.desc	150	45#46#47#49#50	0	
21	gui_gun_name_ZD1	set:items.json image:bullet02	gbt.gun20.type1.desc	10	45	0	
22	gui_gun_name_ZD2	set:items.json image:bullet05	gbt.gun21.type1.desc	10	46	0	
23	gui_gun_name_ZD3	set:items.json image:bullet01	gbt.gun22.type1.desc	10	47	0	
24	gui_gun_name_ZD4	set:items.json image:bullet04	gbt.gun24.type1.desc	10	49	0	
25	gui_gun_name_ZD5	set:items.json image:bullet03	gbt.gun25.type1.desc	10	50	0	
26	spraypaint_gun_name_1	set:strike_gun.json image:gun17	gbt.gun10.type1.desc	1750	26#22	1	AK-47步枪 皮肤
27	spraypaint_gun_name_2	set:strike_gun.json image:gun15	gbt.gun13.type1.desc	3360	27#22	2	AUG步枪 皮肤
28	spraypaint_gun_name_3	set:strike_gun.json image:gun16	gbt.gun14.type1.desc	3400	28#25	0	AWP狙击枪 皮肤
29	spraypaint_gun_name_4	set:strike_gun.json image:gun11	gbt.gun1.type1.desc	400	29#21	0	格洛克 皮肤
30	spraypaint_gun_name_5	set:strike_gun.json image:gun19	gbt.gun11.type1.desc	1750	30#22	2	M4A1步枪 皮肤
31	spraypaint_gun_name_6	set:strike_gun.json image:gun14	gbt.gun9.type1.desc	2000	31#23	0	p90 皮肤
32	spraypaint_gun_name_8	set:strike_gun.json image:gun13	gbt.gun15.type1.desc	2800	32#25	0	SSG狙击枪 皮肤
33	spraypaint_gun_name_7	set:strike_gun.json image:gun18	gbt.gun12.type1.desc	3360	33#22	1	SG步枪 皮肤
34	spraypaint_gun_name_9	set:strike_gun.json image:gun12	gbt.gun2.type1.desc	400	34#21	0	usp 皮肤
35	spraypaint_gun_name_10	set:strike_gun.json image:gun20	gbt.gun7.type1.desc	1200	35#23	0	uzi 皮肤
