TipType	TipTemplateId	Notice	zh_CN	en_US	de_DE	es_ES	pt_BR	vi_VN	ru_RU	ko_KR	fr_FR	it_IT	in_ID	th_TH	tr_TR	ja_JP	pl_PL
枚举类型	模板说明	备注	中文	英文	德语	西语	葡萄牙语	越南语	俄语	韩语	法语	意大利语	印尼语	泰语	土耳其	日语	波兰
1050001	GameName	游戏名称	空岛生存资源岛	Ore Island	Ore Island	Ore Island	Ore Island	Ore Island	Ore Island	Ore Island	Ore Island	Ore Island	Ore Island	Ore Island	Ore Island	Ore Island	Ore Island
1050002	msgNotEnoughMoneyTip	货币不足	▢FF00FF00对不起，金钱不足！	▢FF00FF00Sorry,you don't have enough money	▢FF00FF00Entschuldigung, Sie haben nicht genug Geld	▢FF00FF00Lo siento, no tienes suficiente dinero	▢FF00FF00Desculpe, você não tem dinheiro suficiente	▢FF00FF00Xin lỗi, bạn không có đủ tiền	▢FF00FF00Извините, у вас недостаточно денег	▢FF00FF00죄송합니다. 돈이 충분하지 않습니다	▢FF00FF00Désolé, tu n'as pas assez d'argent	▢FF00FF00Scusa, non hai abbastanza soldi	▢FF00FF00Maaf, Anda tidak punya cukup uang	▢FF00FF00ขออภัยคุณไม่มีเงินเพียงพอ	▢FF00FF00Üzgünüm, yeterli paranız yok	▢FF00FF00すみません、お金が足りません	▢FF00FF00Niestety nie masz wystarczającej ilości pieniędzy
1050003	msgUpdateSuccessTip	升级成功	▢FF00FF00恭喜你，升级成功！	▢FF00FF00Congratulations,upgrade successfully	▢FF00FF00Herzlichen Glückwunsch, Upgrade erfolgreich	▢FF00FF00Felicidades, actualice con éxito	▢FF00FF00Parabéns, atualize com sucesso	▢FF00FF00Xin chúc mừng, nâng cấp thành công	▢FF00FF00Поздравляем, обновление успешно	▢FF00FF00축하합니다, 성공적으로 업그레이드	▢FF00FF00Félicitations, mise à niveau avec succès	▢FF00FF00Congratulazioni, aggiorna con successo	▢FF00FF00Selamat, upgrade berhasil	▢FF00FF00ขอแสดงความยินดีอัปเกรดสำเร็จ	▢FF00FF00Tebrikler, başarıyla yükseltin	▢FF00FF00おめでとう、正常にアップグレード	▢FF00FF00Gratulacje, udana aktualizacja
1050004	msgUpdateMaxLevelTip	最大等级	▢FF00FF00您的矿机当前已是最高级别！	▢FF00FF00Your mining machine is currently at the highest level!	▢FF00FF00Ihre Bergbaumaschine befindet sich derzeit auf höchstem Niveau!	▢FF00FF00¡Su máquina de minería está actualmente al más alto nivel!	▢FF00FF00Sua máquina de mineração está atualmente no nível mais alto!	▢FF00FF00Máy khai thác của bạn hiện đang ở mức cao nhất!	▢FF00FF00Ваша майнинг машина в данный момент на высшем уровне!	▢FF00FF00광산 기계는 현재 최고 수준입니다!	▢FF00FF00Votre machine minière est actuellement au plus haut niveau!	▢FF00FF00La tua macchina da miniera è attualmente al massimo livello!	▢FF00FF00Mesin penambangan Anda saat ini berada di level tertinggi!	▢FF00FF00เครื่องขุดของคุณอยู่ในระดับสูงสุดแล้ว!	▢FF00FF00Maden makineniz şu anda en üst seviyede!	▢FF00FF00マイニングマシンは現在最高レベルです！	▢FF00FF00Twoja maszyna górnicza jest obecnie na najwyższym poziomie!
1050005	msgTransmitting	传送中，请等待!	▢FFFF0000传送中，请等待!	▢FFFF0000 is being teleported, please wait!			▢FFFF0000 está sendo teleportado, aguarde!	▢FFFF0000 đang được dịch chuyển tức thời, xin vui lòng chờ!	▢FFFF0000 телепортируется, подождите, пожалуйста.								
