Id	TabId	GroupId	GroupText	Unnamed: 4	Name	Icon	ItemId	Meta	ItemNum	HaveItem	GoodType	CoinId	CoinNum1	CoinNum2	Forever	Time	Hot	Level	PriBlock	PriNpc	DisCountTips	LockTip	Unnamed: 23	CoinImg	Weight	Unnamed: 26	Unnamed: 27	Unnamed: 28	Detail	ShowPriImg	Unnamed: 31	Unnamed: 32
唯一id	商品归类(参考AppShopTabSetting)	二级标签组	二级标签组名称(多语言)	二级标签描述	商品名称	商品图标	商品真实Id	商品meta	商品数量	给与物品，给程序判断背包是否满用	商品类型(1物品 2特权 3矿机4钱 5方块	商品货币类型(1魔方，3游戏币	商品货币数量	拥有特权魔方方块用游戏币买时的价格2	是否永久(1，永久 只能买一个)	特权时间	热卖	解锁等级	特权方块	特权矿机	折扣优惠提示	锁住时的提示	锁住提示类型	商品货币图片(目前无用)	排序权重		权重1	排序1	物品描述	图片	买价引用(不能直接复制过去,魔方出售方块价格会出问题)	校验
Id	TabId	GroupId	GroupText		Name	Icon	ItemId	Meta	ItemNum	HaveItem	GoodType	CoinId	CoinNum1	CoinNum2	Forever	Time	Hot	Level	PriBlock	PriNpc	DisCountTips	LockTip		CoinImg	Weight				Detail	ShowPriImg		
3001	5	3	shop_tab2_7	建造	Item_Name300100	set:task_and_shop.json image:build_pri1	3001	0	1	#	2	1	8	999999	1	-1	1	1	0	0	#	0	无	set:tequan.json image:key_daoju	999#999	新手建造礼包	999	1	Item_Desc300100	2804#1103#1102		
3002	5	3	shop_tab2_7	建造	Item_Name300200	set:task_and_shop.json image:build_pri2	3002	0	1	#	2	1	60	999999	1	-1	1	1	1422	0	#	0	无	set:tequan.json image:tequan_daoju	997#997	进阶建造礼包	997	3	Item_Desc300200	1201#1202		
3003	5	3	shop_tab2_7	建造	Item_Name300300	set:task_and_shop.json image:build_pri3	3003	0	1	#	2	1	120	999999	1	-1	1	1	0	0	#	0	无	set:tequan.json image:tequan_hp	995#995	超级建造礼包	995	5	Item_Desc300300	1301#1302		
3011	5	2	shop_tab2_6	礼包	Item_Name301100	set:task_and_shop.json image:res_pri1	3011	0	1	2247#2248#2249#2252	2	1	60	999999	1	-1	1	1	0	4006	#	0	无	set:tequan.json image:tequan_daoju	998#998	新手采集礼包	998	2	Item_Desc301100	2101#2103#2104#2105#2106		
3012	5	2	shop_tab2_6	礼包	Item_Name301200	set:task_and_shop.json image:res_pri2	3012	0	1	2072#2073#2074#2075	2	1	120	999999	1	-1	1	1	0	0	#	0	无	set:tequan.json image:tequan_hp	996#996	进阶采集礼包	996	4	Item_Desc301200	2204#2205#2702#2703#2704#2705		
3013	5	2	shop_tab2_6	礼包	Item_Name301300	set:task_and_shop.json image:res_pri3	3013	0	1	2246#2251	2	1	199	999999	1	-1	1	1	0	0	#	0	无	set:tequan.json image:key_daoju	994#994	超级采集礼包	994	6	Item_Desc301300	2301#2302#2701		
3014	5	2	shop_tab2_6	礼包	Item_Name301400	set:task_and_shop.json image:res_pri4	3014	0	1	2337	2	1	329	999999	1	-1	1	1	0	0	#	0	无	set:tequan.json image:tequan_daoju	993#993	豪华采集礼包	993	7	Item_Desc301400	2401#2402		
3050	5	1	shop_tab2_8	超值	Item_Name305000	set:task_and_shop.json image:crown_pri1	3050	0	1	2247#2249#2072#2073#2074#2075#2250#2251#2337#2252#3569#3564#3565#3566#3567#3570#3560#3561#3562#3563	2	1	780	999999	1	-1	1	1	0	0	#	0	无	set:tequan.json image:tequan_hp	990#990	至尊特权礼包	990	10	Item_Desc305000	2802#2803		
4001	6	1	shop_tab2_1	普通	Item_Name400100	set:task_and_shop.json image:product_1	4001	0	1	#	3	3	50	50	1	-1	0	1	0	0	#	0	无	set:tequan.json image:tequan_daoju	999#999	初级矿机	999	1	Item_Desc400100	#		
4002	6	1	shop_tab2_1	普通	Item_Name400200	set:task_and_shop.json image:product_2	4002	0	1	#	3	3	4000	4000	1	-1	0	1	0	0	#	0	无	set:tequan.json image:tequan_hp	998#998	中级矿机	998	2	Item_Desc400200	#		
4003	6	1	shop_tab2_1	普通	Item_Name400300	set:task_and_shop.json image:product_3	4003	0	1	#	3	3	15000	15000	1	-1	0	1	0	0	#	0	无	set:tequan.json image:key_daoju	997#997	高级矿机	997	3	Item_Desc400300	#		
4004	6	1	shop_tab2_1	普通	Item_Name400400	set:task_and_shop.json image:product_4	4004	0	1	#	3	1	297	999999	1	-1	1	1	0	0	#	0	无	set:tequan.json image:tequan_daoju	996#996	金币矿机	996	4	Item_Desc400400	2204		
4005	6	1	shop_tab2_1	普通	Item_Name400500	set:task_and_shop.json image:product_5	4005	0	1	#	3	1	297	999999	1	-1	1	1	0	0	#	0	无	set:tequan.json image:tequan_hp	995#995	钻石矿机	995	5	Item_Desc400500	2205		
4006	6	1	shop_tab2_1	普通	Item_Name400600	set:task_and_shop.json image:product_6	4006	0	1	#	3	1	297	999999	1	-1	1	1	0	0	#	0	无	set:tequan.json image:tequan_daoju	994#994	特权矿机	994	6	Item_Desc400600	2101		
600	8	5	shop_tab2_32	植物	Item_Name600	#	6	0	1	#	1	3	24	24	0	0	0	1	0	0	#	0	无	set:tequan.json image:tequan_daoju	990#990	橡树苗	990	10	Item_Desc600	#	24	√
602	8	5	shop_tab2_32	植物	Item_Name602	#	6	2	1	#	1	3	24	24	0	0	0	1	0	0	#	0	无	set:tequan.json image:tequan_hp	989#989	白桦树苗	989	11	Item_Desc602	#	24	√
95700	8	5	shop_tab2_32	植物	Item_Name95700	#	957	0	1	#	1	3	5	5	0	0	0	1	0	0	#	0	无	set:tequan.json image:tequan_daoju	999#999	小麦种子	999	1	Item_Desc95700	#	5	√
96500	8	5	shop_tab2_32	植物	Item_Name96500	#	965	0	1	#	1	3	8	8	0	0	0	4	0	0	#	shopLockHint1	等级不足	set:tequan.json image:tequan_hp	998#998	马铃薯种子	998	2	Item_Desc96500	#	8	√
95800	8	5	shop_tab2_32	植物	Item_Name95800	#	958	0	1	#	1	3	12	12	0	0	0	9	0	0	#	shopLockHint1	等级不足	set:tequan.json image:tequan_daoju	997#997	玉米种子	997	3	Item_Desc95800	#	12	√
95900	8	5	shop_tab2_32	植物	Item_Name95900	#	959	0	1	#	1	3	16	16	0	0	0	16	0	0	#	shopLockHint1	等级不足	set:tequan.json image:tequan_daoju	996#996	胡萝卜种子	996	4	Item_Desc95900	#	16	√
96100	8	5	shop_tab2_32	植物	Item_Name96100	#	961	0	1	#	1	3	20	20	0	0	0	23	0	0	#	shopLockHint1	等级不足	set:tequan.json image:tequan_hp	995#995	棉花种子	995	5	Item_Desc96100	#	20	√
96300	8	5	shop_tab2_32	植物	Item_Name96300	#	963	0	1	#	1	3	25	25	0	0	0	30	0	0	#	shopLockHint1	等级不足	set:tequan.json image:tequan_daoju	994#994	番茄种子	994	6	Item_Desc96300	#	25	√
96200	8	5	shop_tab2_32	植物	Item_Name96200	#	962	0	1	#	1	3	30	30	0	0	0	38	0	0	#	shopLockHint1	等级不足	set:tequan.json image:tequan_hp	993#993	草莓种子	993	7	Item_Desc96200	#	30	√
96800	8	5	shop_tab2_32	植物	Item_Name96800	#	968	0	1	#	1	3	36	36	0	0	0	46	0	0	#	shopLockHint1	等级不足	set:tequan.json image:tequan_daoju	992#992	蚕丝种子	992	8	Item_Desc96800	#	36	√
200	7	1	shop_tab2_1	普通	Item_Name200	#	2	0	1	#	5	3	80	80	0	0	0	1	0	0	#	0	无	set:tequan.json image:key_daoju	979#979	草方块	979	21	Item_Desc200	#	80	√
1200	7	1	shop_tab2_1	普通	Item_Name1200	#	12	0	1	#	5	3	14	14	0	0	0	1	0	0	#	0	无	set:tequan.json image:key_daoju	949#949	沙子	949	51	Item_Desc1200	#	14	√
15500	7	1	shop_tab2_1	普通	Item_Name15500	#	155	0	1	#	5	3	200	200	0	0	0	1	0	0	#	0	无	set:tequan.json image:tequan_hp	948#948	石英块	948	52	Item_Desc15500	#	200	√
4500	7	1	shop_tab2_1	普通	Item_Name4500	#	45	0	1	#	5	3	960	960	0	0	0	1	0	0	#	0	无	set:tequan.json image:tequan_daoju	947#947	砖块	947	53	Item_Desc4500	#	960	√
4900	7	1	shop_tab2_1	普通	Item_Name4900	#	49	0	1	#	5	3	400	400	0	0	0	1	0	0	#	0	无	set:tequan.json image:key_daoju	978#978	黑曜石	978	22	Item_Desc4900	#	400	√
2100	7	1	shop_tab2_1	普通	Item_Name2100	#	21	0	1	#	5	3	2400	2400	0	0	0	1	0	0	#	0	无	set:tequan.json image:tequan_daoju	897#897	青金石矿石	897	103	Item_Desc2100	#	2400	√
1500	7	1	shop_tab2_1	普通	Item_Name1500	#	15	0	1	#	5	3	120	120	0	0	0	1	0	0	#	0	无	set:tequan.json image:tequan_chongsheng	899#899	铁矿石	899	101	Item_Desc1500	#	120	√
1400	7	1	shop_tab2_1	普通	Item_Name1400	#	14	0	1	#	5	3	600	600	0	0	0	1	0	0	#	0	无	set:tequan.json image:tequan_hp	898#898	金矿石	898	102	Item_Desc1400	#	600	√
5600	7	1	shop_tab2_1	普通	Item_Name5600	#	56	0	1	#	5	3	1200	1200	0	0	0	1	0	0	#	0	无	set:tequan.json image:tequan_daoju	896#896	钻石矿	896	104	Item_Desc5600	#	1200	√
4200	7	1	shop_tab2_1	普通	Item_Name4200	#	42	0	1	#	5	3	750	750	0	0	0	1	0	0	#	0	无	set:tequan.json image:tequan_daoju	977#977	铁块	977	23	Item_Desc4200	#	750	√
4700	7	2	shop_tab2_2	装饰	Item_Name4700	#	47	0	1	#	5	3	800	800	0	0	0	1	0	0	#	0	无	set:tequan.json image:tequan_chongsheng	991#991	书架	991	9	Item_Desc4700	#	800	√
7900	7	2	shop_tab2_2	装饰	Item_Name7900	#	79	0	1	#	5	3	240	240	0	0	0	1	0	0	#	0	无	set:tequan.json image:tequan_chongsheng	990#990	冰	990	10	Item_Desc7900	#	240	√
8000	7	2	shop_tab2_2	装饰	Item_Name8000	#	80	0	1	#	5	3	1200	1200	0	0	0	1	0	0	#	0	无	set:tequan.json image:key_daoju	992#992	雪块	992	8	Item_Desc8000	#	1200	√
8900	7	2	shop_tab2_2	装饰	Item_Name8900	#	89	0	1	#	5	3	4000	4000	0	0	0	1	0	0	#	0	无	set:tequan.json image:tequan_daoju	994#994	萤石	994	6	Item_Desc8900	#	4000	√
4100	7	2	shop_tab2_2	装饰	Item_Name4100	#	41	0	1	#	5	3	4400	4400	0	0	0	1	0	0	#	0	无	set:tequan.json image:key_daoju	993#993	金块	993	7	Item_Desc4100	#	4400	√
5700	7	2	shop_tab2_2	装饰	Item_Name5700	#	57	0	1	#	5	3	9000	9000	0	0	0	1	0	0	#	0	无	set:tequan.json image:tequan_hp	995#995	钻石块	995	5	Item_Desc5700	#	9000	√
13300	7	2	shop_tab2_2	装饰	Item_Name13300	#	133	0	1	#	5	3	12600	12600	0	0	0	1	0	0	#	0	无	set:tequan.json image:tequan_chongsheng	996#996	绿宝石块	996	4	Item_Desc13300	#	12600	√
16800	7	2	shop_tab2_2	装饰	Item_Name16800	#	168	0	1	#	5	1	9	18000	0	0	1	1	0	0	#	0	无	set:tequan.json image:tequan_daoju	997#997	海晶灯	997	3	Item_Desc16800	#	18000	error
242200	7	4	shop_tab2_3	特权	Item_Name142200	#	2422	0	1	#	5	1	19	40000	0	0	1	1	1	0	#	shopLockHint3	星空方块	set:tequan.json image:tequan_daoju	998#998	星空方块	998	2	Item_Desc142200	#	40000	error
29700	8	4	shop_tab2_1	普通	Item_Name29700	#	297	0	1	#	1	3	100	100	0	0	0	1	0	0	#	0	无	set:tequan.json image:key_daoju	1000#1000	面包	1000	0	Item_Desc29700	#	100	√
26500	8	4	shop_tab2_1	普通	Item_Name26500	#	265	0	1	#	1	3	80	80	0	0	0	1	0	0	#	0	无	set:tequan.json image:key_daoju	999#999	铁锭	999	1	Item_Desc26500	#	80	√
26600	8	4	shop_tab2_1	普通	Item_Name26600	#	266	0	1	#	1	3	480	480	0	0	0	1	0	0	#	0	无	set:tequan.json image:key_daoju	998#998	金锭	998	2	Item_Desc26600	#	480	√
26400	8	4	shop_tab2_1	普通	Item_Name26400	#	264	0	1	#	1	3	1000	1000	0	0	0	1	0	0	#	0	无	set:tequan.json image:tequan_daoju	996#996	钻石	996	4	Item_Desc26400	#	1000	√
32600	8	4	shop_tab2_1	普通	Item_Name32600	#	326	0	1	#	1	3	400	400	0	0	0	1	0	0	#	0	无	set:tequan.json image:tequan_hp	993#993	水桶	993	7	Item_Desc32600	#	400	√
32700	8	4	shop_tab2_1	普通	Item_Name32700	#	327	0	1	#	1	3	500	500	0	0	0	1	0	0	#	0	无	set:tequan.json image:tequan_chongsheng	992#992	岩浆桶	992	8	Item_Desc32700	#	500	√
40900	8	4	shop_tab2_1	普通	Item_Name40900	#	409	0	1	#	1	3	600	600	0	0	0	1	0	0	#	0	无	set:tequan.json image:key_daoju	997#997	海晶碎片	997	3	Item_Desc40900	#	600	√
35100	8	3	shop_tab2_5	染料	Item_Name35100	set:skyblock_item.json image:black_dye	351	0	1	#	1	3	2000	2000	0	0	0	1	0	0	#	0	无	set:tequan.json image:tequan_daoju	899#899	墨囊	899	101	Item_Desc35100	#	2000	√
35102	8	3	shop_tab2_5	染料	Item_Name35102	set:skyblock_item.json image:green_dye	351	2	1	#	1	3	2000	2000	0	0	0	1	0	0	#	0	无	set:tequan.json image:key_daoju	898#898	绿色染料	898	102	Item_Desc35102	#	2000	√
35103	8	3	shop_tab2_5	染料	Item_Name35103	set:skyblock_item.json image:coco_dye	351	3	1	#	1	3	2000	2000	0	0	0	1	0	0	#	0	无	set:tequan.json image:tequan_daoju	897#897	可可豆	897	103	Item_Desc35103	#	2000	√
35104	8	3	shop_tab2_5	染料	Item_Name35104	set:skyblock_item.json image:lazuli_dye	351	4	1	#	1	3	2000	2000	0	0	0	1	0	0	#	0	无	set:tequan.json image:tequan_daoju	896#896	青金石	896	104	Item_Desc35104	#	2000	√
250000	8	3	shop_tab2_5	染料	Item_Name150000	set:skyblock_item.json image:bone_meal	2500	0	1	#	1	3	1960	1960	0	0	0	1	0	0	#	0	无	set:tequan.json image:tequan_daoju	900#900	骨粉	900	100	Item_Desc150000	#	1960	√
26100	8	2	shop_tab2_30	装备	Item_Name26100	#	261	0	1	#	1	3	500	500	0	0	0	1	0	0	#	0	无	set:tequan.json image:tequan_chongsheng	996#996	短弓	996	4	Item_Desc26100	#	500	√
26200	8	2	shop_tab2_30	装备	Item_Name26200	#	262	0	1	#	1	3	100	100	0	0	0	1	0	0	#	0	无	set:tequan.json image:tequan_daoju	995#995	箭	995	5	Item_Desc26200	#	100	√
27200	8	2	shop_tab2_30	装备	Item_Name27200	#	272	0	1	#	1	3	12	12	0	0	0	1	0	0	#	0	无	set:tequan.json image:tequan_daoju	964#964	石剑	964	36	Item_Desc27200	#	12	√
26700	8	2	shop_tab2_30	装备	Item_Name26700	#	267	0	1	#	1	3	160	160	0	0	0	1	0	0	#	0	无	set:tequan.json image:tequan_daoju	969#969	铁剑	969	31	Item_Desc26700	#	160	√
28300	8	2	shop_tab2_30	装备	Item_Name28300	#	283	0	1	#	1	3	960	960	0	0	0	1	0	0	#	0	无	set:tequan.json image:tequan_chongsheng	974#974	金剑	974	26	Item_Desc28300	#	960	√
27600	8	2	shop_tab2_30	装备	Item_Name27600	#	276	0	1	#	1	3	2000	2000	0	0	0	1	0	0	#	0	无	set:tequan.json image:tequan_daoju	979#979	钻石剑	979	21	Item_Desc27600	#	2000	√
29800	8	2	shop_tab2_30	装备	Item_Name29800	#	298	0	1	#	1	3	200	200	0	0	0	1	0	0	#	0	无	set:tequan.json image:tequan_daoju	963#963	皮革头盔	963	37	Item_Desc29800	#	200	√
30600	8	2	shop_tab2_30	装备	Item_Name30600	#	306	0	1	#	1	3	400	400	0	0	0	1	0	0	#	0	无	set:tequan.json image:tequan_daoju	968#968	铁头盔	968	32	Item_Desc30600	#	400	√
31400	8	2	shop_tab2_30	装备	Item_Name31400	#	314	0	1	#	1	3	2400	2400	0	0	0	1	0	0	#	0	无	set:tequan.json image:tequan_chongsheng	973#973	金头盔	973	27	Item_Desc31400	#	2400	√
31000	8	2	shop_tab2_30	装备	Item_Name31000	#	310	0	1	#	1	3	5000	5000	0	0	0	1	0	0	#	0	无	set:tequan.json image:tequan_daoju	978#978	钻石头盔	978	22	Item_Desc31000	#	5000	√
29900	8	2	shop_tab2_30	装备	Item_Name29900	#	299	0	1	#	1	3	320	320	0	0	0	1	0	0	#	0	无	set:tequan.json image:tequan_daoju	962#962	皮革胸甲	962	38	Item_Desc29900	#	320	√
30700	8	2	shop_tab2_30	装备	Item_Name30700	#	307	0	1	#	1	3	640	640	0	0	0	1	0	0	#	0	无	set:tequan.json image:tequan_daoju	967#967	铁胸甲	967	33	Item_Desc30700	#	640	√
31500	8	2	shop_tab2_30	装备	Item_Name31500	#	315	0	1	#	1	3	3840	3840	0	0	0	1	0	0	#	0	无	set:tequan.json image:tequan_chongsheng	972#972	金胸甲	972	28	Item_Desc31500	#	3840	√
31100	8	2	shop_tab2_30	装备	Item_Name31100	#	311	0	1	#	1	3	8000	8000	0	0	0	1	0	0	#	0	无	set:tequan.json image:tequan_daoju	977#977	钻石胸甲	977	23	Item_Desc31100	#	8000	√
30100	8	2	shop_tab2_30	装备	Item_Name30100	#	301	0	1	#	1	3	160	160	0	0	0	1	0	0	#	0	无	set:tequan.json image:tequan_daoju	960#960	皮革靴子	960	40	Item_Desc30100	#	160	√
30900	8	2	shop_tab2_30	装备	Item_Name30900	#	309	0	1	#	1	3	320	320	0	0	0	1	0	0	#	0	无	set:tequan.json image:tequan_daoju	965#965	铁靴子	965	35	Item_Desc30900	#	320	√
31700	8	2	shop_tab2_30	装备	Item_Name31700	#	317	0	1	#	1	3	1920	1920	0	0	0	1	0	0	#	0	无	set:tequan.json image:tequan_chongsheng	970#970	金靴子	970	30	Item_Desc31700	#	1920	√
31300	8	2	shop_tab2_30	装备	Item_Name31300	#	313	0	1	#	1	3	4000	4000	0	0	0	1	0	0	#	0	无	set:tequan.json image:tequan_daoju	975#975	钻石靴子	975	25	Item_Desc31300	#	4000	√
30000	8	2	shop_tab2_30	装备	Item_Name30000	#	300	0	1	#	1	3	280	280	0	0	0	1	0	0	#	0	无	set:tequan.json image:tequan_daoju	961#961	皮革护腿	961	39	Item_Desc30000	#	280	√
30800	8	2	shop_tab2_30	装备	Item_Name30800	#	308	0	1	#	1	3	560	560	0	0	0	1	0	0	#	0	无	set:tequan.json image:tequan_daoju	966#966	铁护腿	966	34	Item_Desc30800	#	560	√
31600	8	2	shop_tab2_30	装备	Item_Name31600	#	316	0	1	#	1	3	3360	3360	0	0	0	1	0	0	#	0	无	set:tequan.json image:tequan_chongsheng	971#971	金护腿	971	29	Item_Desc31600	#	3360	√
31200	8	2	shop_tab2_30	装备	Item_Name31200	#	312	0	1	#	1	3	7000	7000	0	0	0	1	0	0	#	0	无	set:tequan.json image:tequan_daoju	976#976	钻石护腿	976	24	Item_Desc31200	#	7000	√
27000	8	1	shop_tab2_31	工具	Item_Name27000	#	270	0	1	#	1	3	12	12	0	0	0	1	0	0	#	0	无	set:tequan.json image:tequan_daoju	999#999	木镐	999	1	Item_Desc27000	#	12	√
27400	8	1	shop_tab2_31	工具	Item_Name27400	#	274	0	1	#	1	3	16	16	0	0	0	1	0	0	#	0	无	set:tequan.json image:tequan_chongsheng	998#998	石镐	998	2	Item_Desc27400	#	16	√
25700	8	1	shop_tab2_31	工具	Item_Name25700	#	257	0	1	#	1	3	240	240	0	0	0	1	0	0	#	0	无	set:tequan.json image:tequan_daoju	997#997	铁镐	997	3	Item_Desc25700	#	240	√
28500	8	1	shop_tab2_31	工具	Item_Name28500	#	285	0	1	#	1	3	1440	1440	0	0	0	1	0	0	#	0	无	set:tequan.json image:tequan_daoju	996#996	金镐	996	4	Item_Desc28500	#	1440	√
27800	8	1	shop_tab2_31	工具	Item_Name27800	#	278	0	1	#	1	3	3000	3000	0	0	0	1	0	0	#	0	无	set:tequan.json image:tequan_chongsheng	995#995	钻石镐	995	5	Item_Desc27800	#	3000	√
27100	8	1	shop_tab2_31	工具	Item_Name27100	#	271	0	1	#	1	3	12	12	0	0	0	1	0	0	#	0	无	set:tequan.json image:tequan_daoju	993#993	木斧	993	7	Item_Desc27100	#	12	√
27500	8	1	shop_tab2_31	工具	Item_Name27500	#	275	0	1	#	1	3	16	16	0	0	0	1	0	0	#	0	无	set:tequan.json image:tequan_daoju	992#992	石斧	992	8	Item_Desc27500	#	16	√
25800	8	1	shop_tab2_31	工具	Item_Name25800	#	258	0	1	#	1	3	240	240	0	0	0	1	0	0	#	0	无	set:tequan.json image:tequan_chongsheng	991#991	铁斧	991	9	Item_Desc25800	#	240	√
28600	8	1	shop_tab2_31	工具	Item_Name28600	#	286	0	1	#	1	3	1440	1440	0	0	0	1	0	0	#	0	无	set:tequan.json image:tequan_daoju	990#990	金斧	990	10	Item_Desc28600	#	1440	√
27900	8	1	shop_tab2_31	工具	Item_Name27900	#	279	0	1	#	1	3	3000	3000	0	0	0	1	0	0	#	0	无	set:tequan.json image:tequan_daoju	989#989	钻石斧	989	11	Item_Desc27900	#	3000	√
29000	8	1	shop_tab2_31	工具	Item_Name29000	#	290	0	1	#	1	3	9	9	0	0	0	1	0	0	#	0	无	set:tequan.json image:tequan_chongsheng	987#987	木锄	987	13	Item_Desc29000	#	9	√
29100	8	1	shop_tab2_31	工具	Item_Name29100	#	291	0	1	#	1	3	12	12	0	0	0	1	0	0	#	0	无	set:tequan.json image:tequan_daoju	986#986	石锄	986	14	Item_Desc29100	#	12	√
29200	8	1	shop_tab2_31	工具	Item_Name29200	#	292	0	1	#	1	3	160	160	0	0	0	1	0	0	#	0	无	set:tequan.json image:tequan_daoju	985#985	铁锄	985	15	Item_Desc29200	#	160	√
29400	8	1	shop_tab2_31	工具	Item_Name29400	#	294	0	1	#	1	3	960	960	0	0	0	1	0	0	#	0	无	set:tequan.json image:tequan_chongsheng	984#984	金锄	984	16	Item_Desc29400	#	960	√
29300	8	1	shop_tab2_31	工具	Item_Name29300	#	293	0	1	#	1	3	2000	2000	0	0	0	1	0	0	#	0	无	set:tequan.json image:tequan_daoju	983#983	钻石锄	983	17	Item_Desc29300	#	2000	√
26900	8	1	shop_tab2_31	工具	Item_Name26900	#	269	0	1	#	1	3	6	6	0	0	0	1	0	0	#	0	无	set:tequan.json image:tequan_daoju	981#981	木锹	981	19	Item_Desc26900	#	6	√
27300	8	1	shop_tab2_31	工具	Item_Name27300	#	273	0	1	#	1	3	8	8	0	0	0	1	0	0	#	0	无	set:tequan.json image:tequan_chongsheng	980#980	石锹	980	20	Item_Desc27300	#	8	√
25600	8	1	shop_tab2_31	工具	Item_Name25600	#	256	0	1	#	1	3	80	80	0	0	0	1	0	0	#	0	无	set:tequan.json image:tequan_daoju	979#979	铁锹	979	21	Item_Desc25600	#	80	√
28400	8	1	shop_tab2_31	工具	Item_Name28400	#	284	0	1	#	1	3	480	480	0	0	0	1	0	0	#	0	无	set:tequan.json image:tequan_daoju	978#978	金锹	978	22	Item_Desc28400	#	480	√
27700	8	1	shop_tab2_31	工具	Item_Name27700	#	277	0	1	#	1	3	1000	1000	0	0	0	1	0	0	#	0	无	set:tequan.json image:tequan_chongsheng	977#977	钻石锹	977	23	Item_Desc27700	#	1000	√
3500	7	3	shop_tab2_4	彩色	Item_Name3500	#	35	0	1	#	5	3	200	200	0	0	0	1	0	0	#	0	无	set:tequan.json image:tequan_chongsheng	999#999	白色羊毛	999	1	Item_Desc3500	#	200	√
17200	7	3	shop_tab2_4	彩色	Item_Name17200	#	172	0	1	#	5	3	3200	3200	0	0	0	1	0	0	#	0	无	set:tequan.json image:tequan_hp	998#998	陶瓦	998	2	Item_Desc17200	#	3200	√
25100	7	3	shop_tab2_4	彩色	Item_Name25100	#	251	0	1	#	5	3	2800	2800	0	0	0	1	0	0	#	0	无	set:tequan.json image:tequan_hp	899#899	白色混凝土	899	101	Item_Desc25100	#	2800	√
25101	7	3	shop_tab2_4	彩色	Item_Name25101	#	251	1	1	#	5	3	2800	2800	0	0	0	1	0	0	#	0	无	set:tequan.json image:tequan_hp	898#898	橙色混凝土	898	102	Item_Desc25101	#	2800	√
25102	7	3	shop_tab2_4	彩色	Item_Name25102	#	251	2	1	#	5	3	2800	2800	0	0	0	1	0	0	#	0	无	set:tequan.json image:tequan_hp	897#897	品红色混凝土	897	103	Item_Desc25102	#	2800	√
25103	7	3	shop_tab2_4	彩色	Item_Name25103	#	251	3	1	#	5	3	2800	2800	0	0	0	1	0	0	#	0	无	set:tequan.json image:tequan_hp	896#896	浅蓝色混凝土	896	104	Item_Desc25103	#	2800	√
25104	7	3	shop_tab2_4	彩色	Item_Name25104	#	251	4	1	#	5	3	2800	2800	0	0	0	1	0	0	#	0	无	set:tequan.json image:tequan_hp	895#895	黄色混凝土	895	105	Item_Desc25104	#	2800	√
25105	7	3	shop_tab2_4	彩色	Item_Name25105	#	251	5	1	#	5	3	2800	2800	0	0	0	1	0	0	#	0	无	set:tequan.json image:tequan_hp	894#894	浅绿色混凝土	894	106	Item_Desc25105	#	2800	√
25106	7	3	shop_tab2_4	彩色	Item_Name25106	#	251	6	1	#	5	3	2800	2800	0	0	0	1	0	0	#	0	无	set:tequan.json image:tequan_hp	893#893	粉色混凝土	893	107	Item_Desc25106	#	2800	√
25107	7	3	shop_tab2_4	彩色	Item_Name25107	#	251	7	1	#	5	3	2800	2800	0	0	0	1	0	0	#	0	无	set:tequan.json image:tequan_hp	892#892	灰色混凝土	892	108	Item_Desc25107	#	2800	√
25108	7	3	shop_tab2_4	彩色	Item_Name25108	#	251	8	1	#	5	3	2800	2800	0	0	0	1	0	0	#	0	无	set:tequan.json image:tequan_hp	891#891	浅灰色混凝土	891	109	Item_Desc25108	#	2800	√
25109	7	3	shop_tab2_4	彩色	Item_Name25109	#	251	9	1	#	5	3	2800	2800	0	0	0	1	0	0	#	0	无	set:tequan.json image:tequan_hp	890#890	青色混凝土	890	110	Item_Desc25109	#	2800	√
25110	7	3	shop_tab2_4	彩色	Item_Name25110	#	251	10	1	#	5	3	2800	2800	0	0	0	1	0	0	#	0	无	set:tequan.json image:tequan_hp	889#889	紫色混凝土	889	111	Item_Desc25110	#	2800	√
25111	7	3	shop_tab2_4	彩色	Item_Name25111	#	251	11	1	#	5	3	2800	2800	0	0	0	1	0	0	#	0	无	set:tequan.json image:tequan_hp	888#888	蓝色混凝土	888	112	Item_Desc25111	#	2800	√
25112	7	3	shop_tab2_4	彩色	Item_Name25112	#	251	12	1	#	5	3	2800	2800	0	0	0	1	0	0	#	0	无	set:tequan.json image:tequan_hp	887#887	棕色混凝土	887	113	Item_Desc25112	#	2800	√
25113	7	3	shop_tab2_4	彩色	Item_Name25113	#	251	13	1	#	5	3	2800	2800	0	0	0	1	0	0	#	0	无	set:tequan.json image:tequan_hp	886#886	绿色混凝土	886	114	Item_Desc25113	#	2800	√
25114	7	3	shop_tab2_4	彩色	Item_Name25114	#	251	14	1	#	5	3	2800	2800	0	0	0	1	0	0	#	0	无	set:tequan.json image:tequan_hp	885#885	红色混凝土	885	115	Item_Desc25114	#	2800	√
25115	7	3	shop_tab2_4	彩色	Item_Name25115	#	251	15	1	#	5	3	2800	2800	0	0	0	1	0	0	#	0	无	set:tequan.json image:tequan_hp	884#884	黑色混凝土	884	116	Item_Desc25115	#	2800	√
9500	7	3	shop_tab2_4	彩色	Item_Name9500	#	95	0	1	#	5	3	300	300	0	0	0	1	0	0	#	0	无	set:tequan.json image:tequan_hp	799#799	白色玻璃	799	201	Item_Desc9500	#	300	√
9501	7	3	shop_tab2_4	彩色	Item_Name9501	#	95	1	1	#	5	3	300	300	0	0	0	1	0	0	#	0	无	set:tequan.json image:tequan_hp	798#798	橙色玻璃	798	202	Item_Desc9501	#	300	√
9502	7	3	shop_tab2_4	彩色	Item_Name9502	#	95	2	1	#	5	3	300	300	0	0	0	1	0	0	#	0	无	set:tequan.json image:tequan_hp	797#797	品红色玻璃	797	203	Item_Desc9502	#	300	√
9503	7	3	shop_tab2_4	彩色	Item_Name9503	#	95	3	1	#	5	3	300	300	0	0	0	1	0	0	#	0	无	set:tequan.json image:tequan_hp	796#796	浅蓝色玻璃	796	204	Item_Desc9503	#	300	√
9504	7	3	shop_tab2_4	彩色	Item_Name9504	#	95	4	1	#	5	3	300	300	0	0	0	1	0	0	#	0	无	set:tequan.json image:tequan_hp	795#795	黄色玻璃	795	205	Item_Desc9504	#	300	√
9505	7	3	shop_tab2_4	彩色	Item_Name9505	#	95	5	1	#	5	3	300	300	0	0	0	1	0	0	#	0	无	set:tequan.json image:tequan_hp	794#794	浅绿色玻璃	794	206	Item_Desc9505	#	300	√
9506	7	3	shop_tab2_4	彩色	Item_Name9506	#	95	6	1	#	5	3	300	300	0	0	0	1	0	0	#	0	无	set:tequan.json image:tequan_hp	793#793	粉色玻璃	793	207	Item_Desc9506	#	300	√
9507	7	3	shop_tab2_4	彩色	Item_Name9507	#	95	7	1	#	5	3	300	300	0	0	0	1	0	0	#	0	无	set:tequan.json image:tequan_hp	792#792	灰色玻璃	792	208	Item_Desc9507	#	300	√
9508	7	3	shop_tab2_4	彩色	Item_Name9508	#	95	8	1	#	5	3	300	300	0	0	0	1	0	0	#	0	无	set:tequan.json image:tequan_hp	791#791	浅灰色玻璃	791	209	Item_Desc9508	#	300	√
9509	7	3	shop_tab2_4	彩色	Item_Name9509	#	95	9	1	#	5	3	300	300	0	0	0	1	0	0	#	0	无	set:tequan.json image:tequan_hp	790#790	青色玻璃	790	210	Item_Desc9509	#	300	√
9510	7	3	shop_tab2_4	彩色	Item_Name9510	#	95	10	1	#	5	3	300	300	0	0	0	1	0	0	#	0	无	set:tequan.json image:tequan_hp	789#789	紫色玻璃	789	211	Item_Desc9510	#	300	√
9511	7	3	shop_tab2_4	彩色	Item_Name9511	#	95	11	1	#	5	3	300	300	0	0	0	1	0	0	#	0	无	set:tequan.json image:tequan_hp	788#788	蓝色玻璃	788	212	Item_Desc9511	#	300	√
9512	7	3	shop_tab2_4	彩色	Item_Name9512	#	95	12	1	#	5	3	300	300	0	0	0	1	0	0	#	0	无	set:tequan.json image:tequan_hp	787#787	棕色玻璃	787	213	Item_Desc9512	#	300	√
9513	7	3	shop_tab2_4	彩色	Item_Name9513	#	95	13	1	#	5	3	300	300	0	0	0	1	0	0	#	0	无	set:tequan.json image:tequan_hp	786#786	绿色玻璃	786	214	Item_Desc9513	#	300	√
9514	7	3	shop_tab2_4	彩色	Item_Name9514	#	95	14	1	#	5	3	300	300	0	0	0	1	0	0	#	0	无	set:tequan.json image:tequan_hp	785#785	红色玻璃	785	215	Item_Desc9514	#	300	√
9515	7	3	shop_tab2_4	彩色	Item_Name9515	#	95	15	1	#	5	3	300	300	0	0	0	1	0	0	#	0	无	set:tequan.json image:tequan_hp	784#784	黑色玻璃	784	216	Item_Desc9515	#	300	√
17101	7	3	shop_tab2_4	彩色	Item_Name17101	#	171	1	1	#	5	3	1520	1520	0	0	0	1	0	0	#	0	无	set:tequan.json image:tequan_hp	699#699	橙色地毯	699	301	Item_Desc17101	#	1520	√
17102	7	3	shop_tab2_4	彩色	Item_Name17102	#	171	2	1	#	5	3	1520	1520	0	0	0	1	0	0	#	0	无	set:tequan.json image:tequan_hp	698#698	品红色地毯	698	302	Item_Desc17102	#	1520	√
17103	7	3	shop_tab2_4	彩色	Item_Name17103	#	171	3	1	#	5	3	1520	1520	0	0	0	1	0	0	#	0	无	set:tequan.json image:tequan_hp	697#697	浅蓝色地毯	697	303	Item_Desc17103	#	1520	√
17104	7	3	shop_tab2_4	彩色	Item_Name17104	#	171	4	1	#	5	3	1520	1520	0	0	0	1	0	0	#	0	无	set:tequan.json image:tequan_hp	696#696	黄色地毯	696	304	Item_Desc17104	#	1520	√
17105	7	3	shop_tab2_4	彩色	Item_Name17105	#	171	5	1	#	5	3	1520	1520	0	0	0	1	0	0	#	0	无	set:tequan.json image:tequan_hp	695#695	浅绿色地毯	695	305	Item_Desc17105	#	1520	√
17106	7	3	shop_tab2_4	彩色	Item_Name17106	#	171	6	1	#	5	3	1520	1520	0	0	0	1	0	0	#	0	无	set:tequan.json image:tequan_hp	694#694	粉色地毯	694	306	Item_Desc17106	#	1520	√
17107	7	3	shop_tab2_4	彩色	Item_Name17107	#	171	7	1	#	5	3	1520	1520	0	0	0	1	0	0	#	0	无	set:tequan.json image:tequan_hp	693#693	灰色地毯	693	307	Item_Desc17107	#	1520	√
17108	7	3	shop_tab2_4	彩色	Item_Name17108	#	171	8	1	#	5	3	1520	1520	0	0	0	1	0	0	#	0	无	set:tequan.json image:tequan_hp	692#692	浅灰色地毯	692	308	Item_Desc17108	#	1520	√
17109	7	3	shop_tab2_4	彩色	Item_Name17109	#	171	9	1	#	5	3	1520	1520	0	0	0	1	0	0	#	0	无	set:tequan.json image:tequan_hp	691#691	青色地毯	691	309	Item_Desc17109	#	1520	√
17110	7	3	shop_tab2_4	彩色	Item_Name17110	#	171	10	1	#	5	3	1520	1520	0	0	0	1	0	0	#	0	无	set:tequan.json image:tequan_hp	690#690	紫色地毯	690	310	Item_Desc17110	#	1520	√
17111	7	3	shop_tab2_4	彩色	Item_Name17111	#	171	11	1	#	5	3	1520	1520	0	0	0	1	0	0	#	0	无	set:tequan.json image:tequan_hp	689#689	蓝色地毯	689	311	Item_Desc17111	#	1520	√
17112	7	3	shop_tab2_4	彩色	Item_Name17112	#	171	12	1	#	5	3	1520	1520	0	0	0	1	0	0	#	0	无	set:tequan.json image:tequan_hp	688#688	棕色地毯	688	312	Item_Desc17112	#	1520	√
17113	7	3	shop_tab2_4	彩色	Item_Name17113	#	171	13	1	#	5	3	1520	1520	0	0	0	1	0	0	#	0	无	set:tequan.json image:tequan_hp	687#687	绿色地毯	687	313	Item_Desc17113	#	1520	√
17114	7	3	shop_tab2_4	彩色	Item_Name17114	#	171	14	1	#	5	3	1520	1520	0	0	0	1	0	0	#	0	无	set:tequan.json image:tequan_hp	686#686	红色地毯	686	314	Item_Desc17114	#	1520	√
17115	7	3	shop_tab2_4	彩色	Item_Name17115	#	171	15	1	#	5	3	1520	1520	0	0	0	1	0	0	#	0	无	set:tequan.json image:tequan_hp	685#685	黑色地毯	685	315	Item_Desc17115	#	1520	√
356900	8	2	shop_tab2_30	装备	Item_Name356900	set:task_and_shop.json image:sword_black	3569	0	1	#	1	1	397	999999	0	0	0	1	0	0	#	0	无	set:tequan.json image:tequan_hp	994#994	诛神黄昏	994	6	Item_Desc356900	2701	30000	error
357000	8	2	shop_tab2_30	装备	Item_Name357000	set:task_and_shop.json image:sword_gold	3570	0	1	#	1	3	2400000	2400000	0	0	0	1	0	0	#	0	无	set:tequan.json image:tequan_hp	989#989	帝国的泯灭	989	11	Item_Desc357000	#	2400000	√
356800	8	2	shop_tab2_30	装备	Item_Name356800	set:task_and_shop.json image:sword_red	3568	0	1	#	1	3	300000	300000	0	0	0	1	0	0	#	0	无	set:tequan.json image:tequan_hp	984#984	扎克的剔骨刀	984	16	Item_Desc356800	#	300000	√
355600	8	2	shop_tab2_30	装备	Item_Name355600	set:task_and_shop.json image:g1048_helmet_green	3556	0	1	#	1	3	100000	100000	0	0	0	1	0	0	#	0	无	set:tequan.json image:tequan_hp	983#983	盾卫头盔	983	17	Item_Desc355600	#	100000	√
355700	8	2	shop_tab2_30	装备	Item_Name355700	set:task_and_shop.json image:g1048_clothes_green	3557	0	1	#	1	3	100000	100000	0	0	0	1	0	0	#	0	无	set:tequan.json image:tequan_hp	982#982	盾卫甲	982	18	Item_Desc355700	#	100000	√
355800	8	2	shop_tab2_30	装备	Item_Name355800	set:task_and_shop.json image:g1048_pants_green	3558	0	1	#	1	3	100000	100000	0	0	0	1	0	0	#	0	无	set:tequan.json image:tequan_hp	981#981	盾卫护腿	981	19	Item_Desc355800	#	100000	√
355900	8	2	shop_tab2_30	装备	Item_Name355900	set:task_and_shop.json image:g1048_shoes_green	3559	0	1	#	1	3	100000	100000	0	0	0	1	0	0	#	0	无	set:tequan.json image:tequan_hp	980#980	盾卫鞋	980	20	Item_Desc355900	#	100000	√
356000	8	2	shop_tab2_30	装备	Item_Name356000	set:task_and_shop.json image:g1048_helmet_red	3560	0	1	#	1	3	600000	600000	0	0	0	1	0	0	#	0	无	set:tequan.json image:tequan_hp	988#988	君王头盔	988	12	Item_Desc356000	#	600000	√
356100	8	2	shop_tab2_30	装备	Item_Name356100	set:task_and_shop.json image:g1048_clothes_red	3561	0	1	#	1	3	600000	600000	0	0	0	1	0	0	#	0	无	set:tequan.json image:tequan_hp	987#987	君王甲	987	13	Item_Desc356100	#	600000	√
356200	8	2	shop_tab2_30	装备	Item_Name356200	set:task_and_shop.json image:g1048_pants_red	3562	0	1	#	1	3	600000	600000	0	0	0	1	0	0	#	0	无	set:tequan.json image:tequan_hp	986#986	君王护腿	986	14	Item_Desc356200	#	600000	√
356300	8	2	shop_tab2_30	装备	Item_Name356300	set:task_and_shop.json image:g1048_shoes_red	3563	0	1	#	1	3	600000	600000	0	0	0	1	0	0	#	0	无	set:tequan.json image:tequan_hp	985#985	君王鞋	985	15	Item_Desc356300	#	600000	√
356400	8	2	shop_tab2_30	装备	Item_Name356400	set:task_and_shop.json image:g1048_helmet_purple	3564	0	1	#	1	1	297	999999	0	0	0	1	0	0	#	0	无	set:tequan.json image:tequan_hp	993#993	诛神头盔	993	7	Item_Desc356400	2702	30000	error
356500	8	2	shop_tab2_30	装备	Item_Name356500	set:task_and_shop.json image:g1048_clothes_purple	3565	0	1	#	1	1	297	999999	0	0	0	1	0	0	#	0	无	set:tequan.json image:tequan_hp	992#992	诛神甲	992	8	Item_Desc356500	2703	30000	error
356600	8	2	shop_tab2_30	装备	Item_Name356600	set:task_and_shop.json image:g1048_pants_purple	3566	0	1	#	1	1	297	999999	0	0	0	1	0	0	#	0	无	set:tequan.json image:tequan_hp	991#991	诛神护腿	991	9	Item_Desc356600	2704	30000	error
356700	8	2	shop_tab2_30	装备	Item_Name356700	set:task_and_shop.json image:g1048_shoes_purple	3567	0	1	#	1	1	297	999999	0	0	0	1	0	0	#	0	无	set:tequan.json image:tequan_hp	990#990	诛神鞋	990	10	Item_Desc356700	2705	30000	error
3015	5	4	shop_tab2_9	装备礼包	Item_Name301500	set:task_and_shop.json image:item_pri_1	3015	0	1	3569#3564#3565#3566#3567	2	1	1199	999999	0	0	0	1	0	0	#	0	无	set:tequan.json image:tequan_hp	992#992	诛神套装	992	8	Item_Desc301500	2702#2703#2704#2705		
3016	1	1	shop_tab2_8	超值	Item_Name301600	set:task_and_shop.json image:item_pri_2	3016	0	1	3570#3560#3561#3562#3563	2	1	147	999999	0	0	0	1	0	0	Item_Desc_Sale_301600	0	无	set:tequan.json image:tequan_hp	998#998	君王套装	998	2	Item_Desc301600	#		
224900	8	1	shop_tab2_31	工具	Item_Name224900	#	2249	0	1	#	1	1	297	999999	0	0	0	1	0	0	#	0	无	set:tequan.json image:tequan_hp	994#994	紫晶镐	994	6	Item_Desc224900	2106		
224700	8	1	shop_tab2_31	工具	Item_Name224700	#	2247	0	1	#	1	1	297	999999	0	0	0	1	0	0	#	0	无	set:tequan.json image:tequan_hp	987#987	紫晶斧	987	13	Item_Desc224700	2105		
225200	8	1	shop_tab2_31	工具	Item_Name225200	#	2252	0	1	#	1	1	297	999999	0	0	0	1	0	0	#	0	无	set:tequan.json image:tequan_hp	981#981	紫晶锄	981	19	Item_Desc225200	2103		
224800	8	1	shop_tab2_31	工具	Item_Name224800	#	2248	0	1	#	1	1	297	999999	0	0	0	1	0	0	#	0	无	set:tequan.json image:tequan_hp	975#975	紫晶锹	975	25	Item_Desc224800	2104		
225100	8	2	shop_tab2_30	装备	Item_Name225100	#	2251	0	1	#	1	1	397	999999	0	0	0	1	0	0	#	0	无	set:tequan.json image:tequan_hp	997#997	紫晶弓	997	3	Item_Desc225100	2302		
233700	8	2	shop_tab2_30	装备	Item_Name233700	#	2337	0	1	#	1	1	697	999999	0	0	0	1	0	0	#	0	无	set:tequan.json image:tequan_hp	998#998	星空枪	998	2	Item_Desc233700	2402		
283100	8	2	shop_tab2_30	装备	ltem_Name283100	set:game_items.json image:g1048_feifu	2831	0	1	#	1	1	2599	999999	0	0	0	1	0	0	#	0	无	set:tequan.json image:tequan_hp	999#999	苍鬼·雷电	999	1	Item_Desc283100	#	30000	error
10000	1	1	shop_tab2_8	超值	Item_Name10000000	set:task_and_shop.json image:100m_pri1	10000	0	1000000	#	4	1	500	999999	0	-1	1	1	0	0	Item_Desc_Sale_10000	0	无	set:tequan.json image:tequan_hp	992#992	100万货币	992	8	Item_Desc10000000	2801		
3101	1	1	shop_tab2_8	超值	Item_Name300100	set:task_and_shop.json image:build_pri1	3101	0	1	#	2	1	175	999999	1	-1	1	1	0	0	Item_Desc_Sale_300100	0	无	set:tequan.json image:key_daoju	997#997	新手礼包	997	3	Item_Desc300100	1302#2804		
3102	1	1	shop_tab2_8	超值	Item_Name300200	set:task_and_shop.json image:build_pri2	3102	0	1	#	2	1	675	999999	1	-1	1	1	0	0	Item_Desc_Sale_300200	0	无	set:tequan.json image:tequan_daoju	991#991	超值礼包	991	9	Item_Desc300200	1103#1301#2301#2401#1102		
3103	1	1	shop_tab2_8	超值	Item_Name300300	set:task_and_shop.json image:build_pri3	3103	0	1	#	2	1	387	999999	1	-1	1	1	0	0	Item_Desc_Sale_300300	0	无	set:tequan.json image:tequan_hp	995#995	矿机解锁礼包	995	5	Item_Desc300300	2101#2204#2205		
3111	1	1	shop_tab2_8	超值	Item_Name301100	set:task_and_shop.json image:res_pri1	3111	0	1	2337	2	1	775	999999	1	-1	1	1	1422	0	Item_Desc_Sale_300400	0	无	set:tequan.json image:tequan_daoju	990#990	星空探索礼包	990	10	Item_Desc301100	1201#1202#2402		
3112	1	1	shop_tab2_8	超值	Item_Name301200	set:task_and_shop.json image:res_pri2	3112	0	1	2247#2248#2249#2252	2	1	497	999999	1	-1	1	1	0	0	Item_Desc_Sale_300500	0	无	set:tequan.json image:tequan_hp	994#994	工具礼包	994	6	Item_Desc301200	2103#2104#2105#2106		
3113	1	1	shop_tab2_8	超值	Item_Name301300	set:task_and_shop.json image:res_pri3	3113	0	1	3564#3565#3566#3567	2	1	497	999999	1	-1	1	1	0	0	Item_Desc_Sale_300600	0	无	set:tequan.json image:key_daoju	993#993	防具礼包	993	7	Item_Desc301300	2702#2703#2704#2705		
3114	1	1	shop_tab2_8	超值	Item_Name301400	set:task_and_shop.json image:res_pri4	3114	0	1	3569#2251	2	1	347	999999	1	-1	1	1	0	0	Item_Desc_Sale_300700	0	无	set:tequan.json image:tequan_daoju	996#996	武器礼包	996	4	Item_Desc301400	2701#2302		
3150	1	1	shop_tab2_8	超值	Item_Name305000	set:task_and_shop.json image:crown_pri1	3150	0	1	2337#2247#2248#2249#2252#3564#3565#3566#3567#3569#2251	2	1	2600	999999	1	-1	1	1	0	0	#	0	无	set:tequan.json image:tequan_hp	989#989	至尊特权礼包	989	11	Item_Desc305000	2802#2803		
100000	1	1	shop_tab2_8	超值	Item_Name10000001	set:task_and_shop.json image:100m_pri1	100000	0	100000	#	4	1	60	999999	0	-1	1	1	0	0	Item_Desc_Sale_100000	0	无	set:tequan.json image:tequan_hp	999#999	10万货币	999	1	Item_Desc10000001	2804		
3201	2	1	shop_tab2_3	特权	Item_Name501000	set:task_and_shop.json image:build_pri3_2	3201	0	1	#	2	1	175	999999	1	-1	0	1	0	0	#	0	无	set:tequan.json image:tequan_hp	999#999	单售飞行	999	1	Item_Desc500700	1302		
3202	2	1	shop_tab2_3	特权	Item_Name501000	set:task_and_shop.json image:build_pri1_3	3202	0	1	#	2	1	270	999999	1	-1	0	1	0	0	#	0	无	set:tequan.json image:tequan_hp	998#998	扩大岛屿花费减半	998	2	Item_Desc500300	1103		
3203	2	1	shop_tab2_3	特权	Item_Name501000	set:task_and_shop.json image:build_pri3_1	3203	0	1	#	2	1	270	999999	1	-1	0	1	0	0	#	0	无	set:tequan.json image:tequan_hp	997#997	方块打5折	997	3	Item_Desc500600	1301		
3204	2	1	shop_tab2_3	特权	Item_Name501000	set:task_and_shop.json image:res_pri3_1	3204	0	1	#	2	1	270	999999	1	-1	0	1	0	0	#	0	无	set:tequan.json image:tequan_hp	996#996	矿机升级半价	996	4	Item_Desc500900	2301		
3205	2	1	shop_tab2_3	特权	Item_Name501000	set:task_and_shop.json image:res_pri4_1	3205	0	1	#	2	1	270	999999	1	-1	0	1	0	0	#	0	无	set:tequan.json image:tequan_hp	995#995	矿机产量加倍	995	5	Item_Desc501000	2401		
3206	2	1	shop_tab2_3	特权	Item_Name501000	set:task_and_shop.json image:build_pri1_2	3206	0	1	#	2	1	270	999999	1	-1	0	1	0	0	#	0	无	set:tequan.json image:tequan_hp	994#994	魔方方块转金币购买	994	6	Item_Desc500200	1102		
3207	2	1	shop_tab2_3	特权	Item_Name501000	set:task_and_shop.json image:build_pri2_2	3207	0	1	#	2	1	425	999999	1	-1	0	1	0	0	#	0	无	set:tequan.json image:tequan_hp	993#993	解锁流星	993	7	Item_Desc500500	1202		
3208	2	1	shop_tab2_3	特权	Item_Name501000	set:task_and_shop.json image:build_pri2_1	3208	0	1	#	2	1	425	999999	1	-1	0	1	1422	0	#	0	无	set:tequan.json image:tequan_hp	992#992	解锁星空方块	992	8	Item_Desc500400	1201		
246500	4	1	shop_tab7_1		Item_Name146500	#	2465	0	1	#	1	3	12000000	999999	0	0	0	1	0	0	#	0	无	set:tequan.json image:tequan_hp	998#998	钞票方块	998	2	Item_Desc146500	#		
246501	4	1	shop_tab7_1		Item_Name146501	#	2465	1	1	#	1	3	3000000	999999	0	0	0	1	0	0	#	0	无	set:tequan.json image:tequan_hp	996#996	银锭方块	996	4	Item_Desc146501	#		
246502	4	1	shop_tab7_1		Item_Name146502	#	2465	2	1	#	1	3	6000000	999999	0	0	0	1	0	0	#	0	无	set:tequan.json image:tequan_hp	997#997	金条方块	997	3	Item_Desc146502	#		
281000	3	1	shop_tab8_1	多色喷泉	Item_Name281000	set:game_items.json image:fountain_red_low	2810	0	1	#	1	1	299	999999	0	0	1	1	0	0	#	0	无	set:tequan.json image:tequan_hp	999#999	红色喷泉-矮	999	1	Item_Desc281000	#		
281100	3	1	shop_tab8_1	多色喷泉	Item_Name281100	set:game_items.json image:fountain_green_low	2811	0	1	#	1	1	299	999999	0	0	1	1	0	0	#	0	无	set:tequan.json image:tequan_hp	998#998	绿色喷泉-矮	998	2	Item_Desc281100	#		
281200	3	1	shop_tab8_1	多色喷泉	Item_Name281200	set:game_items.json image:fountain_blue_low	2812	0	1	#	1	1	299	999999	0	0	1	1	0	0	#	0	无	set:tequan.json image:tequan_hp	997#997	蓝色喷泉-矮	997	3	Item_Desc281200	#		
281300	3	1	shop_tab8_1	多色喷泉	Item_Name281300	set:game_items.json image:fountain_cyan_low	2813	0	1	#	1	1	299	999999	0	0	1	1	0	0	#	0	无	set:tequan.json image:tequan_hp	996#996	青色喷泉-矮	996	4	Item_Desc281300	#		
281400	3	1	shop_tab8_1	多色喷泉	Item_Name281400	set:game_items.json image:fountain_purple_low	2814	0	1	#	1	1	299	999999	0	0	1	1	0	0	#	0	无	set:tequan.json image:tequan_hp	995#995	紫色喷泉-矮	995	5	Item_Desc281400	#		
281500	3	1	shop_tab8_1	多色喷泉	Item_Name281500	set:game_items.json image:fountain_yellow_low	2815	0	1	#	1	1	299	999999	0	0	1	1	0	0	#	0	无	set:tequan.json image:tequan_hp	994#994	黄色喷泉-矮	994	6	Item_Desc281500	#		
281600	3	1	shop_tab8_1	多色喷泉	Item_Name281600	set:game_items.json image:fountain_colourless_low	2816	0	1	#	1	1	299	999999	0	0	1	1	0	0	#	0	无	set:tequan.json image:tequan_hp	993#993	无色喷泉-矮	993	7	Item_Desc281600	#		
281700	3	1	shop_tab8_1	多色喷泉	Item_Name281700	set:game_items.json image:fountain_red_middle	2817	0	1	#	1	1	499	999999	0	0	1	1	0	0	#	0	无	set:tequan.json image:tequan_hp	992#992	红色喷泉-高	992	8	Item_Desc281700	#		
281800	3	1	shop_tab8_1	多色喷泉	Item_Name281800	set:game_items.json image:fountain_green_middle	2818	0	1	#	1	1	499	999999	0	0	1	1	0	0	#	0	无	set:tequan.json image:tequan_hp	991#991	绿色喷泉-高	991	9	Item_Desc281800	#		
281900	3	1	shop_tab8_1	多色喷泉	Item_Name281900	set:game_items.json image:fountain_blue_middle	2819	0	1	#	1	1	499	999999	0	0	1	1	0	0	#	0	无	set:tequan.json image:tequan_hp	990#990	蓝色喷泉-高	990	10	Item_Desc281900	#		
282000	3	1	shop_tab8_1	多色喷泉	Item_Name282000	set:game_items.json image:fountain_cyan_middle	2820	0	1	#	1	1	499	999999	0	0	1	1	0	0	#	0	无	set:tequan.json image:tequan_hp	989#989	青色喷泉-高	989	11	Item_Desc282000	#		
282100	3	1	shop_tab8_1	多色喷泉	Item_Name282100	set:game_items.json image:fountain_purple_middle	2821	0	1	#	1	1	499	999999	0	0	1	1	0	0	#	0	无	set:tequan.json image:tequan_hp	988#988	紫色喷泉-高	988	12	Item_Desc282100	#		
282200	3	1	shop_tab8_1	多色喷泉	Item_Name282200	set:game_items.json image:fountain_yellow_middle	2822	0	1	#	1	1	499	999999	0	0	1	1	0	0	#	0	无	set:tequan.json image:tequan_hp	987#987	黄色喷泉-高	987	13	Item_Desc282200	#		
282300	3	1	shop_tab8_1	多色喷泉	Item_Name282300	set:game_items.json image:fountain_colourless_middle	2823	0	1	#	1	1	499	999999	0	0	1	1	0	0	#	0	无	set:tequan.json image:tequan_hp	986#986	无色喷泉-高	986	14	Item_Desc282300	#		
282400	3	1	shop_tab8_1	多色喷泉	Item_Name282400	set:game_items.json image:fountain_red_high	2824	0	1	#	1	1	699	999999	0	0	1	1	0	0	#	0	无	set:tequan.json image:tequan_hp	985#985	红色喷泉-超高	985	15	Item_Desc282400	#		
282500	3	1	shop_tab8_1	多色喷泉	Item_Name282500	set:game_items.json image:fountain_green_high	2825	0	1	#	1	1	699	999999	0	0	1	1	0	0	#	0	无	set:tequan.json image:tequan_hp	984#984	绿色喷泉-超高	984	16	Item_Desc282500	#		
282600	3	1	shop_tab8_1	多色喷泉	Item_Name282600	set:game_items.json image:fountain_colourless_high	2826	0	1	#	1	1	699	999999	0	0	1	1	0	0	#	0	无	set:tequan.json image:tequan_hp	983#983	蓝色喷泉-超高	983	17	Item_Desc282600	#		
282700	3	1	shop_tab8_1	多色喷泉	Item_Name282700	set:game_items.json image:fountain_cyan_high	2827	0	1	#	1	1	699	999999	0	0	1	1	0	0	#	0	无	set:tequan.json image:tequan_hp	982#982	青色喷泉-超高	982	18	Item_Desc282700	#		
282800	3	1	shop_tab8_1	多色喷泉	Item_Name282800	set:game_items.json image:fountain_purple_high	2828	0	1	#	1	1	699	999999	0	0	1	1	0	0	#	0	无	set:tequan.json image:tequan_hp	981#981	紫色喷泉-超高	981	19	Item_Desc282800	#		
282900	3	1	shop_tab8_1	多色喷泉	Item_Name282900	set:game_items.json image:fountain_yellow_high	2829	0	1	#	1	1	699	999999	0	0	1	1	0	0	#	0	无	set:tequan.json image:tequan_hp	980#980	黄色喷泉-超高	980	20	Item_Desc282900	#		
283000	3	1	shop_tab8_1	多色喷泉	Item_Name283000	set:game_items.json image:fountain_colourless_high	2830	0	1	#	1	1	699	999999	0	0	1	1	0	0	#	0	无	set:tequan.json image:tequan_hp	979#979	无色喷泉-超高	979	21	Item_Desc283000	#		
283100	4	1	shop_tab2_30	装备	ltem_Name283100	set:game_items.json image:g1048_feifu	2831	0	1	#	1	1	2599	999999	0	0	0	1	0	0	#	0	无	set:tequan.json image:tequan_hp	999#999	苍鬼·雷电	999	1	Item_Desc283100	#	30000	error
