Id	TaskSort	Level	Quality	Unnamed: 4	Title	Icon	TaskTypeId	Remarks	RemarksMeta	GoalNum	RewardIds	RewardWeigth	Weight	SortValue	GameType	StageId	Stage	Unnamed: 18	Unnamed: 19	Unnamed: 20	Unnamed: 21	Unnamed: 22	Unnamed: 23	Unnamed: 24
唯一id	任务种类	主线任务等级	品质	辅助ID	标题（多语言）	任务图标	任务类型ID 	任务物品Id,杀怪任务填怪物ID	任务物品Idmeta(-1表示所有meta)	数量(扩岛配目标岛屿等级)	奖励ID	随机奖励权重100#100	权重，控制任务出现概率	排序值(权重？)	游戏模式(填某个表示只能在哪个图完成,#表示全都能完成,地图名格式:g1048	阶段Id	阶段范围	备注	任务目标物品	任务图标索引	任务描述	挑战任务奖励ID索引	挑战任务奖励权重索引	多语言表
Id	TaskSort	Level	Quality		Title	Icon	TaskTypeId	Remarks	RemarksMeta	GoalNum	RewardIds	RewardWeigth	Weight	SortValue	GameType	StageId	Stage							
1001	1	0	#		gui_pixel_task_1001	set:task_and_shop.json image:collect_block	101	17	0	3	10011	100	0	100	#	#	#	收集	橡树原木	收集方块	从身边的橡树收集3个原木			gui_pixel_task_1001=从身边的橡树收集3个原木
1002	1	0	#		gui_pixel_task_1002	set:task_and_shop.json image:crafting	102	58	0	1	10021	100	0	95	#	#	#	合成	工作台	合成	在背包合成界面，制造1个工作台			gui_pixel_task_1002=在背包合成界面，制造1个工作台
1003	1	0	#		gui_pixel_task_1003	set:task_and_shop.json image:crafting	102	280	0	4	10031	100	0	94	#	#	#	合成	木棍	合成	在背包合成界面，制造4个木棍			gui_pixel_task_1003=在背包合成界面，制造4个木棍
1004	1	0	#		gui_pixel_task_1004	set:task_and_shop.json image:unlimite_water	104	0	0	1	10041	100	0	75	#	#	#	无限水		无限水	挖一个2*2的坑，在对角放入冰块并破坏			gui_pixel_task_1004=挖一个2*2的坑，在对角放入冰块并破坏
1005	1	0	#		gui_pixel_task_1005	set:task_and_shop.json image:crafting	102	274	0	1	10051	100	0	90	#	#	#	合成	石镐	合成	用圆石和木棍在工作台制造1个石镐			gui_pixel_task_1005=用圆石和木棍在工作台制造1个石镐
1006	1	0	#		gui_pixel_task_1006	set:task_and_shop.json image:plante_tree	105	6	0	2	10061	100	0	80	#	#	#	种树	橡树苗	种树	在草地上种植2棵树，并等待他们长大			gui_pixel_task_1006=在草地上种植2棵树，并等待他们长大
1007	1	0	#		gui_pixel_task_1007	set:task_and_shop.json image:collect_block	101	4	0	20	10071	100	0	85	#	#	#	收集	圆石	收集方块	带上镐，去矿区收集20个圆石吧!			gui_pixel_task_1007=带上镐，去矿区收集20个圆石吧!
1008	1	0	#		gui_pixel_task_1008	set:task_and_shop.json image:crafting	102	54	0	1	10081	100	0	70	#	#	#	合成	箱子	合成	在工作台制造1个箱子			gui_pixel_task_1008=在工作台制造1个箱子
1009	1	0	#		gui_pixel_task_1009	set:task_and_shop.json image:expand_island	106	0	0	2	10091	100	0	65	#	#	#	扩岛		扩岛	赚取金币，从屏幕左上方按钮扩大岛屿吧！			gui_pixel_task_1009=赚取金币，从屏幕左上方按钮扩大岛屿吧！
2001	1	1	#		gui_pixel_task_2001	set:task_and_shop.json image:crafting	102	257	0	1	20011	100	0	100	#	#	#	合成	铁镐	合成	在工作台合成一个铁镐			gui_pixel_task_2001=在工作台合成一个铁镐
2002	1	1	#		gui_pixel_task_2002	set:task_and_shop.json image:crafting	102	292	0	1	20021	100	0	95	#	#	#	合成	铁锄	合成	在工作台合成一个铁锄			gui_pixel_task_2002=在工作台合成一个铁锄
2003	1	1	#		gui_pixel_task_2003	set:task_and_shop.json image:crafting	102	258	0	1	20031	100	0	90	#	#	#	合成	铁斧	合成	在工作台合成一个铁斧			gui_pixel_task_2003=在工作台合成一个铁斧
2004	1	1	#		gui_pixel_task_2004	set:task_and_shop.json image:collect_food	101	957	0	20	20041	100	0	85	#	#	#	收集	小麦种子	收集农作物	在商店购买20个小麦种子			gui_pixel_task_2004=在商店购买20个小麦种子
2005	1	1	#		gui_pixel_task_2005	set:task_and_shop.json image:collect_food	101	2298	0	20	20051	100	0	80	#	#	#	收集	小麦	收集农作物	用小麦种子进行种植，收货20个成熟小麦			gui_pixel_task_2005=用小麦种子进行种植，收货20个成熟小麦
2006	1	1	#		gui_pixel_task_2006	set:task_and_shop.json image:collect_tool	101	285	0	1	20061	100	0	75	#	#	#	收集	金镐	收集工具	获取一个金镐			gui_pixel_task_2006=获取一个金镐
2007	1	1	#		gui_pixel_task_2007	set:task_and_shop.json image:crafting	102	61	-1	1	20071	100	0	70	#	#	#	合成	熔炉	合成	合成1个熔炉			gui_pixel_task_2007=合成1个熔炉
2008	1	1	#		gui_pixel_task_2008	set:task_and_shop.json image:collect_food	101	648	0	30	20081	100	0	65	#	#	#	收集	马铃薯	收集农作物	收集30个成熟马铃薯			gui_pixel_task_2008=收集30个成熟马铃薯
2009	1	1	#		gui_pixel_task_2009	set:task_and_shop.json image:have_product	109	4002	0	1	20091	100	0	60	#	#	#	拥有矿机	中级矿机	拥有矿机	在商店购买中级矿机			gui_pixel_task_2009=在商店购买中级矿机
2010	1	1	#		gui_pixel_task_2010	set:task_and_shop.json image:product_level	111	0	0	24	20101	100	0	55	#	#	#	矿机总等级		矿机总等级	矿机总等级达到24级			gui_pixel_task_2010=矿机总等级达到24级
2011	1	1	#		gui_pixel_task_2011	set:task_and_shop.json image:collect_food	101	2295	0	40	20111	100	0	50	#	#	#	收集	玉米	收集农作物	收集40个成熟玉米			gui_pixel_task_2011=收集40个成熟玉米
2012	1	1	#		collect_task_title	set:task_and_shop.json image:collect_tool	101	278	0	1	20121	100	0	45	#	#	#	收集	钻石镐	收集工具	收集钻石镐			
2013	1	1	#		collect_task_title	set:task_and_shop.json image:collect_tool	101	279	0	1	20131	100	0	40	#	#	#	收集	钻石斧	收集工具	收集钻石斧			
2014	1	1	#		expand_islands_task_title	set:task_and_shop.json image:expand_island	106	0	0	3	20141	100	0	35	#	#	#	扩岛		扩岛	扩岛			
3001	1	2	#		have_npc_task_title3	set:task_and_shop.json image:have_product	109	4003	0	1	30011	100	0	100	#	#	#	拥有矿机	高级矿机	拥有矿机	在商店购买高级矿机			
3002	1	2	#		collect_task_title	set:task_and_shop.json image:collect_armor	101	276	0	1	30021	100	0	95	#	#	#	收集	钻石剑	收集装备	收集钻石剑			
3003	1	2	#		collect_task_title	set:task_and_shop.json image:collect_armor	101	311	0	1	30031	100	0	90	#	#	#	收集	钻石胸甲	收集装备	收集钻石胸甲			
3004	1	2	#		collect_task_title	set:task_and_shop.json image:collect_armor	101	312	0	1	30041	100	0	85	#	#	#	收集	钻石护腿	收集装备	钻石护腿			
3005	1	2	#		collect_task_title	set:task_and_shop.json image:collect_armor	101	313	0	1	30051	100	0	80	#	#	#	收集	钻石靴子	收集装备	钻石靴子			
3006	1	2	#		collect_task_title	set:task_and_shop.json image:collect_block	101	87	0	10	30061	100	0	75	#	#	#	收集	地狱岩	收集方块	收集10个地狱岩			
3007	1	2	#		collect_task_title	set:task_and_shop.json image:collect_block	101	112	0	10	30071	100	0	70	#	#	#	收集	地狱砖块	收集方块	收集10个地狱砖块			
3008	1	2	#		collect_task_title	set:task_and_shop.json image:collect_block	101	2419	0	6	30081	100	0	65	#	#	#	收集	海晶石	收集方块	收集6个海晶石			
3009	1	2	#		collect_task_title	set:task_and_shop.json image:collect_block	101	57	0	6	30091	100	0	60	#	#	#	收集	钻石块	收集方块	收集6个钻石块			
3010	1	2	#		kill_player_task_title	set:task_and_shop.json image:kill_player	112	0	0	10	30101	100	0	55	#	#	#	PVP		PVP	在矿区击败10个对手			
3011	1	2	#		kill_monster_task_title1	set:task_and_shop.json image:kill_monster	108	4002	0	15	30111	100	0	50	#	#	#	杀怪	骷髅	杀怪	击杀15个骷髅			
3012	1	2	#		kill_monster_task_title2	set:task_and_shop.json image:kill_monster	108	4003	0	15	30121	100	0	45	#	#	#	杀怪	僵尸	杀怪	击杀15个大僵尸			
3013	1	2	#		kill_monster_task_title3	set:task_and_shop.json image:kill_monster	108	4004	0	1	30131	100	0	40	#	#	#	杀怪	凋零	杀怪	击杀1个凋零			
3014	1	2	#		kill_monster_task_title4	set:task_and_shop.json image:kill_monster	108	4005	0	1	30141	100	0	35	#	#	#	杀怪	冰霜巨龙	杀怪	击杀1个骨龙			
3015	1	2	#		expand_islands_task_title	set:task_and_shop.json image:expand_island	106	0	0	4	30151	100	0	30	#	#	#	扩岛		扩岛	扩岛			
4001	1	3	#		collect_task_title	set:task_and_shop.json image:collect_food	101	2500	0	10	40011	100	0	100	#	#	#	收集	骨粉	收集农作物	在商店购买10个骨粉			
4002	1	3	#		collect_task_title	set:task_and_shop.json image:collect_food	101	37	0	10	40021	100	0	95	#	#	#	收集	蒲公英	收集农作物	收集10朵蒲公英			
4003	1	3	#		collect_task_title	set:task_and_shop.json image:collect_food	101	351	11	20	40031	100	0	90	#	#	#	收集	黄色染料	收集农作物	获取蒲公英，然后在合成台制作20个黄色染料			
4004	1	3	#		collect_task_title	set:task_and_shop.json image:collect_food	101	351	1	20	40041	100	0	85	#	#	#	收集	红色染料	收集农作物	收集20个红色染料			
4005	1	3	#		collect_task_title	set:task_and_shop.json image:collect_food	101	351	10	20	40051	100	0	80	#	#	#	收集	黄绿色染料	收集农作物	收集20个黄绿色染料			
4006	1	3	#		collect_task_title	set:task_and_shop.json image:collect_block	101	2419	0	40	40061	100	0	75	#	#	#	收集	海晶石	收集方块	收集40海晶石			
4007	1	3	#		collect_task_title	set:task_and_shop.json image:collect_block	101	2420	0	40	40071	100	0	70	#	#	#	收集	海晶石砖	收集方块	收集40海晶石砖			
4008	1	3	#		collect_task_title	set:task_and_shop.json image:collect_block	101	57	0	40	40081	100	0	65	#	#	#	收集	钻石块	收集方块	收集40钻石块			
4009	1	3	#		collect_task_title	set:task_and_shop.json image:collect_block	101	133	0	40	40091	100	0	60	#	#	#	收集	绿宝石块	收集方块	收集40绿宝石块			
4010	1	3	#		product_total_level_task_title	set:task_and_shop.json image:product_level	111	0	0	80	40101	100	0	55	#	#	#	矿机总等级		矿机总等级	矿机总等级达到80级			
4011	1	3	#		expand_islands_task_title	set:task_and_shop.json image:expand_island	106	0	0	5	40111	100	0	50	#	#	#	扩岛		扩岛	扩岛			
10101	2	#	1	1	collect_task_title	set:task_and_shop.json image:collect_block	101	20	0	2	200004#2400006#15500002#26500008#26600001#17100003	1#1#1#1#1#1	57	116	#	1	2#5	收集	玻璃	收集方块	收集2个玻璃	200004#2400006#15500002#26500008#26600001#17100003	1#1#1#1#1#1	
10102	2	#	1	2	collect_task_title	set:task_and_shop.json image:collect_block	101	12	0	3	200004#2400006#15500002#26500008#26600001#17100003	1#1#1#1#1#1	57	117	#	1	2#5	收集	沙子	收集方块	收集3个沙子	200004#2400006#15500002#26500008#26600001#17100003	1#1#1#1#1#1	
10103	2	#	1	3	collect_task_title	set:task_and_shop.json image:collect_block	101	4	0	5	200004#2400006#15500002#26500008#26600001#17100003	1#1#1#1#1#1	57	118	#	1	2#5	收集	圆石	收集方块	收集5个圆石	200004#2400006#15500002#26500008#26600001#17100003	1#1#1#1#1#1	
10104	2	#	1	4	collect_task_title	set:task_and_shop.json image:collect_block	101	263	0	2	200004#2400006#15500002#26500008#26600001#17100003	1#1#1#1#1#1	57	119	#	1	2#5	收集	煤炭	收集方块	收集2个煤炭	200004#2400006#15500002#26500008#26600001#17100003	1#1#1#1#1#1	
10105	2	#	1	5	collect_task_title	set:task_and_shop.json image:collect_block	101	98	0	2	200004#2400006#15500002#26500008#26600001#17100003	1#1#1#1#1#1	57	120	#	1	2#5	收集	石砖	收集方块	收集2个石砖	200004#2400006#15500002#26500008#26600001#17100003	1#1#1#1#1#1	
10106	2	#	1	6	create_task_title	set:task_and_shop.json image:crafting	102	67	0	2	200004#2400006#15500002#26500008#26600001#17100003	1#1#1#1#1#1	57	121	#	1	2#5	合成	圆石楼梯	合成	合成2个圆石楼梯	200004#2400006#15500002#26500008#26600001#17100003	1#1#1#1#1#1	
10107	2	#	1	7	create_task_title	set:task_and_shop.json image:crafting	102	44	0	4	200004#2400006#15500002#26500008#26600001#17100003	1#1#1#1#1#1	57	122	#	1	2#5	合成	圆石板	合成	合成4个圆石板	200004#2400006#15500002#26500008#26600001#17100003	1#1#1#1#1#1	
10201	2	#	2	1	collect_task_title	set:task_and_shop.json image:collect_food	101	2295	0	4	200006#2400008#26500012#26600002#17100004	1#1#1#1#1	48	123	#	1	2#5	收集	玉米	收集农作物	收集4个玉米	200006#2400008#26500012#26600002#17100004	1#1#1#1#1	
10202	2	#	2	2	collect_task_title	set:task_and_shop.json image:collect_food	101	2298	0	4	200006#2400008#26500012#26600002#17100004	1#1#1#1#1	48	124	#	1	2#5	收集	小麦	收集农作物	收集4个小麦	200006#2400008#26500012#26600002#17100004	1#1#1#1#1	
10203	2	#	2	3	up_product_level_task_title	set:task_and_shop.json image:product_level	110	0	0	1	200006#2400008#26500012#26600002#17100004	1#1#1#1#1	48	125	#	1	2#5	升级矿机		升级矿机	将任意矿机等级提升一级	200006#2400008#26500012#26600002#17100004	1#1#1#1#1	
10204	2	#	2	4	plante_tree_task_title	set:task_and_shop.json image:plante_tree	105	6	0	2	200006#2400008#26500012#26600002#17100004	1#1#1#1#1	48	126	#	1	2#5	种树	橡树苗	种树	种植2棵橡树苗	200006#2400008#26500012#26600002#17100004	1#1#1#1#1	
10205	2	#	2	5	look_ad_task_title	set:task_and_shop.json image:look_ad	107	0	0	1	200006#2400008#26500012#26600002#17100004	1#1#1#1#1	190	127	#	1	2#5	看广告		看广告	观看一则广告，轻松获取奖励	200006#2400008#26500012#26600002#17100004	1#1#1#1#1	
10301	2	#	3	1	collect_task_title	set:task_and_shop.json image:collect_block	101	2	0	2	200010#2400015#15500004#26500021#17100007	1#1#1#1#1	23	128	#	1	2#5	收集	草方块	收集方块	收集2个草方块	200010#2400015#15500004#26500021#17100007	1#1#1#1#1	
10302	2	#	3	2	collect_task_title	set:task_and_shop.json image:collect_tool	101	274	0	1	200010#2400015#15500004#26500021#17100007	1#1#1#1#1	23	129	#	1	2#5	收集	石镐	收集工具	收集1个石镐	200010#2400015#15500004#26500021#17100007	1#1#1#1#1	
10303	2	#	3	3	create_task_title	set:task_and_shop.json image:crafting	102	126	0	3	200010#2400015#15500004#26500021#17100007	1#1#1#1#1	23	130	#	1	2#5	合成	单层橡木板	合成	合成3个单层橡木板	200010#2400015#15500004#26500021#17100007	1#1#1#1#1	
10304	2	#	3	4	look_ad_task_title	set:task_and_shop.json image:look_ad	107	0	0	1	200010#2400015#15500004#26500021#17100007	1#1#1#1#1	50	131	#	1	2#5	看广告		看广告	观看一则广告，轻松获取奖励	200010#2400015#15500004#26500021#17100007	1#1#1#1#1	
10401	2	#	4	1	collect_task_title	set:task_and_shop.json image:collect_block	101	17	0	3	200016#2400023#15500006#26500033#26600005#17100011	1#1#1#1#1#1	20	132	#	1	2#5	收集	橡树原木	收集方块	收集3个橡树原木	200016#2400023#15500006#26500033#26600005#17100011	1#1#1#1#1#1	
10402	2	#	4	2	create_task_title	set:task_and_shop.json image:crafting	102	44	0	3	200016#2400023#15500006#26500033#26600005#17100011	1#1#1#1#1#1	20	133	#	1	2#5	合成	石砖板	合成	合成3个石砖板	200016#2400023#15500006#26500033#26600005#17100011	1#1#1#1#1#1	
10403	2	#	4	3	create_task_title	set:task_and_shop.json image:crafting	102	53	0	3	200016#2400023#15500006#26500033#26600005#17100011	1#1#1#1#1#1	20	134	#	1	2#5	合成	橡木楼梯	合成	合成3个橡木楼梯	200016#2400023#15500006#26500033#26600005#17100011	1#1#1#1#1#1	
10404	2	#	4	4	look_ad_task_title	set:task_and_shop.json image:look_ad	107	0	0	1	200016#2400023#15500006#26500033#26600005#17100011	1#1#1#1#1#1	40	135	#	1	2#5	看广告		看广告	观看一则广告，轻松获取奖励	200016#2400023#15500006#26500033#26600005#17100011	1#1#1#1#1#1	
20101	2	#	1	1	collect_task_title	set:task_and_shop.json image:collect_block	101	20	0	2	200009#2400013#15500003#26500018#26600003#17100006	1#1#1#1#1#1	57	140	#	2	6#10	收集	玻璃	收集方块	收集2个玻璃	200009#2400013#15500003#26500018#26600003#17100006	1#1#1#1#1#1	
20102	2	#	1	2	collect_task_title	set:task_and_shop.json image:collect_block	101	12	0	3	200009#2400013#15500003#26500018#26600003#17100006	1#1#1#1#1#1	57	141	#	2	6#10	收集	沙子	收集方块	收集3个沙子	200009#2400013#15500003#26500018#26600003#17100006	1#1#1#1#1#1	
20103	2	#	1	3	collect_task_title	set:task_and_shop.json image:collect_block	101	4	0	5	200009#2400013#15500003#26500018#26600003#17100006	1#1#1#1#1#1	57	142	#	2	6#10	收集	圆石	收集方块	收集5个圆石	200009#2400013#15500003#26500018#26600003#17100006	1#1#1#1#1#1	
20104	2	#	1	4	collect_task_title	set:task_and_shop.json image:collect_block	101	263	0	2	200009#2400013#15500003#26500018#26600003#17100006	1#1#1#1#1#1	57	143	#	2	6#10	收集	煤炭	收集方块	收集2个煤炭	200009#2400013#15500003#26500018#26600003#17100006	1#1#1#1#1#1	
20105	2	#	1	5	collect_task_title	set:task_and_shop.json image:collect_block	101	98	0	2	200009#2400013#15500003#26500018#26600003#17100006	1#1#1#1#1#1	57	144	#	2	6#10	收集	石砖	收集方块	收集2个石砖	200009#2400013#15500003#26500018#26600003#17100006	1#1#1#1#1#1	
20106	2	#	1	6	create_task_title	set:task_and_shop.json image:crafting	102	67	0	2	200009#2400013#15500003#26500018#26600003#17100006	1#1#1#1#1#1	57	145	#	2	6#10	合成	圆石楼梯	合成	合成2个圆石楼梯	200009#2400013#15500003#26500018#26600003#17100006	1#1#1#1#1#1	
20107	2	#	1	7	create_task_title	set:task_and_shop.json image:crafting	102	44	0	4	200009#2400013#15500003#26500018#26600003#17100006	1#1#1#1#1#1	57	146	#	2	6#10	合成	圆石板	合成	合成4个圆石板	200009#2400013#15500003#26500018#26600003#17100006	1#1#1#1#1#1	
20201	2	#	2	1	collect_task_title	set:task_and_shop.json image:collect_food	101	2295	0	4	200012#2400018#15500005#26500025#26600004#17100008	1#1#1#1#1#1	48	147	#	2	6#10	收集	玉米	收集农作物	收集4个玉米	200012#2400018#15500005#26500025#26600004#17100008	1#1#1#1#1#1	
20202	2	#	2	2	collect_task_title	set:task_and_shop.json image:collect_food	101	2298	0	4	200012#2400018#15500005#26500025#26600004#17100008	1#1#1#1#1#1	48	148	#	2	6#10	收集	小麦	收集农作物	收集4个小麦	200012#2400018#15500005#26500025#26600004#17100008	1#1#1#1#1#1	
20203	2	#	2	3	up_product_level_task_title	set:task_and_shop.json image:product_level	110	0	0	1	200012#2400018#15500005#26500025#26600004#17100008	1#1#1#1#1#1	48	149	#	2	6#10	升级矿机		升级矿机	将任意矿机等级提升一级	200012#2400018#15500005#26500025#26600004#17100008	1#1#1#1#1#1	
20204	2	#	2	4	plante_tree_task_title	set:task_and_shop.json image:plante_tree	105	6	0	2	200012#2400018#15500005#26500025#26600004#17100008	1#1#1#1#1#1	48	150	#	2	6#10	种树	橡树苗	种树	种植2棵橡树苗	200012#2400018#15500005#26500025#26600004#17100008	1#1#1#1#1#1	
20205	2	#	2	5	look_ad_task_title	set:task_and_shop.json image:look_ad	107	0	0	1	200012#2400018#15500005#26500025#26600004#17100008	1#1#1#1#1#1	190	151	#	2	6#10	看广告		看广告	观看一则广告，轻松获取奖励	200012#2400018#15500005#26500025#26600004#17100008	1#1#1#1#1#1	
20301	2	#	3	1	collect_task_title	set:task_and_shop.json image:collect_block	101	2	0	2	200022#2400032#15500009#26500045#26600007#17100015	1#1#1#1#1#1	23	152	#	2	6#10	收集	草方块	收集方块	收集2个草方块	200022#2400032#15500009#26500045#26600007#17100015	1#1#1#1#1#1	
20302	2	#	3	2	collect_task_title	set:task_and_shop.json image:collect_tool	101	274	0	1	200022#2400032#15500009#26500045#26600007#17100015	1#1#1#1#1#1	23	153	#	2	6#10	收集	石镐	收集工具	收集1个石镐	200022#2400032#15500009#26500045#26600007#17100015	1#1#1#1#1#1	
20303	2	#	3	3	create_task_title	set:task_and_shop.json image:crafting	102	126	0	3	200022#2400032#15500009#26500045#26600007#17100015	1#1#1#1#1#1	23	154	#	2	6#10	合成	单层橡木板	合成	合成3个单层橡木板	200022#2400032#15500009#26500045#26600007#17100015	1#1#1#1#1#1	
20304	2	#	3	4	look_ad_task_title	set:task_and_shop.json image:look_ad	107	0	0	1	200022#2400032#15500009#26500045#26600007#17100015	1#1#1#1#1#1	50	155	#	2	6#10	看广告		看广告	观看一则广告，轻松获取奖励	200022#2400032#15500009#26500045#26600007#17100015	1#1#1#1#1#1	
20401	2	#	4	1	collect_task_title	set:task_and_shop.json image:collect_block	101	17	0	3	200034#2400049#15500013#26600011#40900004#17100024	1#1#1#1#1#1	20	156	#	2	6#10	收集	橡树原木	收集方块	收集3个橡树原木	200034#2400049#15500013#26600011#40900004#17100024	1#1#1#1#1#1	
20402	2	#	4	2	create_task_title	set:task_and_shop.json image:crafting	102	44	0	3	200034#2400049#15500013#26600011#40900004#17100024	1#1#1#1#1#1	20	157	#	2	6#10	合成	石砖板	合成	合成3个石砖板	200034#2400049#15500013#26600011#40900004#17100024	1#1#1#1#1#1	
20403	2	#	4	3	create_task_title	set:task_and_shop.json image:crafting	102	53	0	3	200034#2400049#15500013#26600011#40900004#17100024	1#1#1#1#1#1	20	158	#	2	6#10	合成	橡木楼梯	合成	合成3个橡木楼梯	200034#2400049#15500013#26600011#40900004#17100024	1#1#1#1#1#1	
20404	2	#	4	4	look_ad_task_title	set:task_and_shop.json image:look_ad	107	0	0	1	200034#2400049#15500013#26600011#40900004#17100024	1#1#1#1#1#1	40	159	#	2	6#10	看广告		看广告	观看一则广告，轻松获取奖励	200034#2400049#15500013#26600011#40900004#17100024	1#1#1#1#1#1	
30101	2	#	1	1	create_task_title	set:task_and_shop.json image:crafting	102	65	0	2	200019#2400027#15500007#26500038#26600006#17100013	1#1#1#1#1#1	57	164	#	3	11#16	合成	梯子	合成	合成2个梯子	200019#2400027#15500007#26500038#26600006#17100013	1#1#1#1#1#1	
30102	2	#	1	2	create_task_title	set:task_and_shop.json image:crafting	102	50	0	2	200019#2400027#15500007#26500038#26600006#17100013	1#1#1#1#1#1	57	165	#	3	11#16	合成	火把	合成	合成2个火把	200019#2400027#15500007#26500038#26600006#17100013	1#1#1#1#1#1	
30103	2	#	1	3	collect_task_title	set:task_and_shop.json image:collect_block	101	2	0	4	200019#2400027#15500007#26500038#26600006#17100013	1#1#1#1#1#1	57	166	#	3	11#16	收集	草方块	收集方块	收集4个草方块	200019#2400027#15500007#26500038#26600006#17100013	1#1#1#1#1#1	
30104	2	#	1	4	collect_task_title	set:task_and_shop.json image:collect_block	101	20	0	4	200019#2400027#15500007#26500038#26600006#17100013	1#1#1#1#1#1	57	167	#	3	11#16	收集	玻璃	收集方块	收集4个玻璃	200019#2400027#15500007#26500038#26600006#17100013	1#1#1#1#1#1	
30105	2	#	1	5	create_task_title	set:task_and_shop.json image:crafting	102	44	0	4	200019#2400027#15500007#26500038#26600006#17100013	1#1#1#1#1#1	57	168	#	3	11#16	合成	砂石板	合成	合成4个砂石板	200019#2400027#15500007#26500038#26600006#17100013	1#1#1#1#1#1	
30106	2	#	1	6	plante_tree_task_title	set:task_and_shop.json image:plante_tree	105	6	0	3	200019#2400027#15500007#26500038#26600006#17100013	1#1#1#1#1#1	57	169	#	3	11#16	种树	白桦树苗	种树	种植3棵白桦树苗	200019#2400027#15500007#26500038#26600006#17100013	1#1#1#1#1#1	
30107	2	#	1	7	collect_task_title	set:task_and_shop.json image:collect_food	101	647	0	10	200019#2400027#15500007#26500038#26600006#17100013	1#1#1#1#1#1	57	170	#	3	11#16	收集	胡萝卜	收集农作物	收集10个胡萝卜	200019#2400027#15500007#26500038#26600006#17100013	1#1#1#1#1#1	
30201	2	#	2	1	create_task_title	set:task_and_shop.json image:crafting	102	171	0	2	200026#2400038#15500010#26500053#26600008#17100018	1#1#1#1#1#1	48	171	#	3	11#16	合成	白色地毯	合成	合成2个白色地毯	200026#2400038#15500010#26500053#26600008#17100018	1#1#1#1#1#1	
30202	2	#	2	2	create_task_title	set:task_and_shop.json image:crafting	102	128	0	2	200026#2400038#15500010#26500053#26600008#17100018	1#1#1#1#1#1	48	172	#	3	11#16	合成	砂石楼梯	合成	合成2个砂石楼梯	200026#2400038#15500010#26500053#26600008#17100018	1#1#1#1#1#1	
30203	2	#	2	3	kill_player_task_title	set:task_and_shop.json image:kill_player	112	0	0	1	200026#2400038#15500010#26500053#26600008#17100018	1#1#1#1#1#1	48	173	#	3	11#16	PVP		PVP	在矿区击败1个玩家	200026#2400038#15500010#26500053#26600008#17100018	1#1#1#1#1#1	
30204	2	#	2	4	up_product_level_task_title	set:task_and_shop.json image:product_level	110	0	0	1	200026#2400038#15500010#26500053#26600008#17100018	1#1#1#1#1#1	48	174	#	3	11#16	升级矿机		升级矿机	将任意矿机等级提升一级	200026#2400038#15500010#26500053#26600008#17100018	1#1#1#1#1#1	
30205	2	#	2	5	look_ad_task_title	set:task_and_shop.json image:look_ad	107	0	0	1	200026#2400038#15500010#26500053#26600008#17100018	1#1#1#1#1#1	190	175	#	3	11#16	看广告		看广告	观看一则广告，轻松获取奖励	200026#2400038#15500010#26500053#26600008#17100018	1#1#1#1#1#1	
30301	2	#	3	1	create_task_title	set:task_and_shop.json image:crafting	102	44	0	3	200047#15500018#26600015#40900005#17100032	1#1#1#1#1	23	176	#	3	11#16	合成	石英板	合成	合成3个石英板	200047#15500018#26600015#40900005#17100032	1#1#1#1#1	
30302	2	#	3	2	collect_task_title	set:task_and_shop.json image:collect_block	101	87	0	2	200047#15500018#26600015#40900005#17100032	1#1#1#1#1	23	177	#	3	11#16	收集	地狱岩	收集方块	收集2个地狱岩	200047#15500018#26600015#40900005#17100032	1#1#1#1#1	
30303	2	#	3	3	kill_monster_task_title0	set:task_and_shop.json image:kill_monster	108	4001	0	3	200047#15500018#26600015#40900005#17100032	1#1#1#1#1	23	178	#	3	11#16	杀怪	恶魂	杀怪	在矿区击杀3个恶魂	200047#15500018#26600015#40900005#17100032	1#1#1#1#1	
30304	2	#	3	4	look_ad_task_title	set:task_and_shop.json image:look_ad	107	0	0	1	200047#15500018#26600015#40900005#17100032	1#1#1#1#1	50	179	#	3	11#16	看广告		看广告	观看一则广告，轻松获取奖励	200047#15500018#26600015#40900005#17100032	1#1#1#1#1	
30401	2	#	4	1	kill_player_task_title	set:task_and_shop.json image:kill_player	112	0	0	1	15500029#4500006#26600024#40900008#17100050#11200004#26400005	1#1#1#1#1#1#1	20	180	#	3	11#16	PVP		PVP	在矿区击败1个玩家	15500029#4500006#26600024#40900008#17100050#11200004#26400005	1#1#1#1#1#1#1	
30402	2	#	4	2	kill_monster_task_title2	set:task_and_shop.json image:kill_monster	108	4003	0	1	15500029#4500006#26600024#40900008#17100050#11200004#26400005	1#1#1#1#1#1#1	20	181	#	3	11#16	杀怪	僵尸	杀怪	在矿区击杀1个僵尸	15500029#4500006#26600024#40900008#17100050#11200004#26400005	1#1#1#1#1#1#1	
30403	2	#	4	3	up_product_level_task_title	set:task_and_shop.json image:product_level	110	0	0	1	15500029#4500006#26600024#40900008#17100050#11200004#26400005	1#1#1#1#1#1#1	20	182	#	3	11#16	升级矿机		升级矿机	将任意矿机等级提升一级	15500029#4500006#26600024#40900008#17100050#11200004#26400005	1#1#1#1#1#1#1	
30404	2	#	4	4	look_ad_task_title	set:task_and_shop.json image:look_ad	107	0	0	1	15500029#4500006#26600024#40900008#17100050#11200004#26400005	1#1#1#1#1#1#1	40	183	#	3	11#16	看广告		看广告	观看一则广告，轻松获取奖励	15500029#4500006#26600024#40900008#17100050#11200004#26400005	1#1#1#1#1#1#1	
40101	2	#	1	1	create_task_title	set:task_and_shop.json image:crafting	102	65	0	2	200032#2400046#15500012#26500064#26600010#40900003#17100022	1#1#1#1#1#1#1	57	188	#	4	17#20	合成	梯子	合成	合成2个梯子	200032#2400046#15500012#26500064#26600010#40900003#17100022	1#1#1#1#1#1#1	
40102	2	#	1	2	create_task_title	set:task_and_shop.json image:crafting	102	50	0	2	200032#2400046#15500012#26500064#26600010#40900003#17100022	1#1#1#1#1#1#1	57	189	#	4	17#20	合成	火把	合成	合成2个火把			
40103	2	#	1	3	collect_task_title	set:task_and_shop.json image:collect_block	101	2	0	4	200032#2400046#15500012#26500064#26600010#40900003#17100022	1#1#1#1#1#1#1	57	190	#	4	17#20	收集	草方块	收集方块	收集4个草方块			
40104	2	#	1	4	collect_task_title	set:task_and_shop.json image:collect_block	101	20	0	4	200032#2400046#15500012#26500064#26600010#40900003#17100022	1#1#1#1#1#1#1	57	191	#	4	17#20	收集	玻璃	收集方块	收集4个玻璃			
40105	2	#	1	5	create_task_title	set:task_and_shop.json image:crafting	102	44	0	4	200032#2400046#15500012#26500064#26600010#40900003#17100022	1#1#1#1#1#1#1	57	192	#	4	17#20	合成	砂石板	合成	合成4个砂石板			
40106	2	#	1	6	plante_tree_task_title	set:task_and_shop.json image:plante_tree	105	6	0	3	200032#2400046#15500012#26500064#26600010#40900003#17100022	1#1#1#1#1#1#1	57	193	#	4	17#20	种树	白桦树苗	种树	种植3棵白桦树苗			
40107	2	#	1	7	collect_task_title	set:task_and_shop.json image:collect_food	101	647	0	10	200032#2400046#15500012#26500064#26600010#40900003#17100022	1#1#1#1#1#1#1	57	194	#	4	17#20	收集	胡萝卜	收集农作物	收集10个胡萝卜			
40201	2	#	2	1	create_task_title	set:task_and_shop.json image:crafting	102	171	0	2	200045#2400064#15500018#26600015#40900005#17100031	1#1#1#1#1#1	48	195	#	4	17#20	合成	白色地毯	合成	合成2个白色地毯			
40202	2	#	2	2	create_task_title	set:task_and_shop.json image:crafting	102	128	0	2	200045#2400064#15500018#26600015#40900005#17100031	1#1#1#1#1#1	48	196	#	4	17#20	合成	砂石楼梯	合成	合成2个砂石楼梯			
40203	2	#	2	3	kill_player_task_title	set:task_and_shop.json image:kill_player	112	0	0	1	200045#2400064#15500018#26600015#40900005#17100031	1#1#1#1#1#1	48	197	#	4	17#20	PVP		PVP	在矿区击败1个玩家			
40204	2	#	2	4	up_product_level_task_title	set:task_and_shop.json image:product_level	110	0	0	1	200045#2400064#15500018#26600015#40900005#17100031	1#1#1#1#1#1	48	198	#	4	17#20	升级矿机		升级矿机	将任意矿机等级提升一级			
40205	2	#	2	5	look_ad_task_title	set:task_and_shop.json image:look_ad	107	0	0	1	200045#2400064#15500018#26600015#40900005#17100031	1#1#1#1#1#1	190	199	#	4	17#20	看广告		看广告	观看一则广告，轻松获取奖励			
40301	2	#	3	1	create_task_title	set:task_and_shop.json image:crafting	102	44	0	3	15500031#4500006#26600026#40900009#17100054#11200004#26400005	1#1#1#1#1#1#1	23	200	#	4	17#20	合成	石英板	合成	合成3个石英板			
40302	2	#	3	2	collect_task_title	set:task_and_shop.json image:collect_block	101	87	0	2	15500031#4500006#26600026#40900009#17100054#11200004#26400005	1#1#1#1#1#1#1	23	201	#	4	17#20	收集	地狱岩	收集方块	收集2个地狱岩			
40303	2	#	3	3	kill_monster_task_title0	set:task_and_shop.json image:kill_monster	108	4001	0	3	15500031#4500006#26600026#40900009#17100054#11200004#26400005	1#1#1#1#1#1#1	23	202	#	4	17#20	杀怪	恶魂	杀怪	在矿区击杀3个恶魂			
40304	2	#	3	4	look_ad_task_title	set:task_and_shop.json image:look_ad	107	0	0	1	15500031#4500006#26600026#40900009#17100054#11200004#26400005	1#1#1#1#1#1#1	50	203	#	4	17#20	看广告		看广告	观看一则广告，轻松获取奖励			
40401	2	#	4	1	kill_player_task_title	set:task_and_shop.json image:kill_player	112	0	0	1	15500048#4500010#26600040#40900014#11200007#26400008	1#1#1#1#1#1	20	204	#	4	17#20	PVP		PVP	在矿区击败1个玩家			
40402	2	#	4	2	kill_monster_task_title2	set:task_and_shop.json image:kill_monster	108	4003	0	1	15500048#4500010#26600040#40900014#11200007#26400008	1#1#1#1#1#1	20	205	#	4	17#20	杀怪	僵尸	杀怪	在矿区击杀1个僵尸			
40403	2	#	4	3	up_product_level_task_title	set:task_and_shop.json image:product_level	110	0	0	1	15500048#4500010#26600040#40900014#11200007#26400008	1#1#1#1#1#1	20	206	#	4	17#20	升级矿机		升级矿机	将任意矿机等级提升一级			
40404	2	#	4	4	look_ad_task_title	set:task_and_shop.json image:look_ad	107	0	0	1	15500048#4500010#26600040#40900014#11200007#26400008	1#1#1#1#1#1	40	207	#	4	17#20	看广告		看广告	观看一则广告，轻松获取奖励			
50101	2	#	1	1	create_task_title	set:task_and_shop.json image:crafting	102	65	0	2	200046#15500018#4500003#26600015#40900005#17100032#26400003	1#1#1#1#1#1#1	57	212	#	5	21#25	合成	梯子	合成	合成2个梯子			
50102	2	#	1	2	create_task_title	set:task_and_shop.json image:crafting	102	50	0	2	200046#15500018#4500003#26600015#40900005#17100032#26400003	1#1#1#1#1#1#1	57	213	#	5	21#25	合成	火把	合成	合成2个火把			
50103	2	#	1	3	collect_task_title	set:task_and_shop.json image:collect_block	101	2	0	4	200046#15500018#4500003#26600015#40900005#17100032#26400003	1#1#1#1#1#1#1	57	214	#	5	21#25	收集	草方块	收集方块	收集4个草方块			
50104	2	#	1	4	collect_task_title	set:task_and_shop.json image:collect_block	101	20	0	4	200046#15500018#4500003#26600015#40900005#17100032#26400003	1#1#1#1#1#1#1	57	215	#	5	21#25	收集	玻璃	收集方块	收集4个玻璃			
50105	2	#	1	5	create_task_title	set:task_and_shop.json image:crafting	102	44	0	4	200046#15500018#4500003#26600015#40900005#17100032#26400003	1#1#1#1#1#1#1	57	216	#	5	21#25	合成	砂石板	合成	合成4个砂石板			
50106	2	#	1	6	plante_tree_task_title	set:task_and_shop.json image:plante_tree	105	6	0	3	200046#15500018#4500003#26600015#40900005#17100032#26400003	1#1#1#1#1#1#1	57	217	#	5	21#25	种树	白桦树苗	种树	种植3棵白桦树苗			
50107	2	#	1	7	collect_task_title	set:task_and_shop.json image:collect_food	101	647	0	10	200046#15500018#4500003#26600015#40900005#17100032#26400003	1#1#1#1#1#1#1	57	218	#	5	21#25	收集	胡萝卜	收集农作物	收集10个胡萝卜			
50201	2	#	2	1	create_task_title	set:task_and_shop.json image:crafting	102	171	0	2	200064#15500025#4500005#26600021#40900007#17100044#11200004#26400004	1#1#1#1#1#1#1#1	48	219	#	5	21#25	合成	白色地毯	合成	合成2个白色地毯			
50202	2	#	2	2	create_task_title	set:task_and_shop.json image:crafting	102	128	0	2	200064#15500025#4500005#26600021#40900007#17100044#11200004#26400004	1#1#1#1#1#1#1#1	48	220	#	5	21#25	合成	砂石楼梯	合成	合成2个砂石楼梯			
50203	2	#	2	3	kill_player_task_title	set:task_and_shop.json image:kill_player	112	0	0	1	200064#15500025#4500005#26600021#40900007#17100044#11200004#26400004	1#1#1#1#1#1#1#1	48	221	#	5	21#25	PVP		PVP	在矿区击败1个玩家			
50204	2	#	2	4	up_product_level_task_title	set:task_and_shop.json image:product_level	110	0	0	1	200064#15500025#4500005#26600021#40900007#17100044#11200004#26400004	1#1#1#1#1#1#1#1	48	222	#	5	21#25	升级矿机		升级矿机	将任意矿机等级提升一级			
50205	2	#	2	5	look_ad_task_title	set:task_and_shop.json image:look_ad	107	0	0	1	200064#15500025#4500005#26600021#40900007#17100044#11200004#26400004	1#1#1#1#1#1#1#1	190	223	#	5	21#25	看广告		看广告	观看一则广告，轻松获取奖励			
50301	2	#	3	1	create_task_title	set:task_and_shop.json image:crafting	102	44	0	3	15500045#4500009#26600037#40900013#11200007#26400008	1#1#1#1#1#1	23	224	#	5	21#25	合成	石英板	合成	合成3个石英板			
50302	2	#	3	2	collect_task_title	set:task_and_shop.json image:collect_block	101	87	0	2	15500045#4500009#26600037#40900013#11200007#26400008	1#1#1#1#1#1	23	225	#	5	21#25	收集	地狱岩	收集方块	收集2个地狱岩			
50303	2	#	3	3	kill_monster_task_title0	set:task_and_shop.json image:kill_monster	108	4001	0	3	15500045#4500009#26600037#40900013#11200007#26400008	1#1#1#1#1#1	23	226	#	5	21#25	杀怪	恶魂	杀怪	在矿区击杀3个恶魂			
50304	2	#	3	4	look_ad_task_title	set:task_and_shop.json image:look_ad	107	0	0	1	15500045#4500009#26600037#40900013#11200007#26400008	1#1#1#1#1#1	50	227	#	5	21#25	看广告		看广告	观看一则广告，轻松获取奖励			
50401	2	#	4	1	kill_player_task_title	set:task_and_shop.json image:kill_player	112	0	0	1	4500014#26600058#40900020#11200010#26400012#4100006#35100006#35100106#35100206#35100306#35100406#35100506#35100606#35100706#35100806#35100906#35101006#35101106#35101206#35101306#35101406#141900005	1#1#1#1#1#1#1#1#1#1#1#1#1#1#1#1#1#1#1#1#1#1	20	228	#	5	21#25	PVP		PVP	在矿区击败1个玩家			
50402	2	#	4	2	kill_monster_task_title2	set:task_and_shop.json image:kill_monster	108	4003	0	1	4500014#26600058#40900020#11200010#26400012#4100006#35100006#35100106#35100206#35100306#35100406#35100506#35100606#35100706#35100806#35100906#35101006#35101106#35101206#35101306#35101406#141900005	1#1#1#1#1#1#1#1#1#1#1#1#1#1#1#1#1#1#1#1#1#1	20	229	#	5	21#25	杀怪	僵尸	杀怪	在矿区击杀1个僵尸			
50403	2	#	4	3	up_product_level_task_title	set:task_and_shop.json image:product_level	110	0	0	1	4500014#26600058#40900020#11200010#26400012#4100006#35100006#35100106#35100206#35100306#35100406#35100506#35100606#35100706#35100806#35100906#35101006#35101106#35101206#35101306#35101406#141900005	1#1#1#1#1#1#1#1#1#1#1#1#1#1#1#1#1#1#1#1#1#1	20	230	#	5	21#25	升级矿机		升级矿机	将任意矿机等级提升一级			
50404	2	#	4	4	look_ad_task_title	set:task_and_shop.json image:look_ad	107	0	0	1	4500014#26600058#40900020#11200010#26400012#4100006#35100006#35100106#35100206#35100306#35100406#35100506#35100606#35100706#35100806#35100906#35101006#35101106#35101206#35101306#35101406#141900005	1#1#1#1#1#1#1#1#1#1#1#1#1#1#1#1#1#1#1#1#1#1	40	231	#	5	21#25	看广告		看广告	观看一则广告，轻松获取奖励			
60101	2	#	1	1	collect_task_title	set:task_and_shop.json image:collect_block	101	35	0	3	15500027#4500005#26600022#40900008#17100047#11200004#26400004	1#1#1#1#1#1#1	57	236	#	6	26#30	收集	白色羊毛	收集方块	收集3个白色羊毛			
60102	2	#	1	2	collect_task_title	set:task_and_shop.json image:collect_food	101	2500	0	3	15500027#4500005#26600022#40900008#17100047#11200004#26400004	1#1#1#1#1#1#1	57	237	#	6	26#30	收集	骨粉	收集农作物	收集3个骨粉			
60103	2	#	1	3	collect_task_title	set:task_and_shop.json image:collect_block	101	172	0	3	15500027#4500005#26600022#40900008#17100047#11200004#26400004	1#1#1#1#1#1#1	57	238	#	6	26#30	收集	陶瓦	收集方块	收集3个陶瓦			
60104	2	#	1	4	collect_task_title	set:task_and_shop.json image:collect_food	101	2299	0	10	15500027#4500005#26600022#40900008#17100047#11200004#26400004	1#1#1#1#1#1#1	57	239	#	6	26#30	收集	棉花	收集农作物	收集10个棉花			
60105	2	#	1	5	collect_task_title	set:task_and_shop.json image:collect_food	101	297	0	3	15500027#4500005#26600022#40900008#17100047#11200004#26400004	1#1#1#1#1#1#1	57	240	#	6	26#30	收集	面包	收集农作物	收集3个面包			
60106	2	#	1	6	create_task_title	set:task_and_shop.json image:crafting	102	108	0	2	15500027#4500005#26600022#40900008#17100047#11200004#26400004	1#1#1#1#1#1#1	57	241	#	6	26#30	合成	砖块楼梯	合成	合成2个砖块楼梯			
60107	2	#	1	7	create_task_title	set:task_and_shop.json image:crafting	102	156	0	3	15500027#4500005#26600022#40900008#17100047#11200004#26400004	1#1#1#1#1#1#1	57	242	#	6	26#30	合成	石英楼梯	合成	合成3个石英楼梯			
60201	2	#	2	1	collect_task_title	set:task_and_shop.json image:collect_block	101	87	0	3	15500038#4500007#26600031#40900011#11200005#26400006	1#1#1#1#1#1	48	243	#	6	26#30	收集	地狱岩	收集方块	收集3个地狱岩			
60202	2	#	2	2	collect_task_title	set:task_and_shop.json image:collect_block	101	112	0	3	15500038#4500007#26600031#40900011#11200005#26400006	1#1#1#1#1#1	48	244	#	6	26#30	收集	地狱砖块	收集方块	收集3个地狱砖块			
60203	2	#	2	3	create_task_title	set:task_and_shop.json image:crafting	102	171	0	1	15500038#4500007#26600031#40900011#11200005#26400006	1#1#1#1#1#1	48	245	#	6	26#30	合成	白色地毯	合成	合成1个白色地毯			
60204	2	#	2	4	create_task_title	set:task_and_shop.json image:crafting	102	44	0	2	15500038#4500007#26600031#40900011#11200005#26400006	1#1#1#1#1#1	48	246	#	6	26#30	合成	砖板	合成	合成2个砖板			
60205	2	#	2	5	look_ad_task_title	set:task_and_shop.json image:look_ad	107	0	0	1	15500038#4500007#26600031#40900011#11200005#26400006	1#1#1#1#1#1	190	247	#	6	26#30	看广告		看广告	观看一则广告，轻松获取奖励			
60301	2	#	3	1	collect_task_title	set:task_and_shop.json image:collect_block	101	114	0	2	4500013#26600055#40900019#11200010#26400011#4100006#35100006#35100106#35100206#35100306#35100406#35100506#35100606#35100706#35100806#35100906#35101006#35101106#35101206#35101306#35101406	1#1#1#1#1#1#1#1#1#1#1#1#1#1#1#1#1#1#1#1#1	23	248	#	6	26#30	收集	地狱砖楼梯	收集方块	收集2个地狱砖楼梯			
60302	2	#	3	2	up_product_level_task_title	set:task_and_shop.json image:product_level	110	0	0	1	4500013#26600055#40900019#11200010#26400011#4100006#35100006#35100106#35100206#35100306#35100406#35100506#35100606#35100706#35100806#35100906#35101006#35101106#35101206#35101306#35101406	1#1#1#1#1#1#1#1#1#1#1#1#1#1#1#1#1#1#1#1#1	23	249	#	6	26#30	升级矿机		升级矿机	将任意矿机等级提升一级			
60303	2	#	3	3	kill_monster_task_title1	set:task_and_shop.json image:kill_monster	108	4002	0	3	4500013#26600055#40900019#11200010#26400011#4100006#35100006#35100106#35100206#35100306#35100406#35100506#35100606#35100706#35100806#35100906#35101006#35101106#35101206#35101306#35101406	1#1#1#1#1#1#1#1#1#1#1#1#1#1#1#1#1#1#1#1#1	23	250	#	6	26#30	杀怪	骷髅	杀怪	在矿区击杀3个骷髅			
60304	2	#	3	4	look_ad_task_title	set:task_and_shop.json image:look_ad	107	0	0	1	4500013#26600055#40900019#11200010#26400011#4100006#35100006#35100106#35100206#35100306#35100406#35100506#35100606#35100706#35100806#35100906#35101006#35101106#35101206#35101306#35101406	1#1#1#1#1#1#1#1#1#1#1#1#1#1#1#1#1#1#1#1#1	50	251	#	6	26#30	看广告		看广告	观看一则广告，轻松获取奖励			
60401	2	#	4	1	kill_player_task_title	set:task_and_shop.json image:kill_player	112	0	0	2	4500021#40900030#11200016#26400018#4100009#35100010#35100110#35100210#35100310#35100410#35100510#35100610#35100710#35100810#35100910#35101010#35101110#35101210#35101310#35101410#141900007	1#1#1#1#1#1#1#1#1#1#1#1#1#1#1#1#1#1#1#1#1	20	252	#	6	26#30	PVP		PVP	在矿区击败2个玩家			
60402	2	#	4	2	kill_monster_task_title2	set:task_and_shop.json image:kill_monster	108	4003	0	2	4500021#40900030#11200016#26400018#4100009#35100010#35100110#35100210#35100310#35100410#35100510#35100610#35100710#35100810#35100910#35101010#35101110#35101210#35101310#35101410#141900007	1#1#1#1#1#1#1#1#1#1#1#1#1#1#1#1#1#1#1#1#1	20	253	#	6	26#30	杀怪	僵尸	杀怪	在矿区击杀2个僵尸			
60403	2	#	4	3	kill_monster_task_title3	set:task_and_shop.json image:kill_monster	108	4004	0	1	4500021#40900030#11200016#26400018#4100009#35100010#35100110#35100210#35100310#35100410#35100510#35100610#35100710#35100810#35100910#35101010#35101110#35101210#35101310#35101410#141900007	1#1#1#1#1#1#1#1#1#1#1#1#1#1#1#1#1#1#1#1#1	20	254	#	6	26#30	杀怪	凋零	杀怪	在矿区击杀1个凋零			
60404	2	#	4	4	look_ad_task_title	set:task_and_shop.json image:look_ad	107	0	0	1	4500021#40900030#11200016#26400018#4100009#35100010#35100110#35100210#35100310#35100410#35100510#35100610#35100710#35100810#35100910#35101010#35101110#35101210#35101310#35101410#141900007	1#1#1#1#1#1#1#1#1#1#1#1#1#1#1#1#1#1#1#1#1	40	255	#	6	26#30	看广告		看广告	观看一则广告，轻松获取奖励			
70101	2	#	1	1	collect_task_title	set:task_and_shop.json image:collect_block	101	35	0	3	15500033#4500007#26600028#40900010#17100058#11200005#26400006	1#1#1#1#1#1#1	57	260	#	7	30#34	收集	白色羊毛	收集方块	收集3个白色羊毛			
70102	2	#	1	2	collect_task_title	set:task_and_shop.json image:collect_food	101	2500	0	3	15500033#4500007#26600028#40900010#17100058#11200005#26400006	1#1#1#1#1#1#1	57	261	#	7	30#34	收集	骨粉	收集农作物	收集3个骨粉			
70103	2	#	1	3	collect_task_title	set:task_and_shop.json image:collect_block	101	172	0	3	15500033#4500007#26600028#40900010#17100058#11200005#26400006	1#1#1#1#1#1#1	57	262	#	7	30#34	收集	陶瓦	收集方块	收集3个陶瓦			
70104	2	#	1	4	collect_task_title	set:task_and_shop.json image:collect_food	101	2299	0	10	15500033#4500007#26600028#40900010#17100058#11200005#26400006	1#1#1#1#1#1#1	57	263	#	7	30#34	收集	棉花	收集农作物	收集10个棉花			
70105	2	#	1	5	collect_task_title	set:task_and_shop.json image:collect_food	101	297	0	3	15500033#4500007#26600028#40900010#17100058#11200005#26400006	1#1#1#1#1#1#1	57	264	#	7	30#34	收集	面包	收集农作物	收集3个面包			
70106	2	#	1	6	create_task_title	set:task_and_shop.json image:crafting	102	108	0	2	15500033#4500007#26600028#40900010#17100058#11200005#26400006	1#1#1#1#1#1#1	57	265	#	7	30#34	合成	砖块楼梯	合成	合成2个砖块楼梯			
70107	2	#	1	7	create_task_title	set:task_and_shop.json image:crafting	102	156	0	3	15500033#4500007#26600028#40900010#17100058#11200005#26400006	1#1#1#1#1#1#1	57	266	#	7	30#34	合成	石英楼梯	合成	合成3个石英楼梯			
70201	2	#	2	1	collect_task_title	set:task_and_shop.json image:collect_block	101	87	0	3	15500047#4500009#26600039#40900013#11200007#26400008	1#1#1#1#1#1	48	267	#	7	30#34	收集	地狱岩	收集方块	收集3个地狱岩			
70202	2	#	2	2	collect_task_title	set:task_and_shop.json image:collect_block	101	112	0	3	15500047#4500009#26600039#40900013#11200007#26400008	1#1#1#1#1#1	48	268	#	7	30#34	收集	地狱砖块	收集方块	收集3个地狱砖块			
70203	2	#	2	3	create_task_title	set:task_and_shop.json image:crafting	102	171	0	1	15500047#4500009#26600039#40900013#11200007#26400008	1#1#1#1#1#1	48	269	#	7	30#34	合成	白色地毯	合成	合成1个白色地毯			
70204	2	#	2	4	create_task_title	set:task_and_shop.json image:crafting	102	44	0	2	15500047#4500009#26600039#40900013#11200007#26400008	1#1#1#1#1#1	48	270	#	7	30#34	合成	砖板	合成	合成2个砖板			
70205	2	#	2	5	look_ad_task_title	set:task_and_shop.json image:look_ad	107	0	0	1	15500047#4500009#26600039#40900013#11200007#26400008	1#1#1#1#1#1	190	271	#	7	30#34	看广告		看广告	观看一则广告，轻松获取奖励			
70301	2	#	3	1	collect_task_title	set:task_and_shop.json image:collect_block	101	114	0	2	4500017#40900024#11200012#26400014#4100007#35100008#35100108#35100208#35100308#35100408#35100508#35100608#35100708#35100808#35100908#35101008#35101108#35101208#35101308#35101408#141900006	1#1#1#1#1#1#1#1#1#1#1#1#1#1#1#1#1#1#1#1#1	23	272	#	7	30#34	收集	地狱砖楼梯	收集方块	收集2个地狱砖楼梯			
70302	2	#	3	2	up_product_level_task_title	set:task_and_shop.json image:product_level	110	0	0	1	4500017#40900024#11200012#26400014#4100007#35100008#35100108#35100208#35100308#35100408#35100508#35100608#35100708#35100808#35100908#35101008#35101108#35101208#35101308#35101408#141900006	1#1#1#1#1#1#1#1#1#1#1#1#1#1#1#1#1#1#1#1#1	23	273	#	7	30#34	升级矿机		升级矿机	将任意矿机等级提升一级			
70303	2	#	3	3	kill_monster_task_title1	set:task_and_shop.json image:kill_monster	108	4002	0	3	4500017#40900024#11200012#26400014#4100007#35100008#35100108#35100208#35100308#35100408#35100508#35100608#35100708#35100808#35100908#35101008#35101108#35101208#35101308#35101408#141900006	1#1#1#1#1#1#1#1#1#1#1#1#1#1#1#1#1#1#1#1#1	23	274	#	7	30#34	杀怪	骷髅	杀怪	在矿区击杀3个骷髅			
70304	2	#	3	4	look_ad_task_title	set:task_and_shop.json image:look_ad	107	0	0	1	4500017#40900024#11200012#26400014#4100007#35100008#35100108#35100208#35100308#35100408#35100508#35100608#35100708#35100808#35100908#35101008#35101108#35101208#35101308#35101408#141900006	1#1#1#1#1#1#1#1#1#1#1#1#1#1#1#1#1#1#1#1#1	50	275	#	7	30#34	看广告		看广告	观看一则广告，轻松获取奖励			
70401	2	#	4	1	kill_player_task_title	set:task_and_shop.json image:kill_player	112	0	0	2	4500026#40900037#11200019#26400022#4100011#35100012#35100112#35100212#35100312#35100412#35100512#35100612#35100712#35100812#35100912#35101012#35101112#35101212#35101312#35101412#141900009	1#1#1#1#1#1#1#1#1#1#1#1#1#1#1#1#1#1#1#1#1	20	276	#	7	30#34	PVP		PVP	在矿区击败2个玩家			
70402	2	#	4	2	kill_monster_task_title2	set:task_and_shop.json image:kill_monster	108	4003	0	2	4500026#40900037#11200019#26400022#4100011#35100012#35100112#35100212#35100312#35100412#35100512#35100612#35100712#35100812#35100912#35101012#35101112#35101212#35101312#35101412#141900009	1#1#1#1#1#1#1#1#1#1#1#1#1#1#1#1#1#1#1#1#1	20	277	#	7	30#34	杀怪	僵尸	杀怪	在矿区击杀2个僵尸			
70403	2	#	4	3	kill_monster_task_title3	set:task_and_shop.json image:kill_monster	108	4004	0	1	4500026#40900037#11200019#26400022#4100011#35100012#35100112#35100212#35100312#35100412#35100512#35100612#35100712#35100812#35100912#35101012#35101112#35101212#35101312#35101412#141900009	1#1#1#1#1#1#1#1#1#1#1#1#1#1#1#1#1#1#1#1#1	20	278	#	7	30#34	杀怪	凋零	杀怪	在矿区击杀1个凋零			
70404	2	#	4	4	look_ad_task_title	set:task_and_shop.json image:look_ad	107	0	0	1	4500026#40900037#11200019#26400022#4100011#35100012#35100112#35100212#35100312#35100412#35100512#35100612#35100712#35100812#35100912#35101012#35101112#35101212#35101312#35101412#141900009	1#1#1#1#1#1#1#1#1#1#1#1#1#1#1#1#1#1#1#1#1	40	279	#	7	30#34	看广告		看广告	观看一则广告，轻松获取奖励			
80101	2	#	1	1	collect_task_title	set:task_and_shop.json image:collect_block	101	35	0	3	15500040#4500008#26600034#40900012#11200006#26400007	1#1#1#1#1#1	57	284	#	8	35#38	收集	白色羊毛	收集方块	收集3个白色羊毛			
80102	2	#	1	2	collect_task_title	set:task_and_shop.json image:collect_food	101	2500	0	3	15500040#4500008#26600034#40900012#11200006#26400007	1#1#1#1#1#1	57	285	#	8	35#38	收集	骨粉	收集农作物	收集3个骨粉			
80103	2	#	1	3	collect_task_title	set:task_and_shop.json image:collect_block	101	172	0	3	15500040#4500008#26600034#40900012#11200006#26400007	1#1#1#1#1#1	57	286	#	8	35#38	收集	陶瓦	收集方块	收集3个陶瓦			
80104	2	#	1	4	collect_task_title	set:task_and_shop.json image:collect_food	101	2299	0	10	15500040#4500008#26600034#40900012#11200006#26400007	1#1#1#1#1#1	57	287	#	8	35#38	收集	棉花	收集农作物	收集10个棉花			
80105	2	#	1	5	collect_task_title	set:task_and_shop.json image:collect_food	101	297	0	3	15500040#4500008#26600034#40900012#11200006#26400007	1#1#1#1#1#1	57	288	#	8	35#38	收集	面包	收集农作物	收集3个面包			
80106	2	#	1	6	create_task_title	set:task_and_shop.json image:crafting	102	108	0	2	15500040#4500008#26600034#40900012#11200006#26400007	1#1#1#1#1#1	57	289	#	8	35#38	合成	砖块楼梯	合成	合成2个砖块楼梯			
80107	2	#	1	7	create_task_title	set:task_and_shop.json image:crafting	102	156	0	3	15500040#4500008#26600034#40900012#11200006#26400007	1#1#1#1#1#1	57	290	#	8	35#38	合成	石英楼梯	合成	合成3个石英楼梯			
80201	2	#	2	1	collect_task_title	set:task_and_shop.json image:collect_block	101	87	0	3	15500056#4500011#26600047#40900016#11200008#26400010#4100005#35100005#35100105#35100205#35100305#35100405#35100505#35100605#35100705#35100805#35100905#35101005#35101105#35101205#35101305#35101405	1#1#1#1#1#1#1#1#1#1#1#1#1#1#1#1#1#1#1#1#1#1	48	291	#	8	35#38	收集	地狱岩	收集方块	收集3个地狱岩			
80202	2	#	2	2	collect_task_title	set:task_and_shop.json image:collect_block	101	112	0	3	15500056#4500011#26600047#40900016#11200008#26400010#4100005#35100005#35100105#35100205#35100305#35100405#35100505#35100605#35100705#35100805#35100905#35101005#35101105#35101205#35101305#35101405	1#1#1#1#1#1#1#1#1#1#1#1#1#1#1#1#1#1#1#1#1#1	48	292	#	8	35#38	收集	地狱砖块	收集方块	收集3个地狱砖块			
80203	2	#	2	3	create_task_title	set:task_and_shop.json image:crafting	102	171	0	1	15500056#4500011#26600047#40900016#11200008#26400010#4100005#35100005#35100105#35100205#35100305#35100405#35100505#35100605#35100705#35100805#35100905#35101005#35101105#35101205#35101305#35101405	1#1#1#1#1#1#1#1#1#1#1#1#1#1#1#1#1#1#1#1#1#1	48	293	#	8	35#38	合成	白色地毯	合成	合成1个白色地毯			
80204	2	#	2	4	create_task_title	set:task_and_shop.json image:crafting	102	44	0	2	15500056#4500011#26600047#40900016#11200008#26400010#4100005#35100005#35100105#35100205#35100305#35100405#35100505#35100605#35100705#35100805#35100905#35101005#35101105#35101205#35101305#35101405	1#1#1#1#1#1#1#1#1#1#1#1#1#1#1#1#1#1#1#1#1#1	48	294	#	8	35#38	合成	砖板	合成	合成2个砖板			
80205	2	#	2	5	look_ad_task_title	set:task_and_shop.json image:look_ad	107	0	0	1	15500056#4500011#26600047#40900016#11200008#26400010#4100005#35100005#35100105#35100205#35100305#35100405#35100505#35100605#35100705#35100805#35100905#35101005#35101105#35101205#35101305#35101405	1#1#1#1#1#1#1#1#1#1#1#1#1#1#1#1#1#1#1#1#1#1	190	295	#	8	35#38	看广告		看广告	观看一则广告，轻松获取奖励			
80301	2	#	3	1	collect_task_title	set:task_and_shop.json image:collect_block	101	114	0	2	4500020#40900029#11200015#26400017#4100009#35100009#35100109#35100209#35100309#35100409#35100509#35100609#35100709#35100809#35100909#35101009#35101109#35101209#35101309#35101409#141900007	1#1#1#1#1#1#1#1#1#1#1#1#1#1#1#1#1#1#1#1#1	23	296	#	8	35#38	收集	地狱砖楼梯	收集方块	收集2个地狱砖楼梯			
80302	2	#	3	2	up_product_level_task_title	set:task_and_shop.json image:product_level	110	0	0	1	4500020#40900029#11200015#26400017#4100009#35100009#35100109#35100209#35100309#35100409#35100509#35100609#35100709#35100809#35100909#35101009#35101109#35101209#35101309#35101409#141900007	1#1#1#1#1#1#1#1#1#1#1#1#1#1#1#1#1#1#1#1#1	23	297	#	8	35#38	升级矿机		升级矿机	将任意矿机等级提升一级			
80303	2	#	3	3	kill_monster_task_title1	set:task_and_shop.json image:kill_monster	108	4002	0	3	4500020#40900029#11200015#26400017#4100009#35100009#35100109#35100209#35100309#35100409#35100509#35100609#35100709#35100809#35100909#35101009#35101109#35101209#35101309#35101409#141900007	1#1#1#1#1#1#1#1#1#1#1#1#1#1#1#1#1#1#1#1#1	23	298	#	8	35#38	杀怪	骷髅	杀怪	在矿区击杀3个骷髅			
80304	2	#	3	4	look_ad_task_title	set:task_and_shop.json image:look_ad	107	0	0	1	4500020#40900029#11200015#26400017#4100009#35100009#35100109#35100209#35100309#35100409#35100509#35100609#35100709#35100809#35100909#35101009#35101109#35101209#35101309#35101409#141900007	1#1#1#1#1#1#1#1#1#1#1#1#1#1#1#1#1#1#1#1#1	50	299	#	8	35#38	看广告		看广告	观看一则广告，轻松获取奖励			
80401	2	#	4	1	kill_player_task_title	set:task_and_shop.json image:kill_player	112	0	0	2	4500031#40900045#11200023#26400027#4100014#35100015#35100115#35100215#35100315#35100415#35100515#35100615#35100715#35100815#35100915#35101015#35101115#35101215#35101315#35101415#141900011	1#1#1#1#1#1#1#1#1#1#1#1#1#1#1#1#1#1#1#1#1	20	300	#	8	35#38	PVP		PVP	在矿区击败2个玩家			
80402	2	#	4	2	kill_monster_task_title2	set:task_and_shop.json image:kill_monster	108	4003	0	2	4500031#40900045#11200023#26400027#4100014#35100015#35100115#35100215#35100315#35100415#35100515#35100615#35100715#35100815#35100915#35101015#35101115#35101215#35101315#35101415#141900011	1#1#1#1#1#1#1#1#1#1#1#1#1#1#1#1#1#1#1#1#1	20	301	#	8	35#38	杀怪	僵尸	杀怪	在矿区击杀2个僵尸			
80403	2	#	4	3	kill_monster_task_title3	set:task_and_shop.json image:kill_monster	108	4004	0	1	4500031#40900045#11200023#26400027#4100014#35100015#35100115#35100215#35100315#35100415#35100515#35100615#35100715#35100815#35100915#35101015#35101115#35101215#35101315#35101415#141900011	1#1#1#1#1#1#1#1#1#1#1#1#1#1#1#1#1#1#1#1#1	20	302	#	8	35#38	杀怪	凋零	杀怪	在矿区击杀1个凋零			
80404	2	#	4	4	look_ad_task_title	set:task_and_shop.json image:look_ad	107	0	0	1	4500031#40900045#11200023#26400027#4100014#35100015#35100115#35100215#35100315#35100415#35100515#35100615#35100715#35100815#35100915#35101015#35101115#35101215#35101315#35101415#141900011	1#1#1#1#1#1#1#1#1#1#1#1#1#1#1#1#1#1#1#1#1	40	303	#	8	35#38	看广告		看广告	观看一则广告，轻松获取奖励			
90101	2	#	1	1	create_task_title	set:task_and_shop.json image:crafting	102	108	0	2	15500049#4500010#26600041#40900014#11200007#26400008	1#1#1#1#1#1	57	308	#	9	39#42	合成	砖块楼梯	合成	合成2个砖块楼梯			
90102	2	#	1	2	create_task_title	set:task_and_shop.json image:crafting	102	44	0	4	15500049#4500010#26600041#40900014#11200007#26400008	1#1#1#1#1#1	57	309	#	9	39#42	合成	地狱砖板	合成	合成4个地狱砖板			
90103	2	#	1	3	collect_task_title	set:task_and_shop.json image:collect_block	101	87	0	3	15500049#4500010#26600041#40900014#11200007#26400008	1#1#1#1#1#1	57	310	#	9	39#42	收集	地狱岩	收集方块	收集3个地狱岩			
90104	2	#	1	4	collect_task_title	set:task_and_shop.json image:collect_block	101	35	0	8	15500049#4500010#26600041#40900014#11200007#26400008	1#1#1#1#1#1	57	311	#	9	39#42	收集	白色羊毛	收集方块	收集8个白色羊毛			
90105	2	#	1	5	kill_monster_task_title0	set:task_and_shop.json image:kill_monster	108	4001	0	3	15500049#4500010#26600041#40900014#11200007#26400008	1#1#1#1#1#1	57	312	#	9	39#42	杀怪	恶魂	杀怪	在矿区击杀3个恶魂			
90106	2	#	1	6	collect_task_title	set:task_and_shop.json image:collect_block	101	172	0	5	15500049#4500010#26600041#40900014#11200007#26400008	1#1#1#1#1#1	57	313	#	9	39#42	收集	陶瓦	收集方块	收集5个陶瓦			
90107	2	#	1	7	collect_task_title	set:task_and_shop.json image:collect_food	101	2500	0	5	15500049#4500010#26600041#40900014#11200007#26400008	1#1#1#1#1#1	57	314	#	9	39#42	收集	骨粉	收集农作物	收集5个骨粉			
90201	2	#	2	1	collect_task_title	set:task_and_shop.json image:collect_food	101	2297	0	10	4500014#26600057#40900020#11200010#26400012#4100006#35100006#35100106#35100206#35100306#35100406#35100506#35100606#35100706#35100806#35100906#35101006#35101106#35101206#35101306#35101406#141900005	1#1#1#1#1#1#1#1#1#1#1#1#1#1#1#1#1#1#1#1#1#1	48	315	#	9	39#42	收集	番茄	收集农作物	收集10个番茄			
90202	2	#	2	2	collect_task_title	set:task_and_shop.json image:collect_block	101	57	0	3	4500014#26600057#40900020#11200010#26400012#4100006#35100006#35100106#35100206#35100306#35100406#35100506#35100606#35100706#35100806#35100906#35101006#35101106#35101206#35101306#35101406#141900005	1#1#1#1#1#1#1#1#1#1#1#1#1#1#1#1#1#1#1#1#1#1	48	316	#	9	39#42	收集	钻石块	收集方块	收集3个钻石块			
90203	2	#	2	3	collect_task_title	set:task_and_shop.json image:collect_block	101	89	0	1	4500014#26600057#40900020#11200010#26400012#4100006#35100006#35100106#35100206#35100306#35100406#35100506#35100606#35100706#35100806#35100906#35101006#35101106#35101206#35101306#35101406#141900005	1#1#1#1#1#1#1#1#1#1#1#1#1#1#1#1#1#1#1#1#1#1	48	317	#	9	39#42	收集	萤石	收集方块	收集1个萤石			
90204	2	#	2	4	create_task_title	set:task_and_shop.json image:crafting	102	2428	0	4	4500014#26600057#40900020#11200010#26400012#4100006#35100006#35100106#35100206#35100306#35100406#35100506#35100606#35100706#35100806#35100906#35101006#35101106#35101206#35101306#35101406#141900005	1#1#1#1#1#1#1#1#1#1#1#1#1#1#1#1#1#1#1#1#1#1	48	318	#	9	39#42	合成	海晶石砖板	合成	合成4个海晶石砖板			
90205	2	#	2	5	look_ad_task_title	set:task_and_shop.json image:look_ad	107	0	0	1	4500014#26600057#40900020#11200010#26400012#4100006#35100006#35100106#35100206#35100306#35100406#35100506#35100606#35100706#35100806#35100906#35101006#35101106#35101206#35101306#35101406#141900005	1#1#1#1#1#1#1#1#1#1#1#1#1#1#1#1#1#1#1#1#1#1	190	319	#	9	39#42	看广告		看广告	观看一则广告，轻松获取奖励			
90301	2	#	3	1	collect_task_title	set:task_and_shop.json image:collect_block	101	133	0	3	4500025#40900035#11200018#26400021#4100011#35100012#35100112#35100212#35100312#35100412#35100512#35100612#35100712#35100812#35100912#35101012#35101112#35101212#35101312#35101412#141900008	1#1#1#1#1#1#1#1#1#1#1#1#1#1#1#1#1#1#1#1#1	23	320	#	9	39#42	收集	绿宝石块	收集方块	收集3个绿宝石块			
90302	2	#	3	2	create_task_title	set:task_and_shop.json image:crafting	102	2424	0	2	4500025#40900035#11200018#26400021#4100011#35100012#35100112#35100212#35100312#35100412#35100512#35100612#35100712#35100812#35100912#35101012#35101112#35101212#35101312#35101412#141900008	1#1#1#1#1#1#1#1#1#1#1#1#1#1#1#1#1#1#1#1#1	23	321	#	9	39#42	合成	海晶石砖楼梯	合成	合成2个海晶石砖楼梯			
90303	2	#	3	3	kill_monster_task_title1	set:task_and_shop.json image:kill_monster	108	4002	0	3	4500025#40900035#11200018#26400021#4100011#35100012#35100112#35100212#35100312#35100412#35100512#35100612#35100712#35100812#35100912#35101012#35101112#35101212#35101312#35101412#141900008	1#1#1#1#1#1#1#1#1#1#1#1#1#1#1#1#1#1#1#1#1	23	322	#	9	39#42	杀怪	骷髅	杀怪	在矿区击杀3个骷髅			
90304	2	#	3	4	look_ad_task_title	set:task_and_shop.json image:look_ad	107	0	0	1	4500025#40900035#11200018#26400021#4100011#35100012#35100112#35100212#35100312#35100412#35100512#35100612#35100712#35100812#35100912#35101012#35101112#35101212#35101312#35101412#141900008	1#1#1#1#1#1#1#1#1#1#1#1#1#1#1#1#1#1#1#1#1	50	323	#	9	39#42	看广告		看广告	观看一则广告，轻松获取奖励			
90401	2	#	4	1	kill_player_task_title	set:task_and_shop.json image:kill_player	112	0	0	2	4500038#40900054#11200028#26400032#4100017#35100018#35100118#35100218#35100318#35100418#35100518#35100618#35100718#35100818#35100918#35101018#35101118#35101218#35101318#35101418#141900013	1#1#1#1#1#1#1#1#1#1#1#1#1#1#1#1#1#1#1#1#1	20	324	#	9	39#42	PVP		PVP	在矿区击败2个玩家			
90402	2	#	4	2	kill_monster_task_title3	set:task_and_shop.json image:kill_monster	108	4004	0	1	4500038#40900054#11200028#26400032#4100017#35100018#35100118#35100218#35100318#35100418#35100518#35100618#35100718#35100818#35100918#35101018#35101118#35101218#35101318#35101418#141900013	1#1#1#1#1#1#1#1#1#1#1#1#1#1#1#1#1#1#1#1#1	20	325	#	9	39#42	杀怪	凋零	杀怪	在矿区击杀1个凋零			
90403	2	#	4	3	kill_monster_task_title2	set:task_and_shop.json image:kill_monster	108	4003	0	3	4500038#40900054#11200028#26400032#4100017#35100018#35100118#35100218#35100318#35100418#35100518#35100618#35100718#35100818#35100918#35101018#35101118#35101218#35101318#35101418#141900013	1#1#1#1#1#1#1#1#1#1#1#1#1#1#1#1#1#1#1#1#1	20	326	#	9	39#42	杀怪	僵尸	杀怪	在矿区击杀3个僵尸			
90404	2	#	4	4	look_ad_task_title	set:task_and_shop.json image:look_ad	107	0	0	1	4500038#40900054#11200028#26400032#4100017#35100018#35100118#35100218#35100318#35100418#35100518#35100618#35100718#35100818#35100918#35101018#35101118#35101218#35101318#35101418#141900013	1#1#1#1#1#1#1#1#1#1#1#1#1#1#1#1#1#1#1#1#1	40	327	#	9	39#42	看广告		看广告	观看一则广告，轻松获取奖励			
100101	2	#	1	1	create_task_title	set:task_and_shop.json image:crafting	102	108	0	2	15500058#4500012#26600048#40900017#11200009#26400010#4100005#35100005#35100105#35100205#35100305#35100405#35100505#35100605#35100705#35100805#35100905#35101005#35101105#35101205#35101305#35101405	1#1#1#1#1#1#1#1#1#1#1#1#1#1#1#1#1#1#1#1#1#1	57	332	#	10	44#48	合成	砖块楼梯	合成	合成2个砖块楼梯			
100102	2	#	1	2	create_task_title	set:task_and_shop.json image:crafting	102	44	0	4	15500058#4500012#26600048#40900017#11200009#26400010#4100005#35100005#35100105#35100205#35100305#35100405#35100505#35100605#35100705#35100805#35100905#35101005#35101105#35101205#35101305#35101405	1#1#1#1#1#1#1#1#1#1#1#1#1#1#1#1#1#1#1#1#1#1	57	333	#	10	44#48	合成	地狱砖板	合成	合成4个地狱砖板			
100103	2	#	1	3	collect_task_title	set:task_and_shop.json image:collect_block	101	87	0	3	15500058#4500012#26600048#40900017#11200009#26400010#4100005#35100005#35100105#35100205#35100305#35100405#35100505#35100605#35100705#35100805#35100905#35101005#35101105#35101205#35101305#35101405	1#1#1#1#1#1#1#1#1#1#1#1#1#1#1#1#1#1#1#1#1#1	57	334	#	10	44#48	收集	地狱岩	收集方块	收集3个地狱岩			
100104	2	#	1	4	collect_task_title	set:task_and_shop.json image:collect_block	101	35	0	8	15500058#4500012#26600048#40900017#11200009#26400010#4100005#35100005#35100105#35100205#35100305#35100405#35100505#35100605#35100705#35100805#35100905#35101005#35101105#35101205#35101305#35101405	1#1#1#1#1#1#1#1#1#1#1#1#1#1#1#1#1#1#1#1#1#1	57	335	#	10	44#48	收集	白色羊毛	收集方块	收集8个白色羊毛			
100105	2	#	1	5	kill_monster_task_title0	set:task_and_shop.json image:kill_monster	108	4001	0	3	15500058#4500012#26600048#40900017#11200009#26400010#4100005#35100005#35100105#35100205#35100305#35100405#35100505#35100605#35100705#35100805#35100905#35101005#35101105#35101205#35101305#35101405	1#1#1#1#1#1#1#1#1#1#1#1#1#1#1#1#1#1#1#1#1#1	57	336	#	10	44#48	杀怪	恶魂	杀怪	在矿区击杀3个恶魂			
100106	2	#	1	6	collect_task_title	set:task_and_shop.json image:collect_block	101	172	0	5	15500058#4500012#26600048#40900017#11200009#26400010#4100005#35100005#35100105#35100205#35100305#35100405#35100505#35100605#35100705#35100805#35100905#35101005#35101105#35101205#35101305#35101405	1#1#1#1#1#1#1#1#1#1#1#1#1#1#1#1#1#1#1#1#1#1	57	337	#	10	44#48	收集	陶瓦	收集方块	收集5个陶瓦			
100107	2	#	1	7	collect_task_title	set:task_and_shop.json image:collect_food	101	2500	0	5	15500058#4500012#26600048#40900017#11200009#26400010#4100005#35100005#35100105#35100205#35100305#35100405#35100505#35100605#35100705#35100805#35100905#35101005#35101105#35101205#35101305#35101405	1#1#1#1#1#1#1#1#1#1#1#1#1#1#1#1#1#1#1#1#1#1	57	338	#	10	44#48	收集	骨粉	收集农作物	收集5个骨粉			
100201	2	#	2	1	collect_task_title	set:task_and_shop.json image:collect_food	101	2297	0	10	4500016#40900024#11200012#26400014#4100007#35100008#35100108#35100208#35100308#35100408#35100508#35100608#35100708#35100808#35100908#35101008#35101108#35101208#35101308#35101408#141900006	1#1#1#1#1#1#1#1#1#1#1#1#1#1#1#1#1#1#1#1#1	48	339	#	10	44#48	收集	番茄	收集农作物	收集10个番茄			
100202	2	#	2	2	collect_task_title	set:task_and_shop.json image:collect_block	101	57	0	3	4500016#40900024#11200012#26400014#4100007#35100008#35100108#35100208#35100308#35100408#35100508#35100608#35100708#35100808#35100908#35101008#35101108#35101208#35101308#35101408#141900006	1#1#1#1#1#1#1#1#1#1#1#1#1#1#1#1#1#1#1#1#1	48	340	#	10	44#48	收集	钻石块	收集方块	收集3个钻石块			
100203	2	#	2	3	collect_task_title	set:task_and_shop.json image:collect_block	101	89	0	1	4500016#40900024#11200012#26400014#4100007#35100008#35100108#35100208#35100308#35100408#35100508#35100608#35100708#35100808#35100908#35101008#35101108#35101208#35101308#35101408#141900006	1#1#1#1#1#1#1#1#1#1#1#1#1#1#1#1#1#1#1#1#1	48	341	#	10	44#48	收集	萤石	收集方块	收集1个萤石			
100204	2	#	2	4	create_task_title	set:task_and_shop.json image:crafting	102	2428	0	4	4500016#40900024#11200012#26400014#4100007#35100008#35100108#35100208#35100308#35100408#35100508#35100608#35100708#35100808#35100908#35101008#35101108#35101208#35101308#35101408#141900006	1#1#1#1#1#1#1#1#1#1#1#1#1#1#1#1#1#1#1#1#1	48	342	#	10	44#48	合成	海晶石砖板	合成	合成4个海晶石砖板			
100205	2	#	2	5	look_ad_task_title	set:task_and_shop.json image:look_ad	107	0	0	1	4500016#40900024#11200012#26400014#4100007#35100008#35100108#35100208#35100308#35100408#35100508#35100608#35100708#35100808#35100908#35101008#35101108#35101208#35101308#35101408#141900006	1#1#1#1#1#1#1#1#1#1#1#1#1#1#1#1#1#1#1#1#1	190	343	#	10	44#48	看广告		看广告	观看一则广告，轻松获取奖励			
100301	2	#	3	1	collect_task_title	set:task_and_shop.json image:collect_block	101	133	0	3	4500029#40900042#11200022#26400025#4100013#35100014#35100114#35100214#35100314#35100414#35100514#35100614#35100714#35100814#35100914#35101014#35101114#35101214#35101314#35101414#141900010	1#1#1#1#1#1#1#1#1#1#1#1#1#1#1#1#1#1#1#1#1	23	344	#	10	44#48	收集	绿宝石块	收集方块	收集3个绿宝石块			
100302	2	#	3	2	create_task_title	set:task_and_shop.json image:crafting	102	2424	0	2	4500029#40900042#11200022#26400025#4100013#35100014#35100114#35100214#35100314#35100414#35100514#35100614#35100714#35100814#35100914#35101014#35101114#35101214#35101314#35101414#141900010	1#1#1#1#1#1#1#1#1#1#1#1#1#1#1#1#1#1#1#1#1	23	345	#	10	44#48	合成	海晶石砖楼梯	合成	合成2个海晶石砖楼梯			
100303	2	#	3	3	kill_monster_task_title1	set:task_and_shop.json image:kill_monster	108	4002	0	3	4500029#40900042#11200022#26400025#4100013#35100014#35100114#35100214#35100314#35100414#35100514#35100614#35100714#35100814#35100914#35101014#35101114#35101214#35101314#35101414#141900010	1#1#1#1#1#1#1#1#1#1#1#1#1#1#1#1#1#1#1#1#1	23	346	#	10	44#48	杀怪	骷髅	杀怪	在矿区击杀3个骷髅			
100304	2	#	3	4	look_ad_task_title	set:task_and_shop.json image:look_ad	107	0	0	1	4500029#40900042#11200022#26400025#4100013#35100014#35100114#35100214#35100314#35100414#35100514#35100614#35100714#35100814#35100914#35101014#35101114#35101214#35101314#35101414#141900010	1#1#1#1#1#1#1#1#1#1#1#1#1#1#1#1#1#1#1#1#1	50	347	#	10	44#48	看广告		看广告	观看一则广告，轻松获取奖励			
100401	2	#	4	1	kill_player_task_title	set:task_and_shop.json image:kill_player	112	0	0	2	4500045#40900064#11200034#26400038#4100020#35100021#35100121#35100221#35100321#35100421#35100521#35100621#35100721#35100821#35100921#35101021#35101121#35101221#35101321#35101421#141900016	1#1#1#1#1#1#1#1#1#1#1#1#1#1#1#1#1#1#1#1#1	20	348	#	10	44#48	PVP		PVP	在矿区击败2个玩家			
100402	2	#	4	2	kill_monster_task_title3	set:task_and_shop.json image:kill_monster	108	4004	0	1	4500045#40900064#11200034#26400038#4100020#35100021#35100121#35100221#35100321#35100421#35100521#35100621#35100721#35100821#35100921#35101021#35101121#35101221#35101321#35101421#141900016	1#1#1#1#1#1#1#1#1#1#1#1#1#1#1#1#1#1#1#1#1	20	349	#	10	44#48	杀怪	凋零	杀怪	在矿区击杀1个凋零			
100403	2	#	4	3	kill_monster_task_title2	set:task_and_shop.json image:kill_monster	108	4003	0	3	4500045#40900064#11200034#26400038#4100020#35100021#35100121#35100221#35100321#35100421#35100521#35100621#35100721#35100821#35100921#35101021#35101121#35101221#35101321#35101421#141900016	1#1#1#1#1#1#1#1#1#1#1#1#1#1#1#1#1#1#1#1#1	20	350	#	10	44#48	杀怪	僵尸	杀怪	在矿区击杀3个僵尸			
100404	2	#	4	4	look_ad_task_title	set:task_and_shop.json image:look_ad	107	0	0	1	4500045#40900064#11200034#26400038#4100020#35100021#35100121#35100221#35100321#35100421#35100521#35100621#35100721#35100821#35100921#35101021#35101121#35101221#35101321#35101421#141900016	1#1#1#1#1#1#1#1#1#1#1#1#1#1#1#1#1#1#1#1#1	40	351	#	10	44#48	看广告		看广告	观看一则广告，轻松获取奖励			
110101	2	#	1	1	create_task_title	set:task_and_shop.json image:crafting	102	108	0	2	4500013#26600055#40900019#11200010#26400011#4100006#35100006#35100106#35100206#35100306#35100406#35100506#35100606#35100706#35100806#35100906#35101006#35101106#35101206#35101306#35101406	1#1#1#1#1#1#1#1#1#1#1#1#1#1#1#1#1#1#1#1#1	57	356	#	11	49#99998	合成	砖块楼梯	合成	合成2个砖块楼梯			
110102	2	#	1	2	create_task_title	set:task_and_shop.json image:crafting	102	44	0	4	4500013#26600055#40900019#11200010#26400011#4100006#35100006#35100106#35100206#35100306#35100406#35100506#35100606#35100706#35100806#35100906#35101006#35101106#35101206#35101306#35101406	1#1#1#1#1#1#1#1#1#1#1#1#1#1#1#1#1#1#1#1#1	57	357	#	11	49#99998	合成	地狱砖板	合成	合成4个地狱砖板			
110103	2	#	1	3	collect_task_title	set:task_and_shop.json image:collect_block	101	87	0	3	4500013#26600055#40900019#11200010#26400011#4100006#35100006#35100106#35100206#35100306#35100406#35100506#35100606#35100706#35100806#35100906#35101006#35101106#35101206#35101306#35101406	1#1#1#1#1#1#1#1#1#1#1#1#1#1#1#1#1#1#1#1#1	57	358	#	11	49#99998	收集	地狱岩	收集方块	收集3个地狱岩			
110104	2	#	1	4	collect_task_title	set:task_and_shop.json image:collect_block	101	35	0	8	4500013#26600055#40900019#11200010#26400011#4100006#35100006#35100106#35100206#35100306#35100406#35100506#35100606#35100706#35100806#35100906#35101006#35101106#35101206#35101306#35101406	1#1#1#1#1#1#1#1#1#1#1#1#1#1#1#1#1#1#1#1#1	57	359	#	11	49#99998	收集	白色羊毛	收集方块	收集8个白色羊毛			
110105	2	#	1	5	kill_monster_task_title0	set:task_and_shop.json image:kill_monster	108	4001	0	3	4500013#26600055#40900019#11200010#26400011#4100006#35100006#35100106#35100206#35100306#35100406#35100506#35100606#35100706#35100806#35100906#35101006#35101106#35101206#35101306#35101406	1#1#1#1#1#1#1#1#1#1#1#1#1#1#1#1#1#1#1#1#1	57	360	#	11	49#99998	杀怪	恶魂	杀怪	在矿区击杀3个恶魂			
110106	2	#	1	6	collect_task_title	set:task_and_shop.json image:collect_block	101	172	0	5	4500013#26600055#40900019#11200010#26400011#4100006#35100006#35100106#35100206#35100306#35100406#35100506#35100606#35100706#35100806#35100906#35101006#35101106#35101206#35101306#35101406	1#1#1#1#1#1#1#1#1#1#1#1#1#1#1#1#1#1#1#1#1	57	361	#	11	49#99998	收集	陶瓦	收集方块	收集5个陶瓦			
110107	2	#	1	7	collect_task_title	set:task_and_shop.json image:collect_food	101	2500	0	5	4500013#26600055#40900019#11200010#26400011#4100006#35100006#35100106#35100206#35100306#35100406#35100506#35100606#35100706#35100806#35100906#35101006#35101106#35101206#35101306#35101406	1#1#1#1#1#1#1#1#1#1#1#1#1#1#1#1#1#1#1#1#1	57	362	#	11	49#99998	收集	骨粉	收集农作物	收集5个骨粉			
110201	2	#	2	1	collect_task_title	set:task_and_shop.json image:collect_food	101	2297	0	10	4500019#40900027#11200014#26400016#4100008#35100009#35100109#35100209#35100309#35100409#35100509#35100609#35100709#35100809#35100909#35101009#35101109#35101209#35101309#35101409#141900006	1#1#1#1#1#1#1#1#1#1#1#1#1#1#1#1#1#1#1#1#1	48	363	#	11	49#99998	收集	番茄	收集农作物	收集10个番茄			
110202	2	#	2	2	collect_task_title	set:task_and_shop.json image:collect_block	101	57	0	3	4500019#40900027#11200014#26400016#4100008#35100009#35100109#35100209#35100309#35100409#35100509#35100609#35100709#35100809#35100909#35101009#35101109#35101209#35101309#35101409#141900006	1#1#1#1#1#1#1#1#1#1#1#1#1#1#1#1#1#1#1#1#1	48	364	#	11	49#99998	收集	钻石块	收集方块	收集3个钻石块			
110203	2	#	2	3	collect_task_title	set:task_and_shop.json image:collect_block	101	89	0	1	4500019#40900027#11200014#26400016#4100008#35100009#35100109#35100209#35100309#35100409#35100509#35100609#35100709#35100809#35100909#35101009#35101109#35101209#35101309#35101409#141900006	1#1#1#1#1#1#1#1#1#1#1#1#1#1#1#1#1#1#1#1#1	48	365	#	11	49#99998	收集	萤石	收集方块	收集1个萤石			
110204	2	#	2	4	create_task_title	set:task_and_shop.json image:crafting	102	2428	0	4	4500019#40900027#11200014#26400016#4100008#35100009#35100109#35100209#35100309#35100409#35100509#35100609#35100709#35100809#35100909#35101009#35101109#35101209#35101309#35101409#141900006	1#1#1#1#1#1#1#1#1#1#1#1#1#1#1#1#1#1#1#1#1	48	366	#	11	49#99998	合成	海晶石砖板	合成	合成4个海晶石砖板			
110205	2	#	2	5	look_ad_task_title	set:task_and_shop.json image:look_ad	107	0	0	1	4500019#40900027#11200014#26400016#4100008#35100009#35100109#35100209#35100309#35100409#35100509#35100609#35100709#35100809#35100909#35101009#35101109#35101209#35101309#35101409#141900006	1#1#1#1#1#1#1#1#1#1#1#1#1#1#1#1#1#1#1#1#1	190	367	#	11	49#99998	看广告		看广告	观看一则广告，轻松获取奖励			
110301	2	#	3	1	collect_task_title	set:task_and_shop.json image:collect_block	101	133	0	3	4500033#40900048#11200025#26400028#4100015#35100016#35100116#35100216#35100316#35100416#35100516#35100616#35100716#35100816#35100916#35101016#35101116#35101216#35101316#35101416#141900012	1#1#1#1#1#1#1#1#1#1#1#1#1#1#1#1#1#1#1#1#1	23	368	#	11	49#99998	收集	绿宝石块	收集方块	收集3个绿宝石块			
110302	2	#	3	2	create_task_title	set:task_and_shop.json image:crafting	102	2424	0	2	4500033#40900048#11200025#26400028#4100015#35100016#35100116#35100216#35100316#35100416#35100516#35100616#35100716#35100816#35100916#35101016#35101116#35101216#35101316#35101416#141900012	1#1#1#1#1#1#1#1#1#1#1#1#1#1#1#1#1#1#1#1#1	23	369	#	11	49#99998	合成	海晶石砖楼梯	合成	合成2个海晶石砖楼梯			
110303	2	#	3	3	kill_monster_task_title1	set:task_and_shop.json image:kill_monster	108	4002	0	3	4500033#40900048#11200025#26400028#4100015#35100016#35100116#35100216#35100316#35100416#35100516#35100616#35100716#35100816#35100916#35101016#35101116#35101216#35101316#35101416#141900012	1#1#1#1#1#1#1#1#1#1#1#1#1#1#1#1#1#1#1#1#1	23	370	#	11	49#99998	杀怪	骷髅	杀怪	在矿区击杀3个骷髅			
110304	2	#	3	4	look_ad_task_title	set:task_and_shop.json image:look_ad	107	0	0	1	4500033#40900048#11200025#26400028#4100015#35100016#35100116#35100216#35100316#35100416#35100516#35100616#35100716#35100816#35100916#35101016#35101116#35101216#35101316#35101416#141900012	1#1#1#1#1#1#1#1#1#1#1#1#1#1#1#1#1#1#1#1#1	50	371	#	11	49#99998	看广告		看广告	观看一则广告，轻松获取奖励			
110401	2	#	4	1	kill_player_task_title	set:task_and_shop.json image:kill_player	112	0	0	2	4500052#11200039#26400044#4100023#35100024#35100124#35100224#35100324#35100424#35100524#35100624#35100724#35100824#35100924#35101024#35101124#35101224#35101324#35101424#141900018	1#1#1#1#1#1#1#1#1#1#1#1#1#1#1#1#1#1#1#1	20	372	#	11	49#99998	PVP		PVP	在矿区击败2个玩家			
110402	2	#	4	2	kill_monster_task_title3	set:task_and_shop.json image:kill_monster	108	4004	0	1	4500052#11200039#26400044#4100023#35100024#35100124#35100224#35100324#35100424#35100524#35100624#35100724#35100824#35100924#35101024#35101124#35101224#35101324#35101424#141900018	1#1#1#1#1#1#1#1#1#1#1#1#1#1#1#1#1#1#1#1	20	373	#	11	49#99998	杀怪	凋零	杀怪	在矿区击杀1个凋零			
110403	2	#	4	3	kill_monster_task_title2	set:task_and_shop.json image:kill_monster	108	4003	0	3	4500052#11200039#26400044#4100023#35100024#35100124#35100224#35100324#35100424#35100524#35100624#35100724#35100824#35100924#35101024#35101124#35101224#35101324#35101424#141900018	1#1#1#1#1#1#1#1#1#1#1#1#1#1#1#1#1#1#1#1	20	374	#	11	49#99998	杀怪	僵尸	杀怪	在矿区击杀3个僵尸			
110404	2	#	4	4	look_ad_task_title	set:task_and_shop.json image:look_ad	107	0	0	1	4500052#11200039#26400044#4100023#35100024#35100124#35100224#35100324#35100424#35100524#35100624#35100724#35100824#35100924#35101024#35101124#35101224#35101324#35101424#141900018	1#1#1#1#1#1#1#1#1#1#1#1#1#1#1#1#1#1#1#1	40	375	#	11	49#99998	看广告		看广告	观看一则广告，轻松获取奖励			
