ID	道具类型（1：道具；2：药水Buff）	死亡复活是否重复作用	道具ID	道具meta	道具数量	道具附魔属性（ID1=LV1#ID2=LV2）	药水Buff（ID1=LV1=Time1#ID2=LV2=Time1）
id	type	isRepeat	itemId	itemMeta	itemNum	enchants	effects
game.props.3	1	0	469	0	3	#	#
game.props.4	1	0	49	0	12	#	#
zhuanpan_kongdaoluandou_1zuanshigao	1	0	278	0	1	#	#
zhuanpan_kongdaoluandou_1yinjiao	1	0	309	0	1	#	#
zhuanpan_kongdaoluandou_1yinjiatou	1	0	306	0	1	#	#
zhuanpan_kongdaoluandou_5xueqiu	1	0	332	0	5	#	#
zhuanpan_kongdaoluandou_1jinjian	1	0	283	0	1	#	#
zhuanpan_baoweixueren_1daqiaodan	1	0	467	0	1	#	#
