ID	名称	资源ID	meta	数量	名称	图片	描述详情	价格	附魔ID	附魔等级
id	title	itemId	meta	num	name	image	description	price	enchantId	enchantLevel
1	无附魔黄金剑	283	0	1	SkyRoyale_gold_sword1	set:items.json image:gold_sword	SkyRoyale_gold_sword1_skill	5000	0	0
2	无限+力量	261	0	1	SkyRoyale_bow_standby1	set:items.json image:bow_standby	SkyRoyale_bow_standby1_skill	5000	51#48	1#1
3	无限+火矢	261	0	1	SkyRoyale_bow_standby2	set:items.json image:bow_standby	SkyRoyale_bow_standby2_skill	5000	51#50	1#1
4	无限+火矢+力量	261	0	1	SkyRoyale_bow_standby3	set:items.json image:bow_standby	SkyRoyale_bow_standby3_skill	10000	51#50#48	1#1#1
5	箭	262	0	10	SkyRoyale_arrow1	set:items.json image:arrow	SkyRoyale_arrow1_skill	1000	0	0
6	铁甲头	306	0	1	SkyRoyale_iron_helmet1	set:items.json image:iron_helmet	SkyRoyale_iron_helmet1_skill	1000	0	0
7	铁甲身	307	0	1	SkyRoyale_iron_chestplate1	set:items.json image:iron_chestplate	SkyRoyale_iron_chestplate1_skill	1000	0	0
8	铁甲腿	308	0	1	SkyRoyale_iron_leggings1	set:items.json image:iron_leggings	SkyRoyale_iron_leggings1_skill	1000	0	0
9	铁甲鞋	309	0	1	SkyRoyale_iron_boots1	set:items.json image:iron_boots	SkyRoyale_iron_boots1_skill	1000	0	0
