﻿ID	名字	传送点x坐标	传送点y坐标	传送点z坐标	玻璃区域起点x坐标	玻璃区域起点y坐标	玻璃区域起点z坐标	玻璃区域终点x坐标	玻璃区域终点y坐标	玻璃区域终点z坐标	复活区域起点x坐标	复活区域起点y坐标	复活区域起点z坐标	复活区域终点x坐标	复活区域终点y坐标	复活区域域终点z坐标
id	name	initPosX	initPosY	initPosZ	startX	startY	startZ	endX	endY	endZ	respawnStartX	respawnStartY	respawnStartZ	respawnEndX	respawnEndY	respawnEndZ
1	Red	65	46	445	62	44	442	70	47	450	65	23	445	67	23	447
2	Blue	127	46	383	124	44	380	132	47	388	127	23	383	129	23	385
3	Green	127	46	507	124	44	504	132	47	512	127	23	507	129	23	509
4	Yellow	189	46	445	186	44	442	194	47	450	189	23	445	191	23	447
