索引	凋零ID	队伍凋零ID	名称	凋零Actor	AI行为树配置文件	坐标X	坐标Y	坐标Z	转向	攻击力	防御系数	生命值	攻击系数	攻击间隔	攻击半径	攻击人数	击杀总奖励（现金）	全局类型（用于AttackX）
index	ID	TeamID	Name	Actor	AIFile	PosX	PosY	PosZ	Yaw	Attack	DefenseX	HP	AttackX	AttackCD	AttackDistance	AttackNum	Money	Type
1	30001	1	creepyalients_mon_name07	superwall_wither.actor	TowerAI	3	37	-62	0	30	0.75	2000	1	0.7	25	2	3000	5
2	30001	2	creepyalients_mon_name07	superwall_wither.actor	TowerAI	74	37	9	90	30	0.75	2000	1	0.7	25	2	3000	5
3	30001	3	creepyalients_mon_name07	superwall_wither.actor	TowerAI	3	37	80	180	30	0.75	2000	1	0.7	25	2	3000	5
4	30001	4	creepyalients_mon_name07	superwall_wither.actor	TowerAI	-68	37	9	270	30	0.75	2000	1	0.7	25	2	3000	5
