技能ID	技能名称（多语言）	技能介绍图片	技能介绍详情（多语言）	技能对应物品ID	技能的职业ID	技能弹道图片所属文件名	技能弹道图片名字	水平速度	下落速度	技能投掷距离	技能特效ID（0代表没特效）	技能释放CD	技能长度	技能宽度	技能高度	技能作用对象（1：自己，2：队友，3：敌人）（1#2#3代表所有都选）	技能作用人数	是否为一次性作用（0：否，1：是）	技能作用时间（秒）	技能作用CD（几秒作用一次）	技能作用类型（1：加血，2：伤害，3：加速（-500~1000），4：减免X点伤害）	技能作用数值	技能附加药水效果（0#0#0没效果）
id	name	image	desc	itemId	occupationId	atlasName	iconName	moveSpeed	dropSpeed	distance	effectId	freeCd	length	width	height	targets	effectNum	isMoment	duration	effectCd	effectType	damage	effect
1	0	0	0	283	1	throwable.json	blizzard	0	0	0	0	25	1	1	1	1	1	0	1.5	100	3	500	0#0#0
2	0	0	0	261	2	throwable.json	headshot	1	0	25	3	20	1	1	4	3	1	1	1	100	2	50	0#0#0
3	0	0	0	385	3	throwable.json	dynamic	1	0	30	9	20	8	8	4	3	100	1	1	100	2	50	0#0#0
