索引	塔ID（不能和废墟/凋零重复）	搭队伍	搭行为树	搭模型	塔坐标（x坐标）	塔坐标（y坐标）	塔坐标（z坐标）	塔转向	废墟ID（不能和塔/凋零重复）	废墟行为树	废墟模型	废墟名字	重建提示语	重建价格	防御系数	攻击力	血量	攻击距离	攻击CD	攻击数量	击中后Buff（id#lv#time）	击杀总奖励（现金）	全局类型（用于AttackX）
index	id	teamId	AIFile	actor	x	y	z	yaw	ruinsId	ruinsAIFile	ruinsActor	ruinsName	tipHint	price	defenseX	attack	hp	attackDistance	attackCd	attackCount	buff	money	type
1	10001	1	TowerAI	superwall_sentry.actor	-3	31	-29	0	20001	EmptyAI	superwall_sentry_die.actor	super.wall.ruins.name=10	super.wall.tower_rebuild.name	10	0.5	40	1500	14	0.8	1	2#2#5	3000	6
2	10001	1	TowerAI	superwall_sentry.actor	9	31	-29	0	20001	EmptyAI	superwall_sentry_die.actor	super.wall.ruins.name=10	super.wall.tower_rebuild.name	10	0.5	40	1500	14	0.8	1	2#2#5	3000	6
3	10001	2	TowerAI	superwall_sentry.actor	41	31	3	90	20001	EmptyAI	superwall_sentry_die.actor	super.wall.ruins.name=10	super.wall.tower_rebuild.name	10	0.5	40	1500	14	0.8	1	2#2#5	3000	6
4	10001	2	TowerAI	superwall_sentry.actor	41	31	15	90	20001	EmptyAI	superwall_sentry_die.actor	super.wall.ruins.name=10	super.wall.tower_rebuild.name	10	0.5	40	1500	14	0.8	1	2#2#5	3000	6
5	10001	3	TowerAI	superwall_sentry.actor	9	31	47	180	20001	EmptyAI	superwall_sentry_die.actor	super.wall.ruins.name=10	super.wall.tower_rebuild.name	10	0.5	40	1500	14	0.8	1	2#2#5	3000	6
6	10001	3	TowerAI	superwall_sentry.actor	-3	31	47	180	20001	EmptyAI	superwall_sentry_die.actor	super.wall.ruins.name=10	super.wall.tower_rebuild.name	10	0.5	40	1500	14	0.8	1	2#2#5	3000	6
7	10001	4	TowerAI	superwall_sentry.actor	-35	31	15	270	20001	EmptyAI	superwall_sentry_die.actor	super.wall.ruins.name=10	super.wall.tower_rebuild.name	10	0.5	40	1500	14	0.8	1	2#2#5	3000	6
8	10001	4	TowerAI	superwall_sentry.actor	-35	31	3	270	20001	EmptyAI	superwall_sentry_die.actor	super.wall.ruins.name=10	super.wall.tower_rebuild.name	10	0.5	40	1500	14	0.8	1	2#2#5	3000	6
