Id	Type	Name	Actor	ActorBody	ActorBodyId	Image	MatImage	GetFreeTime	NeedKey	AddIntegral	NeedIntegral	PayTip	Unnamed: 13	备注
宝箱ID	宝箱类型(1：银宝箱;2：终极宝箱)	宝箱名称	宝箱模型	宝箱模型组件	宝箱模型组件Id	宝箱图片	宝箱底部图片	获得免费宝箱时间（-1代表不给）	开启钥匙数量	开启获得积分	开启所需积分	花费钻石提示语		
Id	Type	Name	Actor	ActorBody	ActorBodyId	Image	MatImage	GetFreeTime	NeedKey	AddIntegral	NeedIntegral	PayTip		
1	1	chest.lv1.name	g1008_chest.actor	body	g1008_chest_01	set:box.json image:silver_box	set:chest_lottery.json image:chest_mat_1	-1	10	10	0	open_chest_pay_tip		黄金宝箱
2	2	chest.lv2.name	g1008_chest.actor	body	g1008_chest_02	set:box.json image:gold_box	set:chest_lottery.json image:chest_mat_3	-1	0	0	300	open_chest_pay_tip		钻石宝箱
