技能ID	技能对应物品ID	技能弹道图片所属文件名	技能弹道图片名字	水平速度	下落速度	技能距离	技能释放CD	技能长度	技能宽度	技能高度	技能作用时间（秒）	技能作用数值	备注
ID	ItemId	AtlasName	IconName	MoveSpeed	DropSpeed	Distance	FreeCd	Length	Width	Height	Duration	Damage	Remark
1	368	items.json	ender_pearl	1	3	40	1	0	0	0	0	0	末影珍珠
2	506	throwable.json	napalm	30	0	40	1	0	0	0	0	2	火焰弹
3	507	throwable.json	napalm	0	0	0	1	0	0	0	30	0	救援平台
