TipType	TipTemplateId	Notice	zh_CN	en_US	pt_BR	ru_RU	ko_KR	de_DE	fr_FR	es_ES	it_IT	in_ID	th_TH	tr_TR	vi_VN	ja_JP
枚举类型	模板说明	备注	中文	英文	葡萄牙语	俄语	韩语	德语	法语	西语	意大利语	印尼语	泰语	土耳其	越南语	日语
1008001	msgIronMoney	msgIronMoney	▢FFFF0000铁锻炉	▢FFFF0000Iron forge	▢FFFF0000Iron forge	▢FFFF0000Iron forge	▢FFFF0000Iron forge	▢FFFF0000Iron forge	▢FFFF0000Iron forge	▢FFFF0000Iron forge	▢FFFF0000Iron forge	▢FFFF0000Iron forge	▢FFFF0000Iron forge	▢FFFF0000Iron forge	▢FFFF0000Iron forge	▢FFFF0000Iron forge
1008002	EnchantMentLeftTime	禁止放方块	▢FFFF0000此区域禁止放方块！	▢FFFF0000Restricted Area	▢FFFF0000Restricted Area	▢FFFF0000Restricted Area	▢FFFF0000Restricted Area	▢FFFF0000Restricted Area	▢FFFF0000Restricted Area	▢FFFF0000Restricted Area	▢FFFF0000Restricted Area	▢FFFF0000Restricted Area	▢FFFF0000Restricted Area	▢FFFF0000Restricted Area	▢FFFF0000Restricted Area	▢FFFF0000Restricted Area
1008003	msgOutOfWorld	掉入虚空提示	%1s ▢FFFFFFFF玩家掉入了虚空	%1s ▢FFFFFFFFhave dropped into the abyss 	%1s ▢FFFFFFFFhave dropped into the abyss 	%1s ▢FFFFFFFFhave dropped into the abyss 	%1s ▢FFFFFFFFhave dropped into the abyss 	%1s ▢FFFFFFFFhave dropped into the abyss 	%1s ▢FFFFFFFFhave dropped into the abyss 	%1s ▢FFFFFFFFhave dropped into the abyss 	%1s ▢FFFFFFFFhave dropped into the abyss 	%1s ▢FFFFFFFFhave dropped into the abyss 	%1s ▢FFFFFFFFhave dropped into the abyss 	%1s ▢FFFFFFFFhave dropped into the abyss 	%1s ▢FFFFFFFFhave dropped into the abyss 	%1s ▢FFFFFFFFhave dropped into the abyss 
1008004	msgGameTip	游戏简介	▢71AE48玩法:保护你的床并摧毁敌人的床。收集铁锭、金锭，绿宝石和钻石来升级，使自身和队伍变得更强	▢71AE48Gameplay: Protect your bed and destroys your enemies beds in the process. Gather iron ingots, gold ingots, emerald and diamonds to upgrade yourself in order to make you and your team stronger.	▢71AE48Gameplay: Protect your bed and destroys your enemies beds in the process. Gather iron ingots, gold ingots, emerald and diamonds to upgrade yourself in order to make you and your team stronger.	▢71AE48Gameplay: Protect your bed and destroys your enemies beds in the process. Gather iron ingots, gold ingots, emerald and diamonds to upgrade yourself in order to make you and your team stronger.	▢71AE48Gameplay: Protect your bed and destroys your enemies beds in the process. Gather iron ingots, gold ingots, emerald and diamonds to upgrade yourself in order to make you and your team stronger.	▢71AE48Gameplay: Protect your bed and destroys your enemies beds in the process. Gather iron ingots, gold ingots, emerald and diamonds to upgrade yourself in order to make you and your team stronger.	▢71AE48Gameplay: Protect your bed and destroys your enemies beds in the process. Gather iron ingots, gold ingots, emerald and diamonds to upgrade yourself in order to make you and your team stronger.	▢71AE48Gameplay: Protect your bed and destroys your enemies beds in the process. Gather iron ingots, gold ingots, emerald and diamonds to upgrade yourself in order to make you and your team stronger.	▢71AE48Gameplay: Protect your bed and destroys your enemies beds in the process. Gather iron ingots, gold ingots, emerald and diamonds to upgrade yourself in order to make you and your team stronger.	▢71AE48Gameplay: Protect your bed and destroys your enemies beds in the process. Gather iron ingots, gold ingots, emerald and diamonds to upgrade yourself in order to make you and your team stronger.	▢71AE48Gameplay: Protect your bed and destroys your enemies beds in the process. Gather iron ingots, gold ingots, emerald and diamonds to upgrade yourself in order to make you and your team stronger.	▢71AE48Gameplay: Protect your bed and destroys your enemies beds in the process. Gather iron ingots, gold ingots, emerald and diamonds to upgrade yourself in order to make you and your team stronger.	▢71AE48Gameplay: Protect your bed and destroys your enemies beds in the process. Gather iron ingots, gold ingots, emerald and diamonds to upgrade yourself in order to make you and your team stronger.	▢71AE48Gameplay: Protect your bed and destroys your enemies beds in the process. Gather iron ingots, gold ingots, emerald and diamonds to upgrade yourself in order to make you and your team stronger.
1008005	msgKillTip	击杀显示	%1s ▢FFFFFFFF击杀了%2s	%1s ▢FFFFFFFFkilled%2s	%1s ▢FFFFFFFFkilled%2s	%1s ▢FFFFFFFFkilled%2s	%1s ▢FFFFFFFFkilled%2s	%1s ▢FFFFFFFFkilled%2s	%1s ▢FFFFFFFFkilled%2s	%1s ▢FFFFFFFFkilled%2s	%1s ▢FFFFFFFFkilled%2s	%1s ▢FFFFFFFFkilled%2s	%1s ▢FFFFFFFFkilled%2s	%1s ▢FFFFFFFFkilled%2s	%1s ▢FFFFFFFFkilled%2s	%1s ▢FFFFFFFFkilled%2s
1008006	ShopLimit	特权限购一次	▢FFFF0000特权限购一次	▢FFFF0000Can only be purchased once	▢FFFF0000Can only be purchased once	▢FFFF0000Can only be purchased once	▢FFFF0000Can only be purchased once	▢FFFF0000Can only be purchased once	▢FFFF0000Can only be purchased once	▢FFFF0000Can only be purchased once	▢FFFF0000Can only be purchased once	▢FFFF0000Can only be purchased once	▢FFFF0000Can only be purchased once	▢FFFF0000Can only be purchased once	▢FFFF0000Can only be purchased once	▢FFFF0000Can only be purchased once
1008007	msgBuySuccess	购买成功	▢FF71AE48购买成功	▢FF71AE48Purchase successful	▢FF71AE48Purchase successful	▢FF71AE48Purchase successful	▢FF71AE48Purchase successful	▢FF71AE48Purchase successful	▢FF71AE48Purchase successful	▢FF71AE48Purchase successful	▢FF71AE48Purchase successful	▢FF71AE48Purchase successful	▢FF71AE48Purchase successful	▢FF71AE48Purchase successful	▢FF71AE48Purchase successful	▢FF71AE48Purchase successful
1008008	msgEmerald	钻石点信息	等级%1s          钻石       将在%2s秒后产出	Level%1s Diamond will start generating in %2s	Level%1s Diamond will start generating in %2s	Level%1s Diamond will start generating in %2s	Level%1s Diamond will start generating in %2s	Level%1s Diamond will start generating in %2s	Level%1s Diamond will start generating in %2s	Level%1s Diamond will start generating in %2s	Level%1s Diamond will start generating in %2s	Level%1s Diamond will start generating in %2s	Level%1s Diamond will start generating in %2s	Level%1s Diamond will start generating in %2s	Level%1s Diamond will start generating in %2s	Level%1s Diamond will start generating in %2s
1008009	msgDiamond	绿宝石点信息	等级%1s          绿宝石       将在%2s秒后产出	Level%1s Emerald will start generating in %2s	Level%1s Emerald will start generating in %2s	Level%1s Emerald will start generating in %2s	Level%1s Emerald will start generating in %2s	Level%1s Emerald will start generating in %2s	Level%1s Emerald will start generating in %2s	Level%1s Emerald will start generating in %2s	Level%1s Emerald will start generating in %2s	Level%1s Emerald will start generating in %2s	Level%1s Emerald will start generating in %2s	Level%1s Emerald will start generating in %2s	Level%1s Emerald will start generating in %2s	Level%1s Emerald will start generating in %2s
1008010	msgBuyHpSpringSuc	购买温泉成功	%1s▢FFFF0000购买温泉成功	%1s▢FFFF0000Hotspring successfully purchased	%1s▢FFFF0000Hotspring successfully purchased	%1s▢FFFF0000Hotspring successfully purchased	%1s▢FFFF0000Hotspring successfully purchased	%1s▢FFFF0000Hotspring successfully purchased	%1s▢FFFF0000Hotspring successfully purchased	%1s▢FFFF0000Hotspring successfully purchased	%1s▢FFFF0000Hotspring successfully purchased	%1s▢FFFF0000Hotspring successfully purchased	%1s▢FFFF0000Hotspring successfully purchased	%1s▢FFFF0000Hotspring successfully purchased	%1s▢FFFF0000Hotspring successfully purchased	%1s▢FFFF0000Hotspring successfully purchased
1008011	msgHpSpringMax	温泉已经满级	▢FFFF0000温泉已到达最大等级	▢FFFF0000Hotspring has reached max level	▢FFFF0000Hotspring has reached max level	▢FFFF0000Hotspring has reached max level	▢FFFF0000Hotspring has reached max level	▢FFFF0000Hotspring has reached max level	▢FFFF0000Hotspring has reached max level	▢FFFF0000Hotspring has reached max level	▢FFFF0000Hotspring has reached max level	▢FFFF0000Hotspring has reached max level	▢FFFF0000Hotspring has reached max level	▢FFFF0000Hotspring has reached max level	▢FFFF0000Hotspring has reached max level	▢FFFF0000Hotspring has reached max level
1008012	msgBuyLimit	购买数量限制	▢FFFF0000购买数量已到达上限	▢FFFF0000Number of purchase have reached the max	▢FFFF0000Number of purchase have reached the max	▢FFFF0000Number of purchase have reached the max	▢FFFF0000Number of purchase have reached the max	▢FFFF0000Number of purchase have reached the max	▢FFFF0000Number of purchase have reached the max	▢FFFF0000Number of purchase have reached the max	▢FFFF0000Number of purchase have reached the max	▢FFFF0000Number of purchase have reached the max	▢FFFF0000Number of purchase have reached the max	▢FFFF0000Number of purchase have reached the max	▢FFFF0000Number of purchase have reached the max	▢FFFF0000Number of purchase have reached the max
1008013	msgIronMax	铁锻炉已经满级	▢FFFF0000铁锻炉已到达最大等级	▢FFFF0000Iron forge has reached max level	▢FFFF0000Iron forge has reached max level	▢FFFF0000Iron forge has reached max level	▢FFFF0000Iron forge has reached max level	▢FFFF0000Iron forge has reached max level	▢FFFF0000Iron forge has reached max level	▢FFFF0000Iron forge has reached max level	▢FFFF0000Iron forge has reached max level	▢FFFF0000Iron forge has reached max level	▢FFFF0000Iron forge has reached max level	▢FFFF0000Iron forge has reached max level	▢FFFF0000Iron forge has reached max level	▢FFFF0000Iron forge has reached max level
1008014	msgHotSpringLvUp	成功升级温泉	%1s▢FF71AE48成功升级温泉	%1s▢FF71AE48Hotspring has been successfully upgraded	%1s▢FF71AE48Hotspring has been successfully upgraded	%1s▢FF71AE48Hotspring has been successfully upgraded	%1s▢FF71AE48Hotspring has been successfully upgraded	%1s▢FF71AE48Hotspring has been successfully upgraded	%1s▢FF71AE48Hotspring has been successfully upgraded	%1s▢FF71AE48Hotspring has been successfully upgraded	%1s▢FF71AE48Hotspring has been successfully upgraded	%1s▢FF71AE48Hotspring has been successfully upgraded	%1s▢FF71AE48Hotspring has been successfully upgraded	%1s▢FF71AE48Hotspring has been successfully upgraded	%1s▢FF71AE48Hotspring has been successfully upgraded	%1s▢FF71AE48Hotspring has been successfully upgraded
1008015	msgEnMax	此附魔已经满级	▢FFFF0000此附魔已到达最大等级	▢FFFF0000Enchantment for this area has reached max level	▢FFFF0000Enchantment for this area has reached max level	▢FFFF0000Enchantment for this area has reached max level	▢FFFF0000Enchantment for this area has reached max level	▢FFFF0000Enchantment for this area has reached max level	▢FFFF0000Enchantment for this area has reached max level	▢FFFF0000Enchantment for this area has reached max level	▢FFFF0000Enchantment for this area has reached max level	▢FFFF0000Enchantment for this area has reached max level	▢FFFF0000Enchantment for this area has reached max level	▢FFFF0000Enchantment for this area has reached max level	▢FFFF0000Enchantment for this area has reached max level	▢FFFF0000Enchantment for this area has reached max level
1008016	equipLowerLevel	无法获得低级装备	▢FFFF0000无法获得低级装备	▢FFFF0000Unable to obtain low level equipments	▢FFFF0000Unable to obtain low level equipments	▢FFFF0000Unable to obtain low level equipments	▢FFFF0000Unable to obtain low level equipments	▢FFFF0000Unable to obtain low level equipments	▢FFFF0000Unable to obtain low level equipments	▢FFFF0000Unable to obtain low level equipments	▢FFFF0000Unable to obtain low level equipments	▢FFFF0000Unable to obtain low level equipments	▢FFFF0000Unable to obtain low level equipments	▢FFFF0000Unable to obtain low level equipments	▢FFFF0000Unable to obtain low level equipments	▢FFFF0000Unable to obtain low level equipments
1008017	msgNotUseRescue	不能放置救援床	▢FFFF0000救援平台只能在空中使用	▢FFFF0000Rescue platform can only be used in mid air.	▢FFFF0000Rescue platform can only be used in mid air.	▢FFFF0000Rescue platform can only be used in mid air.	▢FFFF0000Rescue platform can only be used in mid air.	▢FFFF0000Rescue platform can only be used in mid air.	▢FFFF0000Rescue platform can only be used in mid air.	▢FFFF0000Rescue platform can only be used in mid air.	▢FFFF0000Rescue platform can only be used in mid air.	▢FFFF0000Rescue platform can only be used in mid air.	▢FFFF0000Rescue platform can only be used in mid air.	▢FFFF0000Rescue platform can only be used in mid air.	▢FFFF0000Rescue platform can only be used in mid air.	▢FFFF0000Rescue platform can only be used in mid air.
1008018	msgNotBreakBed	不能破坏自己队伍的床	▢FFFF0000不能破坏自己队伍的床	▢FFFF0000Unable to break your team's bed	▢FFFF0000Unable to break your team's bed	▢FFFF0000Unable to break your team's bed	▢FFFF0000Unable to break your team's bed	▢FFFF0000Unable to break your team's bed	▢FFFF0000Unable to break your team's bed	▢FFFF0000Unable to break your team's bed	▢FFFF0000Unable to break your team's bed	▢FFFF0000Unable to break your team's bed	▢FFFF0000Unable to break your team's bed	▢FFFF0000Unable to break your team's bed	▢FFFF0000Unable to break your team's bed	▢FFFF0000Unable to break your team's bed
1008019	msgEnLvUp	成功升级附魔	%1s▢FF71AE48成功升级附魔	%1s▢FF71AE48Successfully upgraded the enchantment	%1s▢FF71AE48Successfully upgraded the enchantment	%1s▢FF71AE48Successfully upgraded the enchantment	%1s▢FF71AE48Successfully upgraded the enchantment	%1s▢FF71AE48Successfully upgraded the enchantment	%1s▢FF71AE48Successfully upgraded the enchantment	%1s▢FF71AE48Successfully upgraded the enchantment	%1s▢FF71AE48Successfully upgraded the enchantment	%1s▢FF71AE48Successfully upgraded the enchantment	%1s▢FF71AE48Successfully upgraded the enchantment	%1s▢FF71AE48Successfully upgraded the enchantment	%1s▢FF71AE48Successfully upgraded the enchantment	%1s▢FF71AE48Successfully upgraded the enchantment
1008020	msqMaxTool	工具最大等级	▢FFFF0000工具已到达最大等级	▢FFFF0000Tools has reached max level	▢FFFF0000Tools has reached max level	▢FFFF0000Tools has reached max level	▢FFFF0000Tools has reached max level	▢FFFF0000Tools has reached max level	▢FFFF0000Tools has reached max level	▢FFFF0000Tools has reached max level	▢FFFF0000Tools has reached max level	▢FFFF0000Tools has reached max level	▢FFFF0000Tools has reached max level	▢FFFF0000Tools has reached max level	▢FFFF0000Tools has reached max level	▢FFFF0000Tools has reached max level
1008021	msqMaxTool	只有钻石镐可以破坏	▢FFFF0000只有钻石镐可以破坏黑曜石	▢FFFF0000Obsidian can only be destroyed with a diamond pickaxe	▢FFFF0000Obsidian can only be destroyed with a diamond pickaxe	▢FFFF0000Obsidian can only be destroyed with a diamond pickaxe	▢FFFF0000Obsidian can only be destroyed with a diamond pickaxe	▢FFFF0000Obsidian can only be destroyed with a diamond pickaxe	▢FFFF0000Obsidian can only be destroyed with a diamond pickaxe	▢FFFF0000Obsidian can only be destroyed with a diamond pickaxe	▢FFFF0000Obsidian can only be destroyed with a diamond pickaxe	▢FFFF0000Obsidian can only be destroyed with a diamond pickaxe	▢FFFF0000Obsidian can only be destroyed with a diamond pickaxe	▢FFFF0000Obsidian can only be destroyed with a diamond pickaxe	▢FFFF0000Obsidian can only be destroyed with a diamond pickaxe	▢FFFF0000Obsidian can only be destroyed with a diamond pickaxe
1008022	msgBedHasBreak	床被破坏啦	▢FFFF0000您的床已被破坏了。您已无法复活	▢FFFF0000Your bed has been destroyed. You cannot be revived anymore.	▢FFFF0000Your bed has been destroyed. You cannot be revived anymore.	▢FFFF0000Your bed has been destroyed. You cannot be revived anymore.	▢FFFF0000Your bed has been destroyed. You cannot be revived anymore.	▢FFFF0000Your bed has been destroyed. You cannot be revived anymore.	▢FFFF0000Your bed has been destroyed. You cannot be revived anymore.	▢FFFF0000Your bed has been destroyed. You cannot be revived anymore.	▢FFFF0000Your bed has been destroyed. You cannot be revived anymore.	▢FFFF0000Your bed has been destroyed. You cannot be revived anymore.	▢FFFF0000Your bed has been destroyed. You cannot be revived anymore.	▢FFFF0000Your bed has been destroyed. You cannot be revived anymore.	▢FFFF0000Your bed has been destroyed. You cannot be revived anymore.	▢FFFF0000Your bed has been destroyed. You cannot be revived anymore.
1008023	msgTeamFail	团灭	%1s▢FFEEFFFF玩家全部被淘汰	%1s▢FFEEFFFFhas been wiped out.	%1s▢FFEEFFFFhas been wiped out.	%1s▢FFEEFFFFhas been wiped out.	%1s▢FFEEFFFFhas been wiped out.	%1s▢FFEEFFFFhas been wiped out.	%1s▢FFEEFFFFhas been wiped out.	%1s▢FFEEFFFFhas been wiped out.	%1s▢FFEEFFFFhas been wiped out.	%1s▢FFEEFFFFhas been wiped out.	%1s▢FFEEFFFFhas been wiped out.	%1s▢FFEEFFFFhas been wiped out.	%1s▢FFEEFFFFhas been wiped out.	%1s▢FFEEFFFFhas been wiped out.
1008024	breakBed	破坏床	%1s▢FFEEFFFF破坏了%2s▢FFEEFFFF的床,%3s▢FFEEFFFF玩家将无法复活	%1s▢FFEEFFFFdestroys%2s▢FFEEFFFF's bed,%3s▢FFEEFFFFcannot be revived anymore	%1s▢FFEEFFFFdestroys%2s▢FFEEFFFF's bed,%3s▢FFEEFFFFcannot be revived anymore	%1s▢FFEEFFFFdestroys%2s▢FFEEFFFF's bed,%3s▢FFEEFFFFcannot be revived anymore	%1s▢FFEEFFFFdestroys%2s▢FFEEFFFF's bed,%3s▢FFEEFFFFcannot be revived anymore	%1s▢FFEEFFFFdestroys%2s▢FFEEFFFF's bed,%3s▢FFEEFFFFcannot be revived anymore	%1s▢FFEEFFFFdestroys%2s▢FFEEFFFF's bed,%3s▢FFEEFFFFcannot be revived anymore	%1s▢FFEEFFFFdestroys%2s▢FFEEFFFF's bed,%3s▢FFEEFFFFcannot be revived anymore	%1s▢FFEEFFFFdestroys%2s▢FFEEFFFF's bed,%3s▢FFEEFFFFcannot be revived anymore	%1s▢FFEEFFFFdestroys%2s▢FFEEFFFF's bed,%3s▢FFEEFFFFcannot be revived anymore	%1s▢FFEEFFFFdestroys%2s▢FFEEFFFF's bed,%3s▢FFEEFFFFcannot be revived anymore	%1s▢FFEEFFFFdestroys%2s▢FFEEFFFF's bed,%3s▢FFEEFFFFcannot be revived anymore	%1s▢FFEEFFFFdestroys%2s▢FFEEFFFF's bed,%3s▢FFEEFFFFcannot be revived anymore	%1s▢FFEEFFFFdestroys%2s▢FFEEFFFF's bed,%3s▢FFEEFFFFcannot be revived anymore
1008025		开启快速搭建	▢FF71AE48已开启快速搭建功能	▢FF71AE48has activated the quick build function	▢FF71AE48has activated the quick build function	▢FF71AE48has activated the quick build function	▢FF71AE48has activated the quick build function	▢FF71AE48has activated the quick build function	▢FF71AE48has activated the quick build function	▢FF71AE48has activated the quick build function	▢FF71AE48has activated the quick build function	▢FF71AE48has activated the quick build function	▢FF71AE48has activated the quick build function	▢FF71AE48has activated the quick build function	▢FF71AE48has activated the quick build function	▢FF71AE48has activated the quick build function
1008026		关闭快速搭建	▢FFFF0000已关闭快速搭建功能	▢FFFF0000quick build function has been disabled	▢FFFF0000quick build function has been disabled	▢FFFF0000quick build function has been disabled	▢FFFF0000quick build function has been disabled	▢FFFF0000quick build function has been disabled	▢FFFF0000quick build function has been disabled	▢FFFF0000quick build function has been disabled	▢FFFF0000quick build function has been disabled	▢FFFF0000quick build function has been disabled	▢FFFF0000quick build function has been disabled	▢FFFF0000quick build function has been disabled	▢FFFF0000quick build function has been disabled	▢FFFF0000quick build function has been disabled
1008027		被推下虚空	%1s▢FFFFFFFF把▢FFFFFFFF%2s▢FFFFFFFF打下了虚空	%1s▢FFFFFFFFknocked▢FFFFFFFF%2s▢FFFFFFFFinto the abyss	%1s▢FFFFFFFFknocked▢FFFFFFFF%2s▢FFFFFFFFinto the abyss	%1s▢FFFFFFFFknocked▢FFFFFFFF%2s▢FFFFFFFFinto the abyss	%1s▢FFFFFFFFknocked▢FFFFFFFF%2s▢FFFFFFFFinto the abyss	%1s▢FFFFFFFFknocked▢FFFFFFFF%2s▢FFFFFFFFinto the abyss	%1s▢FFFFFFFFknocked▢FFFFFFFF%2s▢FFFFFFFFinto the abyss	%1s▢FFFFFFFFknocked▢FFFFFFFF%2s▢FFFFFFFFinto the abyss	%1s▢FFFFFFFFknocked▢FFFFFFFF%2s▢FFFFFFFFinto the abyss	%1s▢FFFFFFFFknocked▢FFFFFFFF%2s▢FFFFFFFFinto the abyss	%1s▢FFFFFFFFknocked▢FFFFFFFF%2s▢FFFFFFFFinto the abyss	%1s▢FFFFFFFFknocked▢FFFFFFFF%2s▢FFFFFFFFinto the abyss	%1s▢FFFFFFFFknocked▢FFFFFFFF%2s▢FFFFFFFFinto the abyss	%1s▢FFFFFFFFknocked▢FFFFFFFF%2s▢FFFFFFFFinto the abyss
1008028	msgToolNotBreakBed	不能破坏床的工具	▢FFFF0000只有工具可以破坏床	▢FFFF0000bed can only be destroyed by tools	▢FFFF0000bed can only be destroyed by tools	▢FFFF0000bed can only be destroyed by tools	▢FFFF0000bed can only be destroyed by tools	▢FFFF0000bed can only be destroyed by tools	▢FFFF0000bed can only be destroyed by tools	▢FFFF0000bed can only be destroyed by tools	▢FFFF0000bed can only be destroyed by tools	▢FFFF0000bed can only be destroyed by tools	▢FFFF0000bed can only be destroyed by tools	▢FFFF0000bed can only be destroyed by tools	▢FFFF0000bed can only be destroyed by tools	▢FFFF0000bed can only be destroyed by tools
