序号	商品类型(0-6)	商品详情	商品图片(#为默认)	商品弹出提示(#为没有)	商品ID	商品Meta	商品数量	货币ID	价格	备注
index	type	desc	image	tipDesc	id	meta	num	coinId	price	remarks
1	1	item.helmetCloth.name	#	#	298	0	1	1	2	皮革头
2	1	item.chestplateCloth.name	#	#	299	0	1	1	4	皮革衣
3	1	item.leggingsCloth.name	#	#	300	0	1	1	3	皮革裤
4	1	item.bootsCloth.name	#	#	301	0	1	1	2	皮革鞋
5	1	item.helmetChain.name	#	#	302	0	1	1	3	铁链头
6	1	item.chestplateChain.name	#	#	303	0	1	1	5	铁链衣
7	1	item.leggingsChain.name	#	#	304	0	1	1	4	铁链裤
8	1	item.bootsChain.name	#	#	305	0	1	1	3	铁链鞋
9	1	item.helmetIron.name	#	#	306	0	1	1	4	铁头
10	1	item.chestplateIron.name	#	#	307	0	1	1	7	铁衣
11	1	item.leggingsIron.name	#	#	308	0	1	1	5	铁裤
12	1	item.bootsIron.name	#	#	309	0	1	1	4	铁鞋
13	1	item.helmetGold.name	#	#	314	0	1	1	5	黄金头
14	1	item.chestplateGold.name	#	#	315	0	1	1	8	黄金衣
15	1	item.leggingsGold.name	#	#	316	0	1	1	6	黄金裤
16	1	item.bootsGold.name	#	#	317	0	1	1	5	黄金鞋
17	1	item.helmetDiamond.name	#	#	310	0	1	1	7	钻石头
18	1	item.chestplateDiamond.name	#	#	311	0	1	1	15	钻石衣
19	1	item.leggingsDiamond.name	#	#	312	0	1	1	10	钻石裤
20	1	item.bootsDiamond.name	#	#	313	0	1	1	7	钻石鞋
21	2	item.swordWood.name	#	#	268	0	1	1	2	木剑
22	2	item.swordStone.name	#	#	272	0	1	1	4	石剑
23	2	item.swordIron.name	#	#	267	0	1	1	6	铁剑
24	2	item.swordGold.name	#	#	283	0	1	1	8	金剑
25	2	item.swordDiamond.name	#	#	276	0	1	1	12	钻石剑
26	2	item.bow.name	#	#	261	0	1	1	2	弓
27	2	item.arrow.name	#	#	262	0	8	1	1	弓箭
28	2	item.snowball.name	#	#	332	0	16	1	1	雪球
29	4	item.bread.name	#	#	297	0	1	1	1	面包
30	4	item.bread.name	#	#	364	0	1	1	2	熟牛肉
31	4	item.potion_heal.name	#	#	517	0	1	1	1	回血药水
32	14	item.equipment.set.1.name	#	#	752	0	1	1	13	皮革套装
33	14	item.equipment.set.2.name	#	#	753	0	1	1	19	锁链套装
34	14	item.equipment.set.3.name	#	#	754	0	1	1	26	铁甲套装
35	14	item.equipment.set.4.name	#	#	755	0	1	1	32	黄金套装
36	14	item.equipment.set.5.name	#	#	756	0	1	1	51	钻石套装
37	13	item.helmetCloth.name	#	budokai.sell.hint=1	298	0	1	1	-1	皮革头（出售）
38	13	item.chestplateCloth.name	#	budokai.sell.hint=2	299	0	2	1	-1	皮革衣（出售）
39	13	item.leggingsCloth.name	#	budokai.sell.hint=1	300	0	1	1	-1	皮革裤（出售）
40	13	item.bootsCloth.name	#	budokai.sell.hint=1	301	0	1	1	-1	皮革鞋（出售）
41	13	item.helmetChain.name	#	budokai.sell.hint=1	302	0	1	1	-1	铁链头（出售）
42	13	item.chestplateChain.name	#	budokai.sell.hint=3	303	0	3	1	-1	铁链衣（出售）
43	13	item.leggingsChain.name	#	budokai.sell.hint=2	304	0	2	1	-1	铁链裤（出售）
44	13	item.bootsChain.name	#	budokai.sell.hint=1	305	0	1	1	-1	铁链鞋（出售）
45	13	item.helmetIron.name	#	budokai.sell.hint=2	306	0	2	1	-1	铁头（出售）
46	13	item.chestplateIron.name	#	budokai.sell.hint=4	307	0	4	1	-1	铁衣（出售）
47	13	item.leggingsIron.name	#	budokai.sell.hint=2	308	0	2	1	-1	铁裤（出售）
48	13	item.bootsIron.name	#	budokai.sell.hint=2	309	0	2	1	-1	铁鞋（出售）
49	13	item.helmetGold.name	#	budokai.sell.hint=2	314	0	2	1	-1	黄金头（出售）
50	13	item.chestplateGold.name	#	budokai.sell.hint=5	315	0	5	1	-1	黄金衣（出售）
51	13	item.leggingsGold.name	#	budokai.sell.hint=3	316	0	3	1	-1	黄金裤（出售）
52	13	item.bootsGold.name	#	budokai.sell.hint=2	317	0	2	1	-1	黄金鞋（出售）
53	13	item.helmetDiamond.name	#	budokai.sell.hint=4	310	0	4	1	-1	钻石头（出售）
54	13	item.chestplateDiamond.name	#	budokai.sell.hint=8	311	0	8	1	-1	钻石衣（出售）
55	13	item.leggingsDiamond.name	#	budokai.sell.hint=5	312	0	5	1	-1	钻石裤（出售）
56	13	item.bootsDiamond.name	#	budokai.sell.hint=4	313	0	4	1	-1	钻石鞋（出售）
57	13	item.swordWood.name	#	budokai.sell.hint=1	268	0	1	1	-1	木剑（出售）
58	13	item.swordStone.name	#	budokai.sell.hint=2	272	0	2	1	-1	石剑（出售）
59	13	item.swordIron.name	#	budokai.sell.hint=3	267	0	3	1	-1	铁剑（出售）
60	13	item.swordGold.name	#	budokai.sell.hint=4	283	0	4	1	-1	金剑（出售）
61	13	item.swordDiamond.name	#	budokai.sell.hint=6	276	0	6	1	-1	钻石剑（出售）
