段位ID（不可修改）	段位等级	段位名字	段位图片	段位描述	段位颜色	段位称号（只支持一种语言）	段位分数
id	level	name	image	desc	color	title	pkscore
1	1	budokai.segment.name.1	set:throwpot.json image:title_01	budokai.talent.segment.desc	▢FF09BB07	[Bronze]	0#100
2	2	budokai.segment.name.2	set:throwpot.json image:title_02	budokai.talent.segment.desc	▢FFBFEFFF	[Silver]	101#300
3	3	budokai.segment.name.3	set:throwpot.json image:title_03	budokai.talent.segment.desc	▢FFEEC900	[Gold]	301#800
4	4	budokai.segment.name.4	set:throwpot.json image:title_04	budokai.talent.segment.desc	▢FFD15FEE	[Gem]	801#1500
5	5	budokai.segment.name.5	set:throwpot.json image:title_05	budokai.talent.segment.desc	▢FF7FFFD4	[Diamond]	1501#2000
6	6	budokai.segment.name.6	set:throwpot.json image:title_06	budokai.talent.segment.desc.max	▢FF00FFFF	[Obsidian]	2001#99999999
