天赋ID	天赋类型	天赋等级	天赋名字（多语言）	天赋描述（多语言）	天赋图片	天赋属性	天赋下一级属性	升下一级价格
id	type	level	name	desc	image	value	nextValue	price
1	1	0	budokai.talent.attack	budokai.talent.attack.desc	set:gui_inventory_icon.json image:icon_sword	0	1	500
2	1	1	budokai.talent.attack	budokai.talent.attack.desc	set:gui_inventory_icon.json image:icon_sword	1	2	1000
3	1	2	budokai.talent.attack	budokai.talent.attack.desc	set:gui_inventory_icon.json image:icon_sword	2	3	1500
4	1	3	budokai.talent.attack	budokai.talent.attack.desc	set:gui_inventory_icon.json image:icon_sword	3	4	2000
5	1	4	budokai.talent.attack	budokai.talent.attack.desc	set:gui_inventory_icon.json image:icon_sword	4	5	2500
6	1	5	budokai.talent.attack	budokai.talent.attack.desc	set:gui_inventory_icon.json image:icon_sword	5	6	5000
7	1	6	budokai.talent.attack	budokai.talent.attack.desc	set:gui_inventory_icon.json image:icon_sword	6	7	6000
8	1	7	budokai.talent.attack	budokai.talent.attack.desc	set:gui_inventory_icon.json image:icon_sword	7	8	7000
9	1	8	budokai.talent.attack	budokai.talent.attack.desc	set:gui_inventory_icon.json image:icon_sword	8	9	8000
10	1	9	budokai.talent.attack	budokai.talent.attack.desc	set:gui_inventory_icon.json image:icon_sword	9	10	10000
11	1	10	budokai.talent.attack	budokai.talent.attack.desc	set:gui_inventory_icon.json image:icon_sword	10	10	0
12	2	0	budokai.talent.defense	budokai.talent.defense.desc	set:gui_inventory_icon.json image:icon_armor	0	1	500
13	2	1	budokai.talent.defense	budokai.talent.defense.desc	set:gui_inventory_icon.json image:icon_armor	1	2	1000
14	2	2	budokai.talent.defense	budokai.talent.defense.desc	set:gui_inventory_icon.json image:icon_armor	2	3	1500
15	2	3	budokai.talent.defense	budokai.talent.defense.desc	set:gui_inventory_icon.json image:icon_armor	3	4	2000
16	2	4	budokai.talent.defense	budokai.talent.defense.desc	set:gui_inventory_icon.json image:icon_armor	4	5	2500
17	2	5	budokai.talent.defense	budokai.talent.defense.desc	set:gui_inventory_icon.json image:icon_armor	5	6	5000
18	2	6	budokai.talent.defense	budokai.talent.defense.desc	set:gui_inventory_icon.json image:icon_armor	6	7	6000
19	2	7	budokai.talent.defense	budokai.talent.defense.desc	set:gui_inventory_icon.json image:icon_armor	7	8	7000
20	2	8	budokai.talent.defense	budokai.talent.defense.desc	set:gui_inventory_icon.json image:icon_armor	8	9	8000
21	2	9	budokai.talent.defense	budokai.talent.defense.desc	set:gui_inventory_icon.json image:icon_armor	9	10	10000
22	2	10	budokai.talent.defense	budokai.talent.defense.desc	set:gui_inventory_icon.json image:icon_armor	10	10	0
23	3	0	budokai.talent.health	budokai.talent.health.desc	set:buildwar.json image:heart	0	1	500
24	3	1	budokai.talent.health	budokai.talent.health.desc	set:buildwar.json image:heart	1	2	1000
25	3	2	budokai.talent.health	budokai.talent.health.desc	set:buildwar.json image:heart	2	3	1500
26	3	3	budokai.talent.health	budokai.talent.health.desc	set:buildwar.json image:heart	3	4	2000
27	3	4	budokai.talent.health	budokai.talent.health.desc	set:buildwar.json image:heart	4	5	2500
28	3	5	budokai.talent.health	budokai.talent.health.desc	set:buildwar.json image:heart	5	6	5000
29	3	6	budokai.talent.health	budokai.talent.health.desc	set:buildwar.json image:heart	6	7	6000
30	3	7	budokai.talent.health	budokai.talent.health.desc	set:buildwar.json image:heart	7	8	7000
31	3	8	budokai.talent.health	budokai.talent.health.desc	set:buildwar.json image:heart	8	9	8000
32	3	9	budokai.talent.health	budokai.talent.health.desc	set:buildwar.json image:heart	9	10	10000
33	3	10	budokai.talent.health	budokai.talent.health.desc	set:buildwar.json image:heart	10	10	0
