唯一标示	NPC名字	NPC模型	NPC坐标（x坐标）	NPC坐标（y坐标）	NPC坐标（z坐标）	NPC转向	NPC类型（4 or 5）	NPC标题	NPC内容
id	name	actor	x	y	z	yaw	type	title	content
1	budokai.npc.1.name	npc14.actor	397.5	8	-720.5	0	5	budokai.npc.1.title	budokai.npc.content.1#budokai.npc.content.2#budokai.npc.content.3#budokai.npc.content.4#budokai.npc.content.5
2	budokai.npc.2.name	npc05.actor	419.5	8	-720.5	0	4	budokai.npc.2.title	budokai.npc.content.6
3	budokai.npc.3.name	npc13.actor	409.5	8	-720.5	0	5	budokai.npc.3.title	budokai.npc.content.7#budokai.npc.content.8#budokai.npc.content.9
4	budokai.npc.4.name	npc14.actor	431.5	8	-720.5	0	4	budokai.npc.4.title	budokai.npc.content.10
5	budokai.npc.5.name	zombie.actor	375.5	8	-720.5	0	4	budokai.npc.5.title	budokai.npc.content.11
6	budokai.npc.6.name	npc20.actor	387.5	8	-720.5	0	4	budokai.npc.6.title	budokai.npc.content.12
7	budokai.npc.7.name	npc14.actor	337.5	8	-700.5	275	5	budokai.npc.7.title	budokai.npc.content.13#budokai.npc.content.14#budokai.npc.content.15#budokai.npc.content.16#budokai.npc.content.17
8	budokai.npc.8.name	npc14.actor	432.5	8	-680.5	90	5	budokai.npc.8.title	budokai.npc.content.18#budokai.npc.content.19#budokai.npc.content.20#budokai.npc.content.21#budokai.npc.content.22
