称号ID（不可修改）	类型（1称号，2段位）	称号颜色	称号名字（只支持一种语言）	称号物品名字（多语言）	称号图片	称号描述（多语言）	称号价格
id	type	color	title	name	image	desc	price
1	1	▢FF09BB07	*Tyro*	budokai.title.name.1	set:throwpot.json image:title_01	budokai.title.desc.1	0
2	1	▢FF54ECEF	*Shot to fame*	budokai.title.name.2	set:throwpot.json image:title_02	budokai.title.desc.2	0
3	1	▢FFCD1076	**Skilled**	budokai.title.name.3	set:throwpot.json image:title_03	budokai.title.desc.3	0
4	1	▢FFFFFB11	**Experienced** 	budokai.title.name.4	set:throwpot.json image:title_04	budokai.title.desc.4	0
5	1	▢FFC10D00	***Master*** 	budokai.title.name.5	set:throwpot.json image:title_05	budokai.title.desc.5	0
6	1	▢FFFFFF00	***NO.1*** 	budokai.title.name.6	set:throwpot.json image:title_06	budokai.title.desc.6	0
7	1	▢FF09BB07	*Knight*	budokai.title.name.7	set:throwpot.json image:title_01	budokai.title.desc.0	100
8	1	▢FF54ECEF	*Viscount*	budokai.title.name.8	set:throwpot.json image:title_02	budokai.title.desc.0	300
9	1	▢FFCD1076	**Earl**	budokai.title.name.9	set:throwpot.json image:title_03	budokai.title.desc.0	500
10	1	▢FFFFFB11	**Duke** 	budokai.title.name.10	set:throwpot.json image:title_04	budokai.title.desc.0	1000
11	1	▢FFC10D00	***Prince*** 	budokai.title.name.11	set:throwpot.json image:title_05	budokai.title.desc.0	2000
12	1	▢FFFFFF00	***King*** 	budokai.title.name.12	set:throwpot.json image:title_06	budokai.title.desc.0	5000
13	2	▢FF09BB07	[Bronze]	budokai.segment.name.1	set:throwpot.json image:title_01	budokai.segment.desc.1	-1
14	2	▢FF54ECEF	[Silver]	budokai.segment.name.2	set:throwpot.json image:title_02	budokai.segment.desc.2	-1
15	2	▢FFCD1076	[Gold]	budokai.segment.name.3	set:throwpot.json image:title_03	budokai.segment.desc.3	-1
16	2	▢FFFFFB11	[Gem]	budokai.segment.name.4	set:throwpot.json image:title_04	budokai.segment.desc.4	-1
17	2	▢FFC10D00	[Diamond]	budokai.segment.name.5	set:throwpot.json image:title_05	budokai.segment.desc.5	-1
18	2	▢FFFFFF00	[Obsidian]	budokai.segment.name.6	set:throwpot.json image:title_06	budokai.segment.desc.6	-1
