{"frames": {

"egg_big":
{
	"frame": {"x":400,"y":600,"w":100,"h":100},
	"offset": {"x":0,"y":0,"w":100,"h":100},
	"sourceSize": {"w":100,"h":100}
},
"egg_small":
{
	"frame": {"x":192,"y":0,"w":32,"h":32},
	"offset": {"x":0,"y":0,"w":32,"h":32},
	"sourceSize": {"w":32,"h":32}
},
"end_big":
{
	"frame": {"x":100,"y":100,"w":100,"h":100},
	"offset": {"x":0,"y":0,"w":100,"h":100},
	"sourceSize": {"w":100,"h":100}
},
"end_small":
{
	"frame": {"x":160,"y":0,"w":32,"h":32},
	"offset": {"x":0,"y":0,"w":32,"h":32},
	"sourceSize": {"w":32,"h":32}
},
"fire_big":
{
	"frame": {"x":400,"y":200,"w":100,"h":100},
	"offset": {"x":0,"y":0,"w":100,"h":100},
	"sourceSize": {"w":100,"h":100}
},
"fire_small":
{
	"frame": {"x":0,"y":0,"w":32,"h":32},
	"offset": {"x":0,"y":0,"w":32,"h":32},
	"sourceSize": {"w":32,"h":32}
},
"fm_arch_fire":
{
	"frame": {"x":200,"y":500,"w":100,"h":100},
	"offset": {"x":0,"y":0,"w":100,"h":100},
	"sourceSize": {"w":100,"h":100}
},
"fm_eq1":
{
	"frame": {"x":400,"y":500,"w":100,"h":100},
	"offset": {"x":0,"y":0,"w":100,"h":100},
	"sourceSize": {"w":100,"h":100}
},
"fm_eq2":
{
	"frame": {"x":300,"y":500,"w":100,"h":100},
	"offset": {"x":0,"y":0,"w":100,"h":100},
	"sourceSize": {"w":100,"h":100}
},
"fm_eq3":
{
	"frame": {"x":100,"y":500,"w":100,"h":100},
	"offset": {"x":0,"y":0,"w":100,"h":100},
	"sourceSize": {"w":100,"h":100}
},
"fm_eq4":
{
	"frame": {"x":0,"y":500,"w":100,"h":100},
	"offset": {"x":0,"y":0,"w":100,"h":100},
	"sourceSize": {"w":100,"h":100}
},
"fm_eq_fire":
{
	"frame": {"x":200,"y":400,"w":100,"h":100},
	"offset": {"x":0,"y":0,"w":100,"h":100},
	"sourceSize": {"w":100,"h":100}
},
"fm_sword1":
{
	"frame": {"x":400,"y":400,"w":100,"h":100},
	"offset": {"x":0,"y":0,"w":100,"h":100},
	"sourceSize": {"w":100,"h":100}
},
"fm_sword2":
{
	"frame": {"x":300,"y":400,"w":100,"h":100},
	"offset": {"x":0,"y":0,"w":100,"h":100},
	"sourceSize": {"w":100,"h":100}
},
"fm_sword3":
{
	"frame": {"x":0,"y":600,"w":100,"h":100},
	"offset": {"x":0,"y":0,"w":100,"h":100},
	"sourceSize": {"w":100,"h":100}
},
"fm_sword4":
{
	"frame": {"x":100,"y":600,"w":100,"h":100},
	"offset": {"x":0,"y":0,"w":100,"h":100},
	"sourceSize": {"w":100,"h":100}
},
"fm_sword_fire":
{
	"frame": {"x":200,"y":700,"w":100,"h":100},
	"offset": {"x":0,"y":0,"w":100,"h":100},
	"sourceSize": {"w":100,"h":100}
},
"fm_tool1":
{
	"frame": {"x":400,"y":700,"w":100,"h":100},
	"offset": {"x":0,"y":0,"w":100,"h":100},
	"sourceSize": {"w":100,"h":100}
},
"fm_tool2":
{
	"frame": {"x":300,"y":700,"w":100,"h":100},
	"offset": {"x":0,"y":0,"w":100,"h":100},
	"sourceSize": {"w":100,"h":100}
},
"fm_tool3":
{
	"frame": {"x":100,"y":700,"w":100,"h":100},
	"offset": {"x":0,"y":0,"w":100,"h":100},
	"sourceSize": {"w":100,"h":100}
},
"fm_tool4":
{
	"frame": {"x":0,"y":700,"w":100,"h":100},
	"offset": {"x":0,"y":0,"w":100,"h":100},
	"sourceSize": {"w":100,"h":100}
},
"goldapple_big":
{
	"frame": {"x":200,"y":600,"w":100,"h":100},
	"offset": {"x":0,"y":0,"w":100,"h":100},
	"sourceSize": {"w":100,"h":100}
},
"goldapple_small":
{
	"frame": {"x":128,"y":0,"w":32,"h":32},
	"offset": {"x":0,"y":0,"w":32,"h":32},
	"sourceSize": {"w":32,"h":32}
},
"hand_grenade":
{
	"frame": {"x":300,"y":600,"w":100,"h":100},
	"offset": {"x":0,"y":0,"w":100,"h":100},
	"sourceSize": {"w":100,"h":100}
},
"hp1":
{
	"frame": {"x":100,"y":400,"w":100,"h":100},
	"offset": {"x":0,"y":0,"w":100,"h":100},
	"sourceSize": {"w":100,"h":100}
},
"hp2":
{
	"frame": {"x":0,"y":400,"w":100,"h":100},
	"offset": {"x":0,"y":0,"w":100,"h":100},
	"sourceSize": {"w":100,"h":100}
},
"hp3":
{
	"frame": {"x":300,"y":100,"w":100,"h":100},
	"offset": {"x":0,"y":0,"w":100,"h":100},
	"sourceSize": {"w":100,"h":100}
},
"hp4":
{
	"frame": {"x":0,"y":200,"w":100,"h":100},
	"offset": {"x":0,"y":0,"w":100,"h":100},
	"sourceSize": {"w":100,"h":100}
},
"jiuyuanpingtai_big":
{
	"frame": {"x":400,"y":100,"w":100,"h":100},
	"offset": {"x":0,"y":0,"w":100,"h":100},
	"sourceSize": {"w":100,"h":100}
},
"jiuyuanpingtai_small":
{
	"frame": {"x":32,"y":0,"w":32,"h":32},
	"offset": {"x":0,"y":0,"w":32,"h":32},
	"sourceSize": {"w":32,"h":32}
},
"kuang1":
{
	"frame": {"x":0,"y":100,"w":100,"h":100},
	"offset": {"x":0,"y":0,"w":100,"h":100},
	"sourceSize": {"w":100,"h":100}
},
"kuang2":
{
	"frame": {"x":256,"y":0,"w":100,"h":100},
	"offset": {"x":0,"y":0,"w":100,"h":100},
	"sourceSize": {"w":100,"h":100}
},
"kuang3":
{
	"frame": {"x":356,"y":0,"w":100,"h":100},
	"offset": {"x":0,"y":0,"w":100,"h":100},
	"sourceSize": {"w":100,"h":100}
},
"kuang4":
{
	"frame": {"x":200,"y":100,"w":100,"h":100},
	"offset": {"x":0,"y":0,"w":100,"h":100},
	"sourceSize": {"w":100,"h":100}
},
"milk_big":
{
	"frame": {"x":100,"y":200,"w":100,"h":100},
	"offset": {"x":0,"y":0,"w":100,"h":100},
	"sourceSize": {"w":100,"h":100}
},
"milk_small":
{
	"frame": {"x":96,"y":0,"w":32,"h":32},
	"offset": {"x":0,"y":0,"w":32,"h":32},
	"sourceSize": {"w":32,"h":32}
},
"tequan_daoju":
{
	"frame": {"x":200,"y":300,"w":100,"h":100},
	"offset": {"x":0,"y":0,"w":100,"h":100},
	"sourceSize": {"w":100,"h":100}
},
"tequan_hp":
{
	"frame": {"x":400,"y":300,"w":100,"h":100},
	"offset": {"x":0,"y":0,"w":100,"h":100},
	"sourceSize": {"w":100,"h":100}
},
"tequan_jinding":
{
	"frame": {"x":300,"y":300,"w":100,"h":100},
	"offset": {"x":0,"y":0,"w":100,"h":100},
	"sourceSize": {"w":100,"h":100}
},
"tnt_big":
{
	"frame": {"x":100,"y":300,"w":100,"h":100},
	"offset": {"x":0,"y":0,"w":100,"h":100},
	"sourceSize": {"w":100,"h":100}
},
"tnt_small":
{
	"frame": {"x":64,"y":0,"w":32,"h":32},
	"offset": {"x":0,"y":0,"w":32,"h":32},
	"sourceSize": {"w":32,"h":32}
},
"tower":
{
	"frame": {"x":0,"y":300,"w":100,"h":100},
	"offset": {"x":0,"y":0,"w":100,"h":100},
	"sourceSize": {"w":100,"h":100}
},
"wall":
{
	"frame": {"x":300,"y":200,"w":100,"h":100},
	"offset": {"x":0,"y":0,"w":100,"h":100},
	"sourceSize": {"w":100,"h":100}
},
"water_big":
{
	"frame": {"x":200,"y":200,"w":100,"h":100},
	"offset": {"x":0,"y":0,"w":100,"h":100},
	"sourceSize": {"w":100,"h":100}
},
"water_small":
{
	"frame": {"x":224,"y":0,"w":32,"h":32},
	"offset": {"x":0,"y":0,"w":32,"h":32},
	"sourceSize": {"w":32,"h":32}
}},
"meta": {
	"app": "http://www.codeandweb.com/texturepacker",
	"version": "1.0",
	"image": "bedwaritem.png",
	"format": "RGBA8888",
	"size": {"w":512,"h":1024},
	"scale": "1"
}
}
