﻿索引（不能一样）	商品Id	商品所属商人(0 不限制)	商品描述	商品子Id	商品名字	商品类型	商品价格	每次购买获得的数量	商品图片	商品附魔	金币Id	限购次数
index	GoodsId	BelongMer	GoodsDesc	GoodsMetaId	GoodsName	GoodsType	GoodsPrice	Numberof	GoodsImage	GoodsFumo	CoinId	LimitCount
1	368	0	item.helmetCloth.name	0	zhengzhu	1	300	1	set:items.json image:ender_pearl	#	1	1
2	769	0	item.chestplateCloth.name	0	shoulei	1	400	1	set:items.json image:grenade_tremor	#	1	1
3	770	0	item.leggingsCloth.name	0	bingdong	1	600	1	set:items.json image:frozen_ball	#	1	1
