﻿索引	物品ID	物品等级	物品子Id	物品名字	物品图片	物品描述	物品价格	属于队伍	组Id	附魔id	附魔等级	武器伤害	限购数量
index	ItemId	ItemLv	ItemMateId	ItemName	ItemImage	ItemDesc	ItemPrice	TeamId	GroupId	FumoId	FumoLv	HitValue	LimitNumber
1	781	1	0	banqiugun	set:items.json image:baseball_stick	banqiugun_miaoshu	400	1	1	19	2	2	#
2	782	2	0	langyabang	set:items.json image:spike_stick	langyabang_miaoshu	800	1	1	19	3	4	#
3	783	3	0	jushizhu	set:items.json image:stone_pillar	jushizhu_miaoshu	0	1	1	19	5	6	#
4	781	1	0	banqiugun	set:items.json image:baseball_stick	banqiugun_miaoshu	400	2	2	19	2	2	#
5	782	2	0	langyabang	set:items.json image:spike_stick	langyabang_miaoshu	800	2	2	19	3	4	#
6	783	3	0	jushizhu	set:items.json image:stone_pillar	jushizhu_miaoshu	0	2	2	19	5	6	#
7	368	#	0	zhengzhu	set:items.json image:ender_pearl	item.helmetCloth.name	300	1	0	#	#	#	1
8	769	#	0	shoulei	set:items.json image:grenade_tremor	item.chestplateCloth.name	400	1	0	#	#	#	1
9	770	#	0	bingdong	set:items.json image:frozen_ball	item.leggingsCloth.name	1000	1	0	#	#	#	1
10	368	#	0	zhengzhu	set:items.json image:ender_pearl	item.helmetCloth.name	300	2	0	#	#	#	1
11	769	#	0	shoulei	set:items.json image:grenade_tremor	item.chestplateCloth.name	400	2	0	#	#	#	1
12	770	#	0	bingdong	set:items.json image:frozen_ball	item.leggingsCloth.name	1000	2	0	#	#	#	1
