﻿技能ID	技能对应物品ID	技能弹道图片所属文件名	技能弹道图片名字	水平速度	下落速度	技能投掷距离	技能释放CD	技能长度	技能宽度	技能高度	技能作用时间（秒）	技能作用数值	备注
ID	ItemId	AtlasName	IconName	MoveSpeed	DropSpeed	Distance	FreeCd	Length	Width	Height	Duration	Damage	Remark
1	368	items.json	ender_pearl	1	1	40	6	0	0	0	0	0	末影珍珠
2	769	items.json	grenade_tremor	1	1	40	5	3	3	3	0	15	手雷
3	770	items.json	frozen_ball	1	1	40	10	3	3	3	2	0	冰冻球
