﻿索引	特权ID	属于的商店的ID	特权图片	特权描述	特权名字	需要什么金币购买	Blockmods平台价格	Blockman平台价格	限购数量	
index	id	BindShopId	PrivilegeImage	PrivilegeDesc	PrivilegeName	CoinId	BlockmodsPrice	BlockmanPrice	Limit	
1	756	1	set:items.json image:items_increase_hp	qiangzhuang_miaoshu	all_1	1	25	25	-1	所有
2	786	1	set:items.json image:items_increase_hp	qiangzhuang_miaoshu	fangyulibao	1	10	10	-1	防具礼包
3	311	1	set:items.json image:items_increase_hp	qiangzhuang_miaoshu	zuanshijia	1	1	1	-1	钻石甲
4	276	1	set:items.json image:items_increase_hp	qiangzhuang_miaoshu	jian3	1	5	5	1	钻石剑
5	346	1	set:items.json image:fishing_rod_uncast	yugan_miaoshu	yugan	1	1	1	1	鱼竿
6	10000	1	set:jail_break.json image:jail_break_currency	tanlan_miaoshu	tanlan	1	2	2	-1	贪婪
7	784	1	set:items.json image:items_shorten_rebirth_time	chongsheng_miaoshu	chongsheng	1	3	3	1	重生
8	785	1	set:items.json image:items_increase_hp	qiangzhuang_miaoshu	qiangzhuang	1	4	4	-1	强壮
9	46	1	set:items.json image:items_increase_hp	qiangzhuang_miaoshu	TNT	1	1	1	-1	TNT
