﻿车子ID	车子模型	车子名称	车子坐标（x）	车子坐标（y）	车子坐标（z）	车子初始速度	车子叠加速度	车子轨道ID	队伍一方向	队伍二方向
ID	Actor	Name	PosX	PosY	PosZ	Speed	AddSpeed	RailRouteID	Direction1	Direction2
1	watch_yellow_car2.actor	Car1	1679.5	32	-613.5	0.001	0.001	1	0	180
2	watch_green_car2.actor	Car2	1693.5	29	-613.5	0.001	0.001	2	0	180
3	watch_orange_car2.actor	Car3	1707.5	29	-613.5	0.001	0.001	3	0	180
4	watch_yellow_car2.actor	Car1	1814.5	58	-606.5	0.001	0.001	4	90	270
5	watch_green_car2.actor	Car2	1814.5	58	-611.5	0.001	0.001	5	90	270
