体验台枪的Id	模型资源	枪械名称	体验台的x	体验台的y	体验台的z	体验台的yaw	每次可获取的数量	是否为枪械	是否为皮肤枪	购买提示语
itemId	actor	gunName	x	y	z	yaw	itemNum	isGun	isSprayPaint	buyHint
759	cs_gun_39.actor	AK-47	61.5	156	127.5	0	1	1	0	gbt.buy.exgun.hint
760	cs_gun_40.actor	AUG	61.5	156	125.5	0	1	1	0	gbt.buy.exgun.hint
761	cs_gun_41.actor	AWP	61.5	156	123.5	0	1	1	0	gbt.buy.exgun.hint
762	cs_gun_42.actor	Glock	61.5	156	121.5	0	1	1	0	gbt.buy.exgun.hint
763	cs_gun_43.actor	M4A1	61.5	156	119.5	0	1	1	0	gbt.buy.exgun.hint
764	cs_gun_44.actor	P90	61.5	156	117.5	0	1	1	0	gbt.buy.exgun.hint
765	cs_gun_45.actor	SSG	61.5	156	115.5	0	1	1	0	gbt.buy.exgun.hint
766	cs_gun_46.actor	SG	61.5	156	113.5	0	1	1	0	gbt.buy.exgun.hint
767	cs_gun_47.actor	Usp	61.5	158	126.5	0	1	1	0	gbt.buy.exgun.hint
768	cs_gun_48.actor	Uzi	61.5	158	124.5	0	1	1	0	gbt.buy.exgun.hint
437	cs_gun_36.actor	Sawn-off Shotgun	61.5	158	122.5	0	1	1	0	gbt.buy.exgun.hint
438	cs_gun_38.actor	Desert Eagle	61.5	158	120.5	0	1	1	0	gbt.buy.exgun.hint
440	cs_gun_29.actor	M1014 Shotgun	61.5	158	118.5	0	1	1	0	gbt.buy.exgun.hint
714	cs_gun_15.actor	M249	61.5	158	116.5	0	1	1	0	gbt.buy.exgun.hint
704	cs_gun_03.actor	ump	61.5	158	114.5	0	1	1	0	gbt.buy.exgun.hint
771	cs_gun_49.actor	AK47-Blood	67.5	156	133.5	-45	1	1	1	gbt.buy.exgun.hint
772	cs_gun_50.actor	AUG-Singularity	66.5	157	132.5	-45	1	1	1	gbt.buy.exgun.hint
773	cs_gun_51.actor	AWP-GUNDAM	65.5	156	131.5	-45	1	1	1	gbt.buy.exgun.hint
774	cs_gun_52.actor	glock-Shining	64.5	157	130.5	-45	1	1	1	gbt.buy.exgun.hint
775	cs_gun_53.actor	M4A1-Neon	63.5	156	129.5	-45	1	1	1	gbt.buy.exgun.hint
776	cs_gun_54.actor	P90-Skeleton	67.5	156	107.5	45	1	1	1	gbt.buy.exgun.hint
777	cs_gun_55.actor	SSG-Cerulean	66.5	157	108.5	45	1	1	1	gbt.buy.exgun.hint
778	cs_gun_56.actor	SG Blocks	65.5	156	109.5	45	1	1	1	gbt.buy.exgun.hint
779	cs_gun_57.actor	usp-Supernova	64.5	157	110.5	45	1	1	1	gbt.buy.exgun.hint
780	cs_gun_58.actor	uzi-Gradient Painting	63.5	156	111.5	45	1	1	1	gbt.buy.exgun.hint
