 	道具ID	名称	图片	属性介绍	武器类型	武器强化类型	攻击力	射程	射速	子弹ID	最大子弹数	后坐力	狙击距离	击发子弹数量	子弹偏移	攻击系数	鼠标灵敏度	价格	武器强化类型的最大值		中文备注			
id	itemId	name	image	desc	type	forgeType	attack	range	speed	bulletId	maxBullet	recoil	sniperDistance	bulletPerShoot	bulletOffset	attackX	mouseSensitivity	price	maxValue					
1	762	gui_gun_name_42	set:strike_gun.json image:gun01	gbt.gun1.type1.desc	1	1	13	30	0.3	441	20	0.2	0	1	28	0.3	0	300	10		格洛克		1	手枪
2	767	gui_gun_name_47	set:strike_gun.json image:gun02	gbt.gun2.type1.desc	1	1	17	30	0.3	441	12	0.2	0	1	24	0.14	0	300	10		usp		2	步枪
3	438	gui_gun_name_38	set:items.json image:gun38	gbt.gun3.type1.desc	1	1	46	50	0.3	441	7	0.8	0	1	20	0.55	0	400	8		沙鹰		3	狙击枪
4	437	gui_gun_name_36	set:items.json image:gun36	gbt.gun4.type1.desc	4	1	80	30	0.6	441	2	0.2	0	10	180	0.2	0	400	7		截短霰弹枪		4	散弹枪
5	440	gui_gun_name_29	set:items.json image:gun29	gbt.gun5.type1.desc	4	1	70	30	0.8	441	7	0.2	0	5	200	0.47	0	400	5		M1014霰弹枪		5	冲锋枪
6	714	gui_gun_name_15	set:items.json image:gun15	gbt.gun6.type1.desc	5	1	25	50	0.15	441	60	1.5	0	1	16	0.23	0	400	18		机关枪			
7	768	gui_gun_name_48	set:strike_gun.json image:gun10	gbt.gun7.type1.desc	5	1	16	30	0.035	441	30	1	0	1	40	0.3	0	500	12		uzi			
8	764	gui_gun_name_44	set:strike_gun.json image:gun04	gbt.gun9.type1.desc	5	1	17	30	0.075	441	50	0.8	0	1	24	0.31	0	500	13		p90			
9	759	gui_gun_name_39	set:strike_gun.json image:gun07	gbt.gun10.type1.desc	2	1	35	50	0.15	441	30	1.5	0	1	50	0.23	0	500	12		AK-47步枪			
10	763	gui_gun_name_43	set:strike_gun.json image:gun09	gbt.gun11.type1.desc	2	1	31	50	0.16	441	20	0.7	0	1	10	0.25	0	500	11		M4A1步枪			
11	766	gui_gun_name_46	set:strike_gun.json image:gun08	gbt.gun12.type1.desc	2	1	37	50	0.11	441	30	1	0	1	26	0.25	0	500	12		SG步枪			
12	760	gui_gun_name_40	set:strike_gun.json image:gun05	gbt.gun13.type1.desc	2	1	34	50	0.18	441	30	1	0	1	26	0.5	0	500	13		AUG步枪			
13	761	gui_gun_name_41	set:strike_gun.json image:gun06	gbt.gun14.type1.desc	3	1	100	500	1.2	441	10	0.2	10	1	10	0.48	0	600	40		AWP狙击枪			
14	765	gui_gun_name_45	set:strike_gun.json image:gun03	gbt.gun15.type1.desc	3	1	75	500	1.2	441	10	0.2	10	1	10	0.2	0	700	30		SSG狙击枪			
15	762	gui_gun_name_42	set:strike_gun.json image:gun01	gbt.gun1.type2.desc	1	2	13	30	0.3	441	20	0.2	0	1	28	0.3	0	300	10					
16	767	gui_gun_name_47	set:strike_gun.json image:gun02	gbt.gun2.type2.desc	1	2	17	30	0.3	441	12	0.2	0	1	24	0.14	0	300	6					
17	438	gui_gun_name_38	set:items.json image:gun38	gbt.gun3.type2.desc	1	2	46	50	0.3	441	7	0.8	0	1	20	0.55	0	400	5					
18	437	gui_gun_name_36	set:items.json image:gun36	gbt.gun4.type2.desc	4	2	80	30	0.6	441	2	0.2	0	10	180	0.2	0	200	2					
19	440	gui_gun_name_29	set:items.json image:gun29	gbt.gun5.type2.desc	4	2	70	30	0.8	441	7	0.2	0	5	200	0.47	0	300	3					
20	714	gui_gun_name_15	set:items.json image:gun15	gbt.gun6.type2.desc	5	2	25	50	0.15	441	60	1.5	0	1	16	0.23	0	300	15					
21	768	gui_gun_name_48	set:strike_gun.json image:gun10	gbt.gun7.type2.desc	5	2	16	30	0.035	441	30	1	0	1	40	0.3	0	500	10					
22	764	gui_gun_name_44	set:strike_gun.json image:gun04	gbt.gun9.type2.desc	5	2	17	30	0.075	441	50	0.8	0	1	24	0.31	0	500	25					
23	759	gui_gun_name_39	set:strike_gun.json image:gun07	gbt.gun10.type2.desc	2	2	35	50	0.15	441	30	1.5	0	1	50	0.23	0	500	15					
24	763	gui_gun_name_43	set:strike_gun.json image:gun09	gbt.gun11.type2.desc	2	2	31	50	0.16	441	20	0.7	0	1	10	0.25	0	500	10					
25	766	gui_gun_name_46	set:strike_gun.json image:gun08	gbt.gun12.type2.desc	2	2	37	50	0.11	441	30	1	0	1	26	0.25	0	500	15					
26	760	gui_gun_name_40	set:strike_gun.json image:gun05	gbt.gun13.type2.desc	2	2	34	50	0.18	441	30	1	0	1	26	0.5	0	500	15					
27	761	gui_gun_name_41	set:strike_gun.json image:gun06	gbt.gun14.type2.desc	3	2	100	500	1.2	441	10	0.2	10	1	10	0.48	0	1000	5					
28	765	gui_gun_name_45	set:strike_gun.json image:gun03	gbt.gun15.type2.desc	3	2	75	500	1.2	441	10	0.2	10	1	10	0.2	0	800	5					
29	762	gui_gun_name_42	set:strike_gun.json image:gun01	gbt.gun1.type3.desc	1	3	13	30	0.3	441	20	0.2	0	1	28	0.3	0	300	0.1					
30	767	gui_gun_name_47	set:strike_gun.json image:gun02	gbt.gun2.type3.desc	1	3	17	30	0.3	441	12	0.2	0	1	24	0.14	0	300	0.1					
31	438	gui_gun_name_38	set:items.json image:gun38	gbt.gun3.type3.desc	1	3	46	50	0.3	441	7	0.8	0	1	20	0.55	0	400	0.4					
32	437	gui_gun_name_36	set:items.json image:gun36	gbt.gun4.type3.desc	4	3	80	30	0.6	441	2	0.2	0	10	180	0.2	0	400	0.1					
33	440	gui_gun_name_29	set:items.json image:gun29	gbt.gun5.type3.desc	4	3	70	30	0.8	441	7	0.2	0	5	200	0.47	0	400	0.1					
34	714	gui_gun_name_15	set:items.json image:gun15	gbt.gun6.type3.desc	5	3	25	50	0.15	441	60	1.5	0	1	16	0.23	0	400	0.75					
35	768	gui_gun_name_48	set:strike_gun.json image:gun10	gbt.gun7.type3.desc	5	3	16	30	0.035	441	30	1	0	1	40	0.3	0	400	0.3					
36	764	gui_gun_name_44	set:strike_gun.json image:gun04	gbt.gun9.type3.desc	5	3	17	30	0.075	441	50	0.8	0	1	24	0.31	0	400	0.4					
37	759	gui_gun_name_39	set:strike_gun.json image:gun07	gbt.gun10.type3.desc	2	3	35	50	0.15	441	30	1.5	0	1	50	0.23	0	500	0.8					
38	763	gui_gun_name_43	set:strike_gun.json image:gun09	gbt.gun11.type3.desc	2	3	31	50	0.16	441	20	0.7	0	1	10	0.25	0	400	0.4					
39	766	gui_gun_name_46	set:strike_gun.json image:gun08	gbt.gun12.type3.desc	2	3	37	50	0.11	441	30	1	0	1	26	0.25	0	500	0.5					
40	760	gui_gun_name_40	set:strike_gun.json image:gun05	gbt.gun13.type3.desc	2	3	34	50	0.18	441	30	1	0	1	26	0.5	0	500	0.5					
41	761	gui_gun_name_41	set:strike_gun.json image:gun06	gbt.gun14.type3.desc	3	3	100	500	1.2	441	10	0.2	10	1	10	0.48	0	600	0.2					
42	765	gui_gun_name_45	set:strike_gun.json image:gun03	gbt.gun15.type3.desc	3	3	75	500	1.2	441	10	0.2	10	1	10	0.2	0	500	0.2					
