NPC_ID	NPC模型	NPC名称（多语言）	NPC（x坐标）	NPC（y坐标）	NPC（z坐标）	NPC转向	游戏类型ID	对话提示语（多语言）	队伍一名称	队伍模型一名称	队伍二名称	队伍模型二名称
id	actor	name	x	y	z	yaw	gameType	hint	campName1	actorName1	campName2	actorName2
1	npc05.actor	Strike NPC	78	155	133	180	g1033	Strike Battle	gbt.strike.team.1	boy1033.actor	gbt.strike.team.2	boy1033_OTHER.actor
2	npc05.actor	Strike NPC	91	155	120	90	g1033	Strike Battle	gbt.strike.team.1	boy1033.actor	gbt.strike.team.2	boy1033_OTHER.actor
3	npc05.actor	Strike NPC	78	155	107	0	g1033	Strike Battle	gbt.strike.team.1	boy1033.actor	gbt.strike.team.2	boy1033_OTHER.actor
4	npc05.actor	Strike NPC	66	155	115	-90	g1033	Strike Battle	gbt.strike.team.1	boy1033.actor	gbt.strike.team.2	boy1033_OTHER.actor
