装扮id	装扮名称	装扮图标	装扮介绍	装扮价格	装扮Actor	装扮类型（2蓝,1红）	装扮Id
id	name	image	desc	price	actor	type	clothingId
200	SpecialClothing_name_3.name	set:items.json image:keyToDoor	SpecialClothing.type3.desc	0	boy1033.actor	1	1
201	SpecialClothing_name_4.name	set:items.json image:keyToDoor	SpecialClothing.type4.desc	0	boy1033_OTHER.actor	2	2
200	SpecialClothing_name_1.name	set:items.json image:keyToDoor	SpecialClothing.type1.desc	35000	boy10331.actor	1	3
201	SpecialClothing_name_2.name	set:items.json image:keyToDoor	SpecialClothing.type2.desc	35000	boy1033_OTHER1.actor	2	4
