喷漆Id	枪Id	原枪Id	喷漆名称	喷漆图标	喷漆介绍	喷漆价格	武器类型	攻击力	射程	射速	子弹ID	最大子弹数	后坐力	狙击距离	击发子弹数量	子弹偏移	攻击系数	鼠标灵敏度
sprayPaintId	itemId	initialItemId	name	image	desc	price	type	attack	range	speed	bulletId	maxBullet	recoil	sniperDistance	bulletPerShoot	bulletOffset	attackX	mouseSensitivity
91	771	759	spraypaint_gun_name_1	set:strike_gun.json image:gun17	spraypaint.gun.type1	25000	2	35	50	0.15	442	30	1.5	0	1	50	0.31	0
92	759	759	gui_gun_name_39	set:strike_gun.json image:gun07	gbt.gun10.type1c	0	2	35	50	0.15	442	30	1.5	0	1	50	0.31	0
93	772	760	spraypaint_gun_name_2	set:strike_gun.json image:gun15	spraypaint.gun.type2	25000	2	42	50	0.18	442	30	1	0	1	26	0.48	0
94	760	760	gui_gun_name_40	set:strike_gun.json image:gun05	gbt.gun13.type1c	0	2	42	50	0.18	442	30	1	0	1	26	0.48	0
95	773	761	spraypaint_gun_name_3	set:strike_gun.json image:gun16	spraypaint.gun.type3	25000	3	110	500	1.2	446	10	0.2	10	1	10	5.88	0
96	761	761	gui_gun_name_41	set:strike_gun.json image:gun06	gbt.gun14.type1c	0	3	110	500	1.2	446	10	0.2	10	1	10	5.88	0
97	774	762	spraypaint_gun_name_4	set:strike_gun.json image:gun11	spraypaint.gun.type4	25000	1	18	30	0.3	441	20	0.2	0	1	28	0.3	0
98	762	762	gui_gun_name_42	set:strike_gun.json image:gun01	gbt.gun1.type2c	0	1	18	30	0.3	441	20	0.2	0	1	28	0.3	0
99	775	763	spraypaint_gun_name_5	set:strike_gun.json image:gun19	spraypaint.gun.type5	25000	2	35	50	0.16	442	20	0.7	0	1	10	2	0
100	763	763	gui_gun_name_43	set:strike_gun.json image:gun09	gbt.gun11.type1c	0	2	35	50	0.16	442	20	0.7	0	1	10	2	0
101	776	764	spraypaint_gun_name_6	set:strike_gun.json image:gun14	spraypaint.gun.type6	25000	5	25	30	0.075	443	50	0.8	0	1	24	0.2	0
102	764	764	gui_gun_name_44	set:strike_gun.json image:gun04	gbt.gun9.type1c	0	5	25	30	0.075	443	50	0.8	0	1	24	0.2	0
103	777	765	spraypaint_gun_name_7	set:strike_gun.json image:gun13	spraypaint.gun.type7	25000	3	80	500	1.2	446	10	0.2	10	1	10	9.2	0
104	765	765	gui_gun_name_45	set:strike_gun.json image:gun03	gbt.gun15.type1c	0	3	80	500	1.2	446	10	0.2	10	1	10	9.2	0
105	778	766	spraypaint_gun_name_8	set:strike_gun.json image:gun18	spraypaint.gun.type8	25000	2	42	50	0.11	442	30	1	0	1	26	0.28	0
106	766	766	gui_gun_name_46	set:strike_gun.json image:gun08	gbt.gun12.type1c	0	2	42	50	0.11	442	30	1	0	1	26	0.28	0
107	779	767	spraypaint_gun_name_9	set:strike_gun.json image:gun12	spraypaint.gun.type9	25000	1	15	30	0.3	441	12	0.2	0	1	24	0.14	0
108	767	767	gui_gun_name_47	set:strike_gun.json image:gun02	gbt.gun2.type1c	0	1	15	30	0.3	441	12	0.2	0	1	24	0.14	0
109	780	768	spraypaint_gun_name_10	set:strike_gun.json image:gun20	spraypaint.gun.type10	25000	5	24	30	0.035	443	30	1	0	1	40	0.55	0
110	768	768	gui_gun_name_48	set:strike_gun.json image:gun10	gbt.gun7.type1c	0	5	24	30	0.035	443	30	1	0	1	40	0.55	0
