表头索引	职业ID(1-6)	职业等级	职业名称	职业选择图片	职业描述	职业姓名板标示	职业部件	职业背包标示	职业血量	职业伤害	职业防御系数	防御力数字	职业(选择/升级)价格	职业切换价格	击杀金币奖励	死亡金币补助	击杀物品奖励	击杀物品奖励数量	职业全局类型	职业叠加移动速度	血量自动回复
index	id	level	name	image	content	displayName	actors	inventoryId	health	attack	defenseX	defense	price	togglePrice	goldOfKill	goldOfCompensation	itemIdOfKill	itemNumOfKill	type	speed	regeneratesHP
1	1	0	super.wall.pirate	set:superwall.json image:thief	super.wall.pirate.describe	▢FF436EEEPirate LV 1▥	custom_hair=33#clothes_tops=52#clothes_pants=52#custom_shoes=21	1001	300	10	0.2	1	800	80	160	250	274	1	2	250	20
2	1	1	super.wall.pirate	set:superwall.json image:thief	super.wall.pirate.describe	▢FF436EEEPirate LV 1▥	custom_hair=33#clothes_tops=52#clothes_pants=52#custom_shoes=21	1001	225	40	0.2	17	1500	80	160	250	274	1	2	250	20
3	1	2	super.wall.pirate	set:superwall.json image:thief	super.wall.pirate.describe	▢FF436EEEPirate LV 2▥	custom_hair=33#clothes_tops=52#clothes_pants=52#custom_shoes=21	1001	300	55	0.2	28	2600	230	270	415	257	1	2	250	20
4	1	3	super.wall.pirate	set:superwall.json image:thief	super.wall.pirate.describe	▢FF436EEEPirate LV 3▥	custom_hair=33#clothes_tops=52#clothes_pants=52#custom_shoes=21	1001	353	68	0.2	38	6000	490	380	540	285	1	2	250	20
5	1	4	super.wall.pirate	set:superwall.json image:thief	super.wall.pirate.describe	▢FF436EEEPirate LV 4▥	custom_hair=33#clothes_tops=52#clothes_pants=52#custom_shoes=21	1001	393	80	0.2	43	12000	1090	450	550	278	1	2	250	20
6	1	5	super.wall.pirate	set:superwall.json image:thief	super.wall.pirate.describe	▢FF436EEEPirate LV 5▥	custom_hair=33#clothes_tops=52#clothes_pants=52#custom_shoes=21	1001	480	125	0.2	50	0	2290	600	580	10000	0	2	250	20
7	2	0	super.wall.hunter	set:superwall.json image:hunter	super.wall.hunter.describe	▢FF00CD00Hunter LV 1▥	custom_shoes=21#clothes_tops=51#custom_hair=32	1002	300	10	0.2	1	800	80	160	250	274	1	3	125	20
8	2	1	super.wall.hunter	set:superwall.json image:hunter	super.wall.hunter.describe	▢FF00CD00Hunter LV 1▥	custom_shoes=21#clothes_tops=51#custom_hair=32	1002	200	50	0.2	2	1500	80	160	250	274	1	3	125	20
9	2	2	super.wall.hunter	set:superwall.json image:hunter	super.wall.hunter.describe	▢FF00CD00Hunter LV 2▥	custom_shoes=21#clothes_tops=51#custom_hair=32	1002	255	65	0.2	18	2600	230	270	415	257	1	3	125	20
10	2	3	super.wall.hunter	set:superwall.json image:hunter	super.wall.hunter.describe	▢FF00CD00Hunter LV 3▥	custom_shoes=21#clothes_tops=51#custom_hair=32	1002	283	85	0.2	25	6000	490	380	540	285	1	3	125	20
11	2	4	super.wall.hunter	set:superwall.json image:hunter	super.wall.hunter.describe	▢FF00CD00Hunter LV 4▥	custom_shoes=21#clothes_tops=51#custom_hair=32	1002	300	105	0.2	29	12000	1090	450	550	278	1	3	125	20
12	2	5	super.wall.hunter	set:superwall.json image:hunter	super.wall.hunter.describe	▢FF00CD00Hunter LV 5▥	custom_shoes=21#clothes_tops=51#custom_hair=32	1002	400	150	0.2	30	0	2290	600	580	10000	0	3	125	20
13	3	0	super.wall.bomberman	set:superwall.json image:bomb	super.wall.bomberman.describe	▢FFC0FF3EBomberman LV 1▥	clothes_tops=50#clothes_pants=50#custom_glasses=4#custom_wing=12#custom_shoes=21	1003	300	10	0.2	1	800	80	160	250	274	1	4	50	20
14	3	1	super.wall.bomberman	set:superwall.json image:bomb	super.wall.bomberman.describe	▢FFC0FF3EBomberman LV 1▥	clothes_tops=50#clothes_pants=50#custom_glasses=4#custom_wing=12#custom_shoes=21	1003	200	45	0.2	7	1500	80	160	250	274	1	4	50	20
15	3	2	super.wall.bomberman	set:superwall.json image:bomb	super.wall.bomberman.describe	▢FFC0FF3EBomberman LV 2▥	clothes_tops=50#clothes_pants=50#custom_glasses=4#custom_wing=12#custom_shoes=21	1003	275	60	0.2	22	2600	230	270	415	257	1	4	50	20
16	3	3	super.wall.bomberman	set:superwall.json image:bomb	super.wall.bomberman.describe	▢FFC0FF3EBomberman LV 3▥	clothes_tops=50#clothes_pants=50#custom_glasses=4#custom_wing=12#custom_shoes=21	1003	328	73	0.2	31	6000	490	380	540	285	1	4	50	20
17	3	4	super.wall.bomberman	set:superwall.json image:bomb	super.wall.bomberman.describe	▢FFC0FF3EBomberman LV 4▥	clothes_tops=50#clothes_pants=50#custom_glasses=4#custom_wing=12#custom_shoes=21	1003	380	83	0.2	35	12000	1090	450	550	278	1	4	50	20
18	3	5	super.wall.bomberman	set:superwall.json image:bomb	super.wall.bomberman.describe	▢FFC0FF3EBomberman LV 5▥	clothes_tops=50#clothes_pants=50#custom_glasses=4#custom_wing=12#custom_shoes=21	1003	465	130	0.2	40	0	2290	600	580	10000	0	4	50	20
