{
    "frames": {
        "build_pri2_1": {
            "frame": {
                "y": 192, 
                "x": 0, 
                "w": 64, 
                "h": 64
            }, 
            "sourceSize": {
                "h": 64, 
                "w": 64
            }, 
            "offset": {
                "y": 0, 
                "x": 0, 
                "w": 64, 
                "h": 64
            }
        }, 
        "sword_red": {
            "frame": {
                "y": 320, 
                "x": 163, 
                "w": 99, 
                "h": 93
            }, 
            "sourceSize": {
                "h": 93, 
                "w": 99
            }, 
            "offset": {
                "y": 0, 
                "x": 0, 
                "w": 99, 
                "h": 93
            }
        }, 
        "build_pri2_2": {
            "frame": {
                "y": 192, 
                "x": 128, 
                "w": 64, 
                "h": 64
            }, 
            "sourceSize": {
                "h": 64, 
                "w": 64
            }, 
            "offset": {
                "y": 0, 
                "x": 0, 
                "w": 64, 
                "h": 64
            }
        }, 
        "plante_tree": {
            "frame": {
                "y": 494, 
                "x": 0, 
                "w": 109, 
                "h": 81
            }, 
            "sourceSize": {
                "h": 81, 
                "w": 109
            }, 
            "offset": {
                "y": 0, 
                "x": 0, 
                "w": 109, 
                "h": 81
            }
        }, 
        "res_pri2": {
            "frame": {
                "y": 128, 
                "x": 64, 
                "w": 64, 
                "h": 64
            }, 
            "sourceSize": {
                "h": 64, 
                "w": 64
            }, 
            "offset": {
                "y": 0, 
                "x": 0, 
                "w": 64, 
                "h": 64
            }
        }, 
        "build_pri3_1": {
            "frame": {
                "y": 256, 
                "x": 192, 
                "w": 64, 
                "h": 64
            }, 
            "sourceSize": {
                "h": 64, 
                "w": 64
            }, 
            "offset": {
                "y": 0, 
                "x": 0, 
                "w": 64, 
                "h": 64
            }
        }, 
        "crown_pri1": {
            "frame": {
                "y": 320, 
                "x": 0, 
                "w": 64, 
                "h": 64
            }, 
            "sourceSize": {
                "h": 64, 
                "w": 64
            }, 
            "offset": {
                "y": 0, 
                "x": 0, 
                "w": 64, 
                "h": 64
            }
        }, 
        "sword_gold": {
            "frame": {
                "y": 320, 
                "x": 262, 
                "w": 99, 
                "h": 93
            }, 
            "sourceSize": {
                "h": 93, 
                "w": 99
            }, 
            "offset": {
                "y": 0, 
                "x": 0, 
                "w": 99, 
                "h": 93
            }
        }, 
        "vip_pri1": {
            "frame": {
                "y": 0, 
                "x": 448, 
                "w": 64, 
                "h": 64
            }, 
            "sourceSize": {
                "h": 64, 
                "w": 64
            }, 
            "offset": {
                "y": 0, 
                "x": 0, 
                "w": 64, 
                "h": 64
            }
        }, 
        "collect_food": {
            "frame": {
                "y": 575, 
                "x": 327, 
                "w": 109, 
                "h": 81
            }, 
            "sourceSize": {
                "h": 81, 
                "w": 109
            }, 
            "offset": {
                "y": 0, 
                "x": 0, 
                "w": 109, 
                "h": 81
            }
        }, 
        "build_pri1_2": {
            "frame": {
                "y": 256, 
                "x": 64, 
                "w": 64, 
                "h": 64
            }, 
            "sourceSize": {
                "h": 64, 
                "w": 64
            }, 
            "offset": {
                "y": 0, 
                "x": 0, 
                "w": 64, 
                "h": 64
            }
        }, 
        "build_pri1_3": {
            "frame": {
                "y": 192, 
                "x": 448, 
                "w": 64, 
                "h": 64
            }, 
            "sourceSize": {
                "h": 64, 
                "w": 64
            }, 
            "offset": {
                "y": 0, 
                "x": 0, 
                "w": 64, 
                "h": 64
            }
        }, 
        "g1048_shoes_red": {
            "frame": {
                "y": 0, 
                "x": 320, 
                "w": 64, 
                "h": 64
            }, 
            "sourceSize": {
                "h": 64, 
                "w": 64
            }, 
            "offset": {
                "y": 0, 
                "x": 0, 
                "w": 64, 
                "h": 64
            }
        }, 
        "build_pri1_1": {
            "frame": {
                "y": 256, 
                "x": 128, 
                "w": 64, 
                "h": 64
            }, 
            "sourceSize": {
                "h": 64, 
                "w": 64
            }, 
            "offset": {
                "y": 0, 
                "x": 0, 
                "w": 64, 
                "h": 64
            }
        }, 
        "product_level": {
            "frame": {
                "y": 413, 
                "x": 327, 
                "w": 109, 
                "h": 81
            }, 
            "sourceSize": {
                "h": 81, 
                "w": 109
            }, 
            "offset": {
                "y": 0, 
                "x": 0, 
                "w": 109, 
                "h": 81
            }
        }, 
        "kill_player": {
            "frame": {
                "y": 320, 
                "x": 361, 
                "w": 109, 
                "h": 81
            }, 
            "sourceSize": {
                "h": 81, 
                "w": 109
            }, 
            "offset": {
                "y": 0, 
                "x": 0, 
                "w": 109, 
                "h": 81
            }
        }, 
        "auto_stone": {
            "frame": {
                "y": 413, 
                "x": 0, 
                "w": 109, 
                "h": 81
            }, 
            "sourceSize": {
                "h": 81, 
                "w": 109
            }, 
            "offset": {
                "y": 0, 
                "x": 0, 
                "w": 109, 
                "h": 81
            }
        }, 
        "g1048_clothes_red": {
            "frame": {
                "y": 256, 
                "x": 320, 
                "w": 64, 
                "h": 64
            }, 
            "sourceSize": {
                "h": 64, 
                "w": 64
            }, 
            "offset": {
                "y": 0, 
                "x": 0, 
                "w": 64, 
                "h": 64
            }
        }, 
        "look_ad": {
            "frame": {
                "y": 494, 
                "x": 109, 
                "w": 109, 
                "h": 81
            }, 
            "sourceSize": {
                "h": 81, 
                "w": 109
            }, 
            "offset": {
                "y": 0, 
                "x": 0, 
                "w": 109, 
                "h": 81
            }
        }, 
        "res_pri4_1": {
            "frame": {
                "y": 64, 
                "x": 448, 
                "w": 64, 
                "h": 64
            }, 
            "sourceSize": {
                "h": 64, 
                "w": 64
            }, 
            "offset": {
                "y": 0, 
                "x": 0, 
                "w": 64, 
                "h": 64
            }
        }, 
        "unlimite_water": {
            "frame": {
                "y": 413, 
                "x": 109, 
                "w": 109, 
                "h": 81
            }, 
            "sourceSize": {
                "h": 81, 
                "w": 109
            }, 
            "offset": {
                "y": 0, 
                "x": 0, 
                "w": 109, 
                "h": 81
            }
        }, 
        "g1048_helmet_red": {
            "frame": {
                "y": 0, 
                "x": 64, 
                "w": 64, 
                "h": 64
            }, 
            "sourceSize": {
                "h": 64, 
                "w": 64
            }, 
            "offset": {
                "y": 0, 
                "x": 0, 
                "w": 64, 
                "h": 64
            }
        }, 
        "expand_island": {
            "frame": {
                "y": 413, 
                "x": 218, 
                "w": 109, 
                "h": 81
            }, 
            "sourceSize": {
                "h": 81, 
                "w": 109
            }, 
            "offset": {
                "y": 0, 
                "x": 0, 
                "w": 109, 
                "h": 81
            }
        }, 
        "sword_black": {
            "frame": {
                "y": 320, 
                "x": 64, 
                "w": 99, 
                "h": 93
            }, 
            "sourceSize": {
                "h": 93, 
                "w": 99
            }, 
            "offset": {
                "y": 0, 
                "x": 0, 
                "w": 99, 
                "h": 93
            }
        }, 
        "build_pri3_2": {
            "frame": {
                "y": 192, 
                "x": 64, 
                "w": 64, 
                "h": 64
            }, 
            "sourceSize": {
                "h": 64, 
                "w": 64
            }, 
            "offset": {
                "y": 0, 
                "x": 0, 
                "w": 64, 
                "h": 64
            }
        }, 
        "g1048_clothes_purple": {
            "frame": {
                "y": 256, 
                "x": 256, 
                "w": 64, 
                "h": 64
            }, 
            "sourceSize": {
                "h": 64, 
                "w": 64
            }, 
            "offset": {
                "y": 0, 
                "x": 0, 
                "w": 64, 
                "h": 64
            }
        }, 
        "g1048_helmet_purple": {
            "frame": {
                "y": 192, 
                "x": 192, 
                "w": 64, 
                "h": 64
            }, 
            "sourceSize": {
                "h": 64, 
                "w": 64
            }, 
            "offset": {
                "y": 0, 
                "x": 0, 
                "w": 64, 
                "h": 64
            }
        }, 
        "product_2": {
            "frame": {
                "y": 64, 
                "x": 192, 
                "w": 64, 
                "h": 64
            }, 
            "sourceSize": {
                "h": 64, 
                "w": 64
            }, 
            "offset": {
                "y": 0, 
                "x": 0, 
                "w": 64, 
                "h": 64
            }
        }, 
        "collect_block": {
            "frame": {
                "y": 494, 
                "x": 218, 
                "w": 109, 
                "h": 81
            }, 
            "sourceSize": {
                "h": 81, 
                "w": 109
            }, 
            "offset": {
                "y": 0, 
                "x": 0, 
                "w": 109, 
                "h": 81
            }
        }, 
        "res_pri3_1": {
            "frame": {
                "y": 64, 
                "x": 384, 
                "w": 64, 
                "h": 64
            }, 
            "sourceSize": {
                "h": 64, 
                "w": 64
            }, 
            "offset": {
                "y": 0, 
                "x": 0, 
                "w": 64, 
                "h": 64
            }
        }, 
        "product_1": {
            "frame": {
                "y": 0, 
                "x": 192, 
                "w": 64, 
                "h": 64
            }, 
            "sourceSize": {
                "h": 64, 
                "w": 64
            }, 
            "offset": {
                "y": 0, 
                "x": 0, 
                "w": 64, 
                "h": 64
            }
        }, 
        "product_3": {
            "frame": {
                "y": 64, 
                "x": 320, 
                "w": 64, 
                "h": 64
            }, 
            "sourceSize": {
                "h": 64, 
                "w": 64
            }, 
            "offset": {
                "y": 0, 
                "x": 0, 
                "w": 64, 
                "h": 64
            }
        }, 
        "collect_tool": {
            "frame": {
                "y": 656, 
                "x": 0, 
                "w": 109, 
                "h": 81
            }, 
            "sourceSize": {
                "h": 81, 
                "w": 109
            }, 
            "offset": {
                "y": 0, 
                "x": 0, 
                "w": 109, 
                "h": 81
            }
        }, 
        "product_5": {
            "frame": {
                "y": 128, 
                "x": 256, 
                "w": 64, 
                "h": 64
            }, 
            "sourceSize": {
                "h": 64, 
                "w": 64
            }, 
            "offset": {
                "y": 0, 
                "x": 0, 
                "w": 64, 
                "h": 64
            }
        }, 
        "product_4": {
            "frame": {
                "y": 128, 
                "x": 128, 
                "w": 64, 
                "h": 64
            }, 
            "sourceSize": {
                "h": 64, 
                "w": 64
            }, 
            "offset": {
                "y": 0, 
                "x": 0, 
                "w": 64, 
                "h": 64
            }
        }, 
        "g1048_clothes_green": {
            "frame": {
                "y": 256, 
                "x": 384, 
                "w": 64, 
                "h": 64
            }, 
            "sourceSize": {
                "h": 64, 
                "w": 64
            }, 
            "offset": {
                "y": 0, 
                "x": 0, 
                "w": 64, 
                "h": 64
            }
        }, 
        "more_pri1": {
            "frame": {
                "y": 0, 
                "x": 256, 
                "w": 64, 
                "h": 64
            }, 
            "sourceSize": {
                "h": 64, 
                "w": 64
            }, 
            "offset": {
                "y": 0, 
                "x": 0, 
                "w": 64, 
                "h": 64
            }
        }, 
        "g1048_shoes_purple": {
            "frame": {
                "y": 128, 
                "x": 448, 
                "w": 64, 
                "h": 64
            }, 
            "sourceSize": {
                "h": 64, 
                "w": 64
            }, 
            "offset": {
                "y": 0, 
                "x": 0, 
                "w": 64, 
                "h": 64
            }
        }, 
        "g1048_pants_green": {
            "frame": {
                "y": 0, 
                "x": 384, 
                "w": 64, 
                "h": 64
            }, 
            "sourceSize": {
                "h": 64, 
                "w": 64
            }, 
            "offset": {
                "y": 0, 
                "x": 0, 
                "w": 64, 
                "h": 64
            }
        }, 
        "res_pri1_1": {
            "frame": {
                "y": 128, 
                "x": 192, 
                "w": 64, 
                "h": 64
            }, 
            "sourceSize": {
                "h": 64, 
                "w": 64
            }, 
            "offset": {
                "y": 0, 
                "x": 0, 
                "w": 64, 
                "h": 64
            }
        }, 
        "have_product": {
            "frame": {
                "y": 575, 
                "x": 218, 
                "w": 109, 
                "h": 81
            }, 
            "sourceSize": {
                "h": 81, 
                "w": 109
            }, 
            "offset": {
                "y": 0, 
                "x": 0, 
                "w": 109, 
                "h": 81
            }
        }, 
        "product_6": {
            "frame": {
                "y": 128, 
                "x": 384, 
                "w": 64, 
                "h": 64
            }, 
            "sourceSize": {
                "h": 64, 
                "w": 64
            }, 
            "offset": {
                "y": 0, 
                "x": 0, 
                "w": 64, 
                "h": 64
            }
        }, 
        "g1048_pants_red": {
            "frame": {
                "y": 64, 
                "x": 128, 
                "w": 64, 
                "h": 64
            }, 
            "sourceSize": {
                "h": 64, 
                "w": 64
            }, 
            "offset": {
                "y": 0, 
                "x": 0, 
                "w": 64, 
                "h": 64
            }
        }, 
        "res_pri1": {
            "frame": {
                "y": 128, 
                "x": 320, 
                "w": 64, 
                "h": 64
            }, 
            "sourceSize": {
                "h": 64, 
                "w": 64
            }, 
            "offset": {
                "y": 0, 
                "x": 0, 
                "w": 64, 
                "h": 64
            }
        }, 
        "crafting": {
            "frame": {
                "y": 575, 
                "x": 0, 
                "w": 109, 
                "h": 81
            }, 
            "sourceSize": {
                "h": 81, 
                "w": 109
            }, 
            "offset": {
                "y": 0, 
                "x": 0, 
                "w": 109, 
                "h": 81
            }
        }, 
        "res_pri3": {
            "frame": {
                "y": 64, 
                "x": 256, 
                "w": 64, 
                "h": 64
            }, 
            "sourceSize": {
                "h": 64, 
                "w": 64
            }, 
            "offset": {
                "y": 0, 
                "x": 0, 
                "w": 64, 
                "h": 64
            }
        }, 
        "res_pri4": {
            "frame": {
                "y": 128, 
                "x": 0, 
                "w": 64, 
                "h": 64
            }, 
            "sourceSize": {
                "h": 64, 
                "w": 64
            }, 
            "offset": {
                "y": 0, 
                "x": 0, 
                "w": 64, 
                "h": 64
            }
        }, 
        "build_pri1": {
            "frame": {
                "y": 256, 
                "x": 0, 
                "w": 64, 
                "h": 64
            }, 
            "sourceSize": {
                "h": 64, 
                "w": 64
            }, 
            "offset": {
                "y": 0, 
                "x": 0, 
                "w": 64, 
                "h": 64
            }
        }, 
        "build_pri2": {
            "frame": {
                "y": 192, 
                "x": 320, 
                "w": 64, 
                "h": 64
            }, 
            "sourceSize": {
                "h": 64, 
                "w": 64
            }, 
            "offset": {
                "y": 0, 
                "x": 0, 
                "w": 64, 
                "h": 64
            }
        }, 
        "build_pri3": {
            "frame": {
                "y": 192, 
                "x": 256, 
                "w": 64, 
                "h": 64
            }, 
            "sourceSize": {
                "h": 64, 
                "w": 64
            }, 
            "offset": {
                "y": 0, 
                "x": 0, 
                "w": 64, 
                "h": 64
            }
        }, 
        "item_pri_1": {
            "frame": {
                "y": 0, 
                "x": 0, 
                "w": 64, 
                "h": 64
            }, 
            "sourceSize": {
                "h": 64, 
                "w": 64
            }, 
            "offset": {
                "y": 0, 
                "x": 0, 
                "w": 64, 
                "h": 64
            }
        }, 
        "item_pri_2": {
            "frame": {
                "y": 0, 
                "x": 128, 
                "w": 64, 
                "h": 64
            }, 
            "sourceSize": {
                "h": 64, 
                "w": 64
            }, 
            "offset": {
                "y": 0, 
                "x": 0, 
                "w": 64, 
                "h": 64
            }
        }, 
        "g1048_pants_purple": {
            "frame": {
                "y": 64, 
                "x": 0, 
                "w": 64, 
                "h": 64
            }, 
            "sourceSize": {
                "h": 64, 
                "w": 64
            }, 
            "offset": {
                "y": 0, 
                "x": 0, 
                "w": 64, 
                "h": 64
            }
        }, 
        "g1048_shoes_green": {
            "frame": {
                "y": 64, 
                "x": 64, 
                "w": 64, 
                "h": 64
            }, 
            "sourceSize": {
                "h": 64, 
                "w": 64
            }, 
            "offset": {
                "y": 0, 
                "x": 0, 
                "w": 64, 
                "h": 64
            }
        }, 
        "g1048_helmet_green": {
            "frame": {
                "y": 256, 
                "x": 448, 
                "w": 64, 
                "h": 64
            }, 
            "sourceSize": {
                "h": 64, 
                "w": 64
            }, 
            "offset": {
                "y": 0, 
                "x": 0, 
                "w": 64, 
                "h": 64
            }
        }, 
        "collect_armor": {
            "frame": {
                "y": 494, 
                "x": 327, 
                "w": 109, 
                "h": 81
            }, 
            "sourceSize": {
                "h": 81, 
                "w": 109
            }, 
            "offset": {
                "y": 0, 
                "x": 0, 
                "w": 109, 
                "h": 81
            }
        }, 
        "kill_monster": {
            "frame": {
                "y": 575, 
                "x": 109, 
                "w": 109, 
                "h": 81
            }, 
            "sourceSize": {
                "h": 81, 
                "w": 109
            }, 
            "offset": {
                "y": 0, 
                "x": 0, 
                "w": 109, 
                "h": 81
            }
        }, 
        "100m_pri1": {
            "frame": {
                "y": 192, 
                "x": 384, 
                "w": 64, 
                "h": 64
            }, 
            "sourceSize": {
                "h": 64, 
                "w": 64
            }, 
            "offset": {
                "y": 0, 
                "x": 0, 
                "w": 64, 
                "h": 64
            }
        }
    }, 
    "meta": {
        "scale": "1", 
        "format": "RGBA8888", 
        "app": "https://www.codeandweb.com/texturepacker", 
        "version": "1.0", 
        "type": "frame", 
        "image": "task_and_shop.png", 
        "size": {
            "h": 1024, 
            "w": 512
        }
    }
}